"conversation_id_str","created_at","favorite_count","full_text","id_str","image_url","in_reply_to_screen_name","lang","location","quote_count","reply_count","retweet_count","tweet_url","user_id_str","username"
"2052709443662741829","2026-05-08T11:17:23.000Z","0","͏

͏

͏

͏

͏

͏

͏

͏

͏

͏

͏

͏

͏

͏

͏

͏

͏

͏

͏

͏

͏

͏

͏

͏

͏

͏

͏

͏

͏

͏

͏

͏

͏

͏

͏

͏

͏

͏

͏

͏

͏

͏

͏

͏

͏

͏

͏

͏

͏

͏

͏

͏

͏

͏

͏

͏

͏

͏͏

͏

͏

͏

͏

͏

͏

͏

͏

͏

͏

͏

͏

͏

͏

͏

͏

͏

͏

͏

͏

͏

͏

͏

͏

Pembersihan tl","2052709443662741829","","","und","","0","0","16","https://x.com/___Dwi/status/2052709443662741829","854135521","___Dwi"
"2051838917889151461","2026-05-06T01:38:14.000Z","1","Kebakaran melanda sebuah coffee shop, Suar coffee, di Jalan Kuini, Kecamatan Marpoyan Damai, Selasa (5/5/2025) sekitar pukul 21.50 WIB.

Sebanyak lima unit mobil pemadam dikerahkan Dinas Pemadam Kebakaran dan Penyelamatan (DPKP) Kota Pekanbaru.

#infoPKU https://t.co/ZTSJb3m4PH","2051838917889151461","https://pbs.twimg.com/ext_tw_video_thumb/2051838882908663808/pu/img/sBtH30D6aMKAEV52.jpg","","in","","0","1","2","https://x.com/infoPKU/status/2051838917889151461","168590064","infoPKU"
"2053538078862823679","2026-05-11T06:19:02.000Z","0","Sebanyak 7 mobil pemadam kebakaran dikerahkan.

Beruntung, kebakaran tidak sampai merembet ke bangunan di sebelah kiri dan kanan lokasi kejadian. 

Tidak ada korban jiwa maupun korban luka dalam peristiwa tersebut. Untuk penyebab kebakaran masih dalam penyelidikan pihak terkait.","2053721525677932750","","infoPKU","in","","0","0","0","https://x.com/infoPKU/status/2053721525677932750","168590064","infoPKU"
"2044247705653035228","2026-04-15T02:53:27.000Z","2","09.51 Anggota Sat Lantas Jakarta Timur dibantu Petugas Pemadam Kebakaran melakukan penyemprotan / pembersihan tumpahan solar di tikungan dari Jl. MT. Haryono Cawang mengarah Jl. DI. Panjaitan Cipinang Cempedak.
Diimbau kepada masyarakat pengguna jalan untuk berhati-hati saat https://t.co/IMyBZjw5eT","2044247705653035228","https://pbs.twimg.com/media/HF6gR6ZasAI5bqb.jpg","","in","","0","0","0","https://x.com/TMCPoldaMetro/status/2044247705653035228","76647722","TMCPoldaMetro"
"2044999852271255863","2026-04-17T04:42:13.000Z","5","11.40 Terjadi Kebakaran Hunian di Asrama Polri Kalideres Jakarta Barat, saat ini sedang penanganan oleh Petugas Dinas Pemadam Kebakaran, Anggota Satlantas Jakarta Barat melakukan pengamanan maupun pengaturan lalu lintas guna mencegah kepadatan arus lalu lintas sehingga tidak https://t.co/bj4MW900GK","2044999852271255863","https://pbs.twimg.com/media/HGFL_T8aUAAItVc.jpg","","in","","0","1","1","https://x.com/TMCPoldaMetro/status/2044999852271255863","76647722","TMCPoldaMetro"
"2046198492021112971","2026-04-20T12:05:11.000Z","28","Baru saja terjadi kebakaran di Wonocatur RW 25 timur ringroad pukul 18.45. Listrik padam dan saat ini masih menunggu datangnya armada pemadam kebakaran.

( alfarizhaidar ) https://t.co/CF5ogSmrxo","2046198492021112971","https://pbs.twimg.com/amplify_video_thumb/2046198432029974528/img/mM99kpAmYri8dxE3.jpg","","in","","1","5","4","https://x.com/merapi_uncover/status/2046198492021112971","1279804428724211712","merapi_uncover"
"2049831089586516117","2026-04-30T12:39:50.000Z","2","Operasi pemadaman kebakaran apartemen di Jalan Letjen S. Parman, Tanjung Duren Selatan, Grogol Petamburan, Jakarta Barat dilaksanakan mulai pukul 07.40 WIB hingga 14.50 WIB. 

#KebakaranApartemen #KebakaranGropet #PemadamJakarta #JagaJakarta- @dkijakarta https://t.co/xrWrLdmIfD","2049831089586516117","https://pbs.twimg.com/media/HHJ2dNJbsAAgTcu.jpg","","in","","0","1","1","https://x.com/humasjakfire/status/2049831089586516117","555862521","humasjakfire"
"2053691151841190062","2026-05-11T04:22:02.000Z","0","Apel pagi hari ini dipimpin oleh Kepala Satuan Polisi Pamong Praja dan Pemadam Kebakaran Kabupaten Cianjur, Bapak Djoko Purnomo, S.STP, https://t.co/i2pKndzcyo dengan beberapa informasi yang disampaikan.","2053692082792136977","","stpolpp_dmkrcjr","in","","0","0","0","https://x.com/stpolpp_dmkrcjr/status/2053692082792136977","1745688053296123905","stpolpp_dmkrcjr"
"2052624290936496573","2026-05-08T05:39:01.000Z","5","Kebakaran terjadi di salah satu rumah di Tanjung Barat, Jakarta Selatan pada Jumat (8/5) pagi. Anggota BPK RI, Haerul Saleh, menjadi korban dalam kejadian tersebut.  Dari keterangan petugas pemadam kebakaran, api diduga berasal dari sisa-sisa tiner bekas renovasi rumah. https://t.co/QJF7vh7pGV","2052624290936496573","https://pbs.twimg.com/amplify_video_thumb/2052624156274180096/img/-OIaYsd4DwfC1IgT.jpg","","in","","0","2","0","https://x.com/DiskursusNet/status/2052624290936496573","1431093872835235843","DiskursusNet"
"2052633980323987723","2026-05-08T06:17:31.000Z","3","13.00 Telah terjadi kebakaran sebuah restoran soto lejit yang berlokasi di Jl. Batu Tulis Raya No.48E, RT.3/RW.2, Kb. Klp., Kecamatan Gambir, Kota Jakarta Pusat, saat ini Api berhasil di padamkan oleh Petugas Damkar. https://t.co/77sgIhYvkJ","2052633980323987723","https://pbs.twimg.com/media/HHxroIWb0AAN_CH.jpg","","in","","0","0","0","https://x.com/TMCPoldaMetro/status/2052633980323987723","76647722","TMCPoldaMetro"
"2051364380630261948","2026-05-04T18:12:35.000Z","1","Kebakaran Gedung Metro Sport Center Semarang, Damkar Evakuasi 2 Orang yang Sempat Terjebak https://t.co/YFYAegHyuV","2051364380630261948","","","in","","0","0","0","https://x.com/KompasTV/status/2051364380630261948","71436318","KompasTV"
"2051239058584821828","2026-05-04T09:54:36.000Z","1","BMKG: Peringatan Dini Curah Hujan Tinggi 1-10 Mei 2026, Sejumlah Wilayah Masuk Kategori Siaga https://t.co/obeCNrBljL","2051239058584821828","","","in","","0","0","0","https://x.com/KompasTV/status/2051239058584821828","71436318","KompasTV"
"2051166881369989405","2026-05-04T05:07:48.000Z","2","Kabag Logistik Polres Belitung Timur AKP Abdul Haris menghadiri kegiatan penutupan rangkaian Hari Ulang Tahun (HUT) Pemadam Kebakaran (Damkar), Satuan Polisi Pamong Praja (Satpol PP), dan Satuan Perlindungan Masyarakat (Satlinmas) yang digelar di kawasan Situ Kolong Minyak, https://t.co/jtUc9DE4j9","2051166881369989405","https://pbs.twimg.com/media/HHc1ZuPbUAAk7XY.jpg","","in","","0","1","0","https://x.com/polres_beltim/status/2051166881369989405","1178865617731903488","polres_beltim"
"2047500378225455593","2026-04-24T02:18:25.000Z","1","Yonif 413 Kostrad Gelar Pelatihan Pemadam Kebakaran Bersama Damkar Sukoharjo https://t.co/1Tzb9C1UPx","2047500378225455593","https://pbs.twimg.com/media/HGouvJTakAAf1Tc.jpg","","in","","0","0","0","https://x.com/Cakra_Kostrad/status/2047500378225455593","702207679","Cakra_Kostrad"
"2049713179438317575","2026-04-30T04:51:18.000Z","4","Terjadi kebakaran di sebuah apartemen yang berlokasi di Jalan Letjen S. Parman, Tanjung Duren Selatan, Grogol Petamburan, Jakarta Barat.

#KebakaranApartemen #KebakaranGropet #PemadamJakarta #JagaJakarta- @dkijakarta https://t.co/UmHuPqILl9","2049713179438317575","https://pbs.twimg.com/amplify_video_thumb/2049713090460270592/img/bB4Rotrkbzntkh3W.jpg","","in","","0","1","3","https://x.com/humasjakfire/status/2049713179438317575","555862521","humasjakfire"
"2049105416379093044","2026-04-28T12:36:16.000Z","4","Sobat Pemadam, membakar sampah tidak boleh dilakukan sembarangan, karena selain mencemari lingkungan, juga berisiko memicu kebakaran.

#BakarSampah #PemadamJakarta #JagaJakarta #JAKI - @dkijakarta https://t.co/zgESny1xBS","2049105416379093044","https://pbs.twimg.com/media/HG_ieA_aEAAUD6S.jpg","","in","","0","1","2","https://x.com/humasjakfire/status/2049105416379093044","555862521","humasjakfire"
"2052648638040674570","2026-05-08T07:15:46.000Z","0","Menko Polkam Minta Daerah Waspadai Karhutla Jelang Kemarau 2026 ~RS

Baca di sini: https://t.co/QPDZpsJbtq","2052648638040674570","","","in","","0","0","0","https://x.com/kompascom/status/2052648638040674570","23343960","kompascom"
"2051562390987374672","2026-05-05T09:31:54.000Z","90","@Xbacottetangga beruntung beliau nya seorang damkar, coba dia anggota sanusi...","2051595735054115042","","Xbacottetangga","in","","1","2","0","https://x.com/kirapras/status/2051595735054115042","1988509516619804675","kirapras"
"2051966890231447745","2026-05-06T10:06:44.000Z","0","Pernah ngebayangin dr. Gia dan dr. Tirta jadi petugas pemadam kebakaran?
Gaya boleh berbeda, tapi tujuannya sama yaitu untuk melayani dan menjaga warga tetap aman.

#drGiadrTirta #PemadamJakarta #JagaJakarta #JAKI - @dkijakarta https://t.co/r4OGqlGBcx","2051966890231447745","https://pbs.twimg.com/media/HHoNAYoa0AEPHKy.jpg","","in","","0","0","1","https://x.com/humasjakfire/status/2051966890231447745","555862521","humasjakfire"
"2053039501942141213","2026-05-09T09:08:55.000Z","389","pekerjaan yg ga ada hatersnya

✨DAMKAR✨","2053039501942141213","","","in","","9","131","21","https://x.com/unmagnetism/status/2053039501942141213","843269533930405888","unmagnetism"
"2045055383832781286","2026-04-17T08:22:53.000Z","16","izin melaporkan minn, ada mobil tukang tahu bulat terbakar tkp di jl. kenari pukul 14:30wib sudah terkondisikan oleh petugas pemadam kebakaran, terimakasih pada pihak yang sudah membantu juga kepada petugas keamanan smkn 5 yogyakarta yang berkenan menggunakan apar guna membantu https://t.co/5iOfOkwwiJ","2045055383832781286","https://pbs.twimg.com/amplify_video_thumb/2045055319890616320/img/nt7yr60K4roVCduy.jpg","","in","","0","0","0","https://x.com/merapi_uncover/status/2045055383832781286","1279804428724211712","merapi_uncover"
"2048768516824891731","2026-04-27T14:17:33.000Z","0","Dinas Pemadam Pemadam Kebakaran dan Penyelamatan (DPKP) Kota Pekanbaru mengimbau masyarakat mewaspadai ancaman kebakaran di pemukiman maupun gedung perkantoran. 

Apalagi jumlah kebakaran di Kota Pekanbaru selama hampir empat bulan ini mencapai puluhan kejadian.

#infoPKU https://t.co/UbSEHgELzQ","2048768516824891731","https://pbs.twimg.com/media/HG6wG5LagAA8h1y.jpg","","in","","0","1","1","https://x.com/infoPKU/status/2048768516824891731","168590064","infoPKU"
"2052263262209909053","2026-05-07T05:44:25.000Z","10","Sebuah video CCTV merekam kejadian seorang pemotor terjatuh saat berhenti di lampu merah Alun-Alun Kota Wonosari. Pemotor tersebut diketahui seorang petugas pemadam kebakaran. https://t.co/uPEwAPyobm","2052263262209909053","https://pbs.twimg.com/ext_tw_video_thumb/2052263230903640064/pu/img/hH3GmpzfMJ61Ptb8.jpg","","in","","0","3","2","https://x.com/Netizen_bawel/status/2052263262209909053","1586670790065655808","Netizen_bawel"
"2051466332533895308","2026-05-05T00:57:42.000Z","13","Selamat Hari Pemadam Kebakaran Sedunia

@DivHumas_Polri
@Spripim_Polri
@HumasPoldaJatim

#PolriUntukMasyarakat
#PresisiUntukIndonesia
#HumanisTegakkanHukum
#JogoJatim
#PolresBojonegoro
#poldajatim https://t.co/UEGb1N2jE9","2051466332533895308","https://pbs.twimg.com/media/HHhFwecbwAAHAiv.jpg","","in","","0","9","1","https://x.com/PIDM_Bojonegoro/status/2051466332533895308","1460426424699932673","PIDM_Bojonegoro"
"2052065651800551596","2026-05-06T16:39:11.000Z","4","Malam ini , sekitar pukul 22.30 WIB, sebuah pabrik oli di Jalan Kamal Lama, Kamal Muara, Jakarta terbakar hebat.

Saat ini tim pemadam kebakaran sedang berupaya memadamkan api.
Semoga cepat terkendali dan tidak ada korban jiwa 🙏

#kebakaran #kebakaranjakarta #jakartaupdate https://t.co/tY3JVXi39o","2052065651800551596","https://pbs.twimg.com/amplify_video_thumb/2052065551066005505/img/U1B7qgwgy5nk0E6Y.jpg","","in","","0","0","0","https://x.com/Med_Vora/status/2052065651800551596","2038590111051288576","Med_Vora"
"2052191749595091118","2026-05-07T01:00:15.000Z","24","Viral di media sosial, petugas damkar di Yogyakarta pingsan diduga akibat serangan jantung usai bertugas selama 24 jam penuh. Peristiwa ini memicu perhatian publik soal beban kerja para petugas layanan darurat.

Simak berita selengkapnya di https://t.co/KR6X4XLy2C, BeritaSatu TV, https://t.co/QECh46vVLs","2052191749595091118","https://pbs.twimg.com/amplify_video_thumb/2052191695182462976/img/19lxUigIerzvBO_-.jpg","","in","","0","4","10","https://x.com/Beritasatu/status/2052191749595091118","154102750","Beritasatu"
"2049677046226510043","2026-04-30T02:27:43.000Z","134","Petugas Pemadam #Kebakaran mengarahkan warga untuk mengevakuasi penghuni apartemen tower c apartemen Mediterania tanjung duren - Jakarta Barat, 

🎥 ims.siregar https://t.co/Y39MnMKkY7","2049677046226510043","https://pbs.twimg.com/amplify_video_thumb/2049676995223838721/img/8so2AWs-6HWFqaV9.jpg","","in","","11","0","33","https://x.com/SonoraFM92/status/2049677046226510043","180696019","SonoraFM92"
"2053292088062861359","2026-05-10T10:58:43.000Z","0","@zchuett sakit bun pake selang damkar","2053429520242495968","","zchuett","in","","0","1","0","https://x.com/phuw1ntan9/status/2053429520242495968","1665695718789758978","phuw1ntan9"
"2052647406395957630","2026-05-08T07:10:52.000Z","59","Tingkatkan Respons Darurat, Pangdam XIV /Hsn Tinjau Pelatihan Operator Damkar

#tniad
#tniprima
#bekerjaikhlas
#kodamhasanuddin
#TNIbersamarakyat https://t.co/plS4JKzW4i","2052647406395957630","https://pbs.twimg.com/ext_tw_video_thumb/2052647280357068800/pu/img/tl16rLbu8O-BBu7P.jpg","","in","","0","16","4","https://x.com/kodamhasanuddin/status/2052647406395957630","712484599591350272","kodamhasanuddin"
"2049710334001533428","2026-04-30T04:40:00.000Z","0","Kebakaran terjadi di Apartemen Mediterania Garden Residences 2, Tanjung Duren, Jakarta Barat, pada pagi hari ini, Kamis, 30 April 2026. Tim pemadam kebakaran sendiri sudah turun tangan menangani peristiwa ini.

 https://t.co/jId1x1eN33","2049710334001533428","","","in","","0","0","0","https://x.com/indozonemedia/status/2049710334001533428","350668803","indozonemedia"
"2052946124382883977","2026-05-09T02:57:52.000Z","0","Peringatan Dini Tiga Harian Wilayah Ciayumajakuning dan Sumedang (09 - 11 Mei 2026) https://t.co/wNp3IjcSaM","2052946124382883977","https://pbs.twimg.com/media/HH2HfgmbgAA7GAd.jpg","","in","","0","0","0","https://x.com/bmkgkertajati/status/2052946124382883977","987893905","bmkgkertajati"
"2051839307623932077","2026-05-06T10:31:18.000Z","2","@Nocliping_ @kol5_story Afpi isinya petinggi panjul, ojeka jg miara panjul
Gak bakal diladenin
Itu kasus damkar, klo gak rame jg gak diputus kontrak tuh si dece/epce nya","2051973070550966732","","Nocliping_","in","","0","0","0","https://x.com/anantavartula/status/2051973070550966732","1673004493217366017","anantavartula"
"2050403968136933752","2026-05-06T04:27:48.000Z","0","️️ 

️️ ️️ ️️ ️️ 𝙸𝙽𝚃𝙴𝚁𝙼𝙴𝚂𝙾
️️ ️️ ️️ ️️ 𝗦𝗔𝗡𝗗𝗜𝗪𝗔𝗥𝗔
️️ ️️ ️️ ️️ 𝘽𝙀𝙍𝙉𝙔𝘼𝙒𝘼

️️","2051881592617156622","","djelmaan","in","","0","0","0","https://x.com/djelmaan/status/2051881592617156622","2656850630","djelmaan"
"2052311535616438446","2026-05-07T08:56:14.000Z","1","PAM KIRAB BUDAYA MILANGKALA TATAR SUNDA 2026.

Full Video on YouTube :
https://t.co/zoYImJb3dy

@ditpolpp_linmas 
@satpolppjabar 
@pemkabcjr","2052311535616438446","","","in","","0","0","0","https://x.com/stpolpp_dmkrcjr/status/2052311535616438446","1745688053296123905","stpolpp_dmkrcjr"
"2051090836306473006","2026-05-04T00:05:37.000Z","1","Detik-Detik Damkar Evakuasi 8 Penumpang dari Kapal Rusak di Tengah Laut Perairan Kepulauan Seribu https://t.co/GKmvvYubDY","2051090836306473006","","","in","","0","0","0","https://x.com/KompasTV/status/2051090836306473006","71436318","KompasTV"
"2050214074114626048","2026-05-01T14:01:41.000Z","1","Dalam rangka kegiatan ulang tahun Pemadam Kebakaran Indonesia, Bayu Meghantara, Kepala Dinas Gulkarmat Provinsi DKI Jakarta turut menghadiri final National Firefighter Skill Competition (NFSC) di Kota Palembang, Sumatera Selatan. https://t.co/eamswEaLJG","2050214074114626048","https://pbs.twimg.com/amplify_video_thumb/2050213731079241728/img/IwuIGhZIDfGN-fhc.jpg","","in","","0","1","1","https://x.com/humasjakfire/status/2050214074114626048","555862521","humasjakfire"
"2046224432814035142","2026-04-20T13:48:16.000Z","3","Gedung D Ditjen Bina Pemerintahan Desa Kemendagri di Pasar Minggu Kebakaran Kebakaran melanda Gedung D Ditjen Bina Pemdes Kemendagri di Pasar Minggu, Jakarta Selatan. Sebanyak 10 unit mobil pemadam kebakaran dikerahkan memadamkan api. Kepala Pusat… https://t.co/As3Ww6FOGL https://t.co/Hjnb01ymW5","2046224432814035142","https://pbs.twimg.com/ext_tw_video_thumb/2046224176646930432/pu/img/0gFDWmrYbndR2ZKh.jpg","","in","","0","0","1","https://x.com/Bisniscom/status/2046224432814035142","118646322","Bisniscom"
"2053678356575698998","2026-05-11T03:27:30.000Z","1","Hai, lagi butuh responden utk kuisioner tentang pemadam kebakaran. 

Gak ada kriteria buat respondennya. 

Yang mau barter di komentar ya
terimakasih
https://t.co/ZtHA3ILVIU","2053678356575698998","","","in","","0","0","0","https://x.com/dpxqrt/status/2053678356575698998","1477485262066253824","dpxqrt"
"2052235167792865537","2026-05-07T03:52:47.000Z","0","Wali Kota I Gusti Ngurah Jaya Negara memimpin apel peringatan Hari Ulang Tahun (HUT) ke-76 Satuan Polisi Pamong Praja (Satpol PP), HUT ke-64 Satuan Perlindungan Masyarakat (Satlinmas), dan HUT ke-107 Pemadam Kebakaran (Damkar) 
 https://t.co/HPSquhAXO5","2052235167792865537","","","in","","0","0","0","https://x.com/nusabalicom/status/2052235167792865537","2655442453","nusabalicom"
"2053691151841190062","2026-05-11T04:21:56.000Z","0","Satuan Polisi Pamong Praja dan Pemadam Kebakaran Masyarakat Kabupaten Cianjur melaksanakan Apel Pagi dan Rereongan Sapoe Sarebu di Kantor Satuan Polisi Pamong Praja dan Pemadam Kebakaran Kabupaten Cianjur pada Senin (11/05/2026).","2053692054270796204","","stpolpp_dmkrcjr","in","","0","0","0","https://x.com/stpolpp_dmkrcjr/status/2053692054270796204","1745688053296123905","stpolpp_dmkrcjr"
"2052691937292165442","2026-05-08T10:07:49.000Z","1","Kepala Seksi Operasi Kebakaran Dinas Gulkarmat Provinsi DKI Jakarta, Agus Wijaya, S.H., M.M., menjadi salah satu pembicara dalam acara DOBRAKTALKS: Fast Isn’t Enough – Winning a World That Never Stops Changing.

#DOBRAKTalks #PemadamJakarta #JagaJakarta #JS112 - @dkijakarta https://t.co/J9JFMeUkFL","2052691937292165442","https://pbs.twimg.com/media/HHygbusbkAAzrwl.jpg","","in","","0","1","2","https://x.com/humasjakfire/status/2052691937292165442","555862521","humasjakfire"
"2050105656515186912","2026-05-01T06:50:52.000Z","1","Tingkatkan Kesiapsiagaan, Prajurit Yonif 503 Kostrad Ikuti Sosialisasi Pemadam Kebakaran https://t.co/0r1UOvnyN6","2050105656515186912","https://pbs.twimg.com/media/HHNwN35awAAuDlr.jpg","","in","","0","0","0","https://x.com/Cakra_Kostrad/status/2050105656515186912","702207679","Cakra_Kostrad"
"2044000601412165837","2026-04-14T10:31:33.000Z","7","Polres Metro Jakarta Pusat Tangkap Pelaku Curas terhadap Anggota Damkar

Jakarta – Tim gabungan Satreskrim Polres Metro Jakarta Pusat berhasil mengamankan sejumlah pelaku pencurian dengan kekerasan (curas) yang menimpa seorang anggota pemadam kebakaran dan sempat viral di media https://t.co/VgfLv5HPL5","2044000601412165837","https://pbs.twimg.com/media/HF3AkZba8AAjzW3.jpg","","in","","0","1","3","https://x.com/JakartaForum/status/2044000601412165837","290358520","JakartaForum"
"2048776682820235497","2026-04-27T14:50:00.000Z","3","Dinas Pemadam Kebakaran Kota Semarang memastikan proses hukum tetap berjalan terhadap debt collector pinjsmsn online (DC pinjol) bernama Bonefentura Soa yang membuat laporan palsu kebakaran.

""Tidak kami cabut (laporannya),"" kata Sekretaris Damkar Semarang, Ade Bhakti, kepada https://t.co/fh7blySSCt","2048776682820235497","https://pbs.twimg.com/media/HG6oDaabgAAAh7K.jpg","","in","","0","0","2","https://x.com/akuratco/status/2048776682820235497","786549338818224128","akuratco"
"2051646369967096166","2026-05-05T12:53:07.000Z","4","Kemaren wamenaker nyuruh anak muda ciptain lapangan kerja, sekarang presiden minta kampus beresin masalah sampah sama lingkungan. Universitas itu harusnya jadi pusat riset dan inovasi, bukan jadi damkar buat birokrasi pemda yang anggarannya ada tapi gak becus ngeksekusinya","2051646369967096166","","","in","","0","0","0","https://x.com/GodDamnsUs/status/2051646369967096166","1999867780724920321","GodDamnsUs"
"2053296065424896322","2026-05-10T07:09:03.000Z","1","@_BangFu Suruh diem d rumah 5 jam dlm seminggu ..itungan baget jd orang. 

Atau ikutan jalan kaki /naik sepeda .drpd ngedumel  tensi. Asam lambung

Btw kalo ada sikon emergency msh bisa kok jalur busway tembus 
misal utk ambulans  pemadam kebakaran bs lewat","2053371725354832269","","_BangFu","in","","0","0","0","https://x.com/mas_T4keda/status/2053371725354832269","1901105102574039040","mas_T4keda"
"2053069234058784866","2026-05-10T16:38:28.000Z","0","@ImminentAdi @sibambaang 🤣🤣🤣🤣  eleeeh lu sambil cari tau juga kannn...wkwkwkw 🤣🤣🤣 jadii guru yang berkualitas, bersertifikasi  menerima penghasilan diatas rata2 pegawai lain seperti penyuluh pertanian, bahkan petugas  damkar.  Klo belum, artinya dia junior, belum pengalaman. Masa mau diratakan 🤣","2053515021750305063","","ImminentAdi","in","","0","1","0","https://x.com/rommybrother/status/2053515021750305063","2308405375","rommybrother"
"2042252985825452318","2026-04-09T14:47:09.000Z","0","Kantor Pemadam Kebakaran (Damkar) Kabupaten Lamongan di Jalan Mastrip, Kelurahan Sukomulyo, Kecamatan Lamongan, disatroni maling. Sejumlah barang milik petugas, seperti handphone dan tas berisi dokumen penting, raib digondol pelaku.

https://t.co/anRh5bbGya","2042252985825452318","","","in","","0","0","0","https://x.com/kabarbaikdotco/status/2042252985825452318","1686593862897426433","kabarbaikdotco"
"2051318467366916468","2026-05-04T15:10:08.000Z","12","Breaking news Metro sport center peterongan terbakar, masih ada yang terjebak di atas. 

Informasi masuk lokasi metro sport center terbakar, menurut informasi masyarakat sekitar dugaan awal terjadi konsleting listrik, 4 sektor pemadam kebakaran + 1 rescue di luncurkan ke lokasi https://t.co/1VVSYs3kOt","2051318467366916468","https://pbs.twimg.com/ext_tw_video_thumb/2051318442066841600/pu/img/zgyMVKyI6r_Y9SOl.jpg","","in","","1","1","8","https://x.com/Jateng_Twit/status/2051318467366916468","785145642","Jateng_Twit"
"2046894996209783177","2026-04-22T10:12:51.000Z","8","Armada Damkar Terperosok ke Saluran Irigasi Saat Menuju Lokasi Kebakaran di Mulyodadi

Bantul, 17:05 WIB - Sebuah mobil pemadam kebakaran (Damkar) dilaporkan terperosok ke dalam saluran irigasi saat dalam perjalanan menuju lokasi kebakaran. Insiden tersebut terjadi di kawasan https://t.co/udevokEtE1","2046894996209783177","https://pbs.twimg.com/media/HGgIJUIbEAA60Bj.jpg","","in","","1","0","3","https://x.com/merapi_uncover/status/2046894996209783177","1279804428724211712","merapi_uncover"
"2051712885114757384","2026-05-05T17:17:25.000Z","4","Personel Pomdam IV/Dip Melaksanakan Pelatihan Pemadam kebakaran dan Pengoperasian Unit Water Tank Bersama dari Pemadam Kebakaran Kota Semarang https://t.co/0H9OIiYIdI","2051712885114757384","https://pbs.twimg.com/media/HHkl-0lbQAAX3B4.jpg","","in","","0","0","0","https://x.com/puspom_tni_ad/status/2051712885114757384","1265534748560166914","puspom_tni_ad"
"2053119914362454093","2026-05-10T10:13:48.000Z","0","@blueming_day Ini ya harus nya damkar harus ready selalu didepan istana😭","2053418218723962906","","blueming_day","in","","0","1","0","https://x.com/lilterbalik/status/2053418218723962906","1906901450015551488","lilterbalik"
"2047223506757472260","2026-04-23T07:58:14.000Z","11","Mobil pemadam kebakaran milik BPBD Kabupaten Bantul terperosok ke sawah saat hendak menuju lokasi kebakaran di Jalan Paker-Sidomulyo, Mulyodadi, Bambanglipuro, Bantul, Rabu (22/4) sore.

Kasi Humas Polres Bantul, Rita Hidayanto, mengatakan damkar melaju dari arah timur ke barat https://t.co/cCMymEmE3g","2047223506757472260","https://pbs.twimg.com/amplify_video_thumb/2047215843684282368/img/FcYZPgZLlJqZT-xJ.jpg","","in","","0","0","4","https://x.com/kumparan/status/2047223506757472260","759692754985242625","kumparan"
"2045134971279696237","2026-04-17T13:39:08.000Z","1","Ketika sarang tawon ditemukan di dalam telinga patung Liu Zongyuan di Liuzhou, Guangxi, China selatan, petugas pemadam kebakaran (damkar) menggunakan drone untuk melakukan ""pembersihan telinga"" berteknologi canggih pada patung penyair China kuno tersebut https://t.co/frpaDszLl7","2045134971279696237","https://pbs.twimg.com/amplify_video_thumb/2045134866774405121/img/pTIa2k7eMXLvs_aa.jpg","","in","","0","0","0","https://x.com/XHIndonesia/status/2045134971279696237","3271146871","XHIndonesia"
"2051961596478697792","2026-05-06T09:45:42.000Z","1","𝗗𝗲𝘁𝗶𝗸-𝗗𝗲𝘁𝗶𝗸 𝗣𝗲𝗿𝘀𝗼𝗻𝗲𝗹 𝗗𝗮𝗺𝗸𝗮𝗿 𝗣𝗶𝗻𝗴𝘀𝗮𝗻 𝗱𝗮𝗻 𝗝𝗮𝘁𝘂𝗵 𝗱𝗮𝗿𝗶 𝗠𝗼𝘁𝗼𝗿 𝗱𝗶 𝗚𝘂𝗻𝘂𝗻𝗴𝗸𝗶𝗱𝘂𝗹

Seorang pemotor yang merupakan anggota Damkarmat Gunungkidul, Rudi Indratna (56), dilaporkan pingsan saat berhenti di simpang empat DPRD https://t.co/poUwVOIK6X","2051961596478697792","https://pbs.twimg.com/amplify_video_thumb/2051961415406366720/img/wtiCHBPsoqdDvV47.jpg","","in","","0","0","0","https://x.com/garudatvnews/status/2051961596478697792","502140136","garudatvnews"
"2051490013284884737","2026-05-05T02:31:48.000Z","0","Peringatan Dini Tiga Harian Wilayah Ciayumajakuning dan Sumedang (04 - 06 Mei 2026) https://t.co/3uLOgGGNws","2051490013284884737","https://pbs.twimg.com/media/HHhbSAubwAAmYHV.jpg","","in","","0","0","0","https://x.com/bmkgkertajati/status/2051490013284884737","987893905","bmkgkertajati"
"2052207031604715904","2026-05-07T02:00:59.000Z","1","Peringatan Dini Tiga Harian Wilayah Ciayumajakuning dan Sumedang (07 - 09 Mei 2026) https://t.co/jZvteJnFqO","2052207031604715904","https://pbs.twimg.com/media/HHrnaGuacAAq7h3.jpg","","in","","0","0","0","https://x.com/bmkgkertajati/status/2052207031604715904","987893905","bmkgkertajati"
"2052006906424963194","2026-05-06T12:45:45.000Z","0","͏

͏

͏

͏

͏

͏

͏

͏

͏

͏

͏

͏

͏

͏

͏

͏

͏

͏

͏

͏

͏

͏

͏

͏

͏

͏

͏

͏

͏

͏

͏

͏

͏

͏

͏

͏

͏

͏

͏

͏

͏

͏

͏

͏

͏

͏

͏

͏

͏

͏

͏

͏

͏

͏

͏

͏

͏͏

͏

͏

͏

͏

͏

͏

͏

͏

͏

͏

͏

͏

͏

͏

͏

͏

͏

͏

͏

͏

͏

͏

͏

͏

Pembersihan tl 🍀 https://t.co/3XNBbNTrS0","2052006906424963194","https://pbs.twimg.com/media/HHoxZfzbwAASbBp.jpg","","und","","0","0","0","https://x.com/room18ode/status/2052006906424963194","102240386","room18ode"
"2047559951196082683","2026-04-24T06:15:08.000Z","40","Sebuah mobil di Depok kejeblos ke septic tank sedalam 3 meter. Pemadam Kebakaran butuh 12 jam untuk mengevakuasi mobil dari lubang tersebut.

&gt;&gt; https://t.co/P8V7WIr3In https://t.co/NwKVno9lb3","2047559951196082683","https://pbs.twimg.com/amplify_video_thumb/2047559662053232640/img/KI87EOTWizstCY3Q.jpg","","in","","1","6","10","https://x.com/detikcom/status/2047559951196082683","69183155","detikcom"
"2044317542945304638","2026-04-15T07:30:58.000Z","3","Terjadi kebakaran sebuah gudang ban di Jalan Dipati Unus, Kec. Cibodas, Kota Tangerang, Rabu (15/4) pukul 13:30 WIB. Saat ini petugas pemadam kebakaran masih berusaha menjinakkan api ditengah teriknya matahari. https://t.co/d6jeXPoCHH","2044317542945304638","https://pbs.twimg.com/ext_tw_video_thumb/2044317094205108227/pu/img/gwkdcg0EJNqpm_gx.jpg","","in","","0","0","2","https://x.com/abouttng/status/2044317542945304638","2818687488","abouttng"
"2044245120804106645","2026-04-15T02:43:11.000Z","246","Damkarmat Kulon Progo Evakuasi Botol yang Terjepit di Alat Kelamin Lansia

KULON PROGO – Personel Pemadam Kebakaran dan Penyelamatan (Damkarmat) Kabupaten Kulon Progo melakukan aksi penyelamatan yang tidak biasa di RSUD Wates pada Selasa (14/4/2026). Petugas diminta membantu tim https://t.co/y6esuQM9Iz","2044245120804106645","https://pbs.twimg.com/media/HF6eGbSasAEWLrW.jpg","","in","","35","92","29","https://x.com/merapi_uncover/status/2044245120804106645","1279804428724211712","merapi_uncover"
"2050183452759056596","2026-05-01T12:00:00.000Z","0","Damkar Evakuasi Tower C Tanjung Duren

Harian Tanjungbalai — Petugas pemadam kebakaran melakukan himbauan evakuasi kepada penghuni Apartemen Tower C di wilayah Tanjung Duren, Jakarta Barat. Belum diketahui pasti penyebab situasi darurat tersebut.

Dalam video yang beredar, https://t.co/D4jJUsaJeM","2050183452759056596","https://pbs.twimg.com/amplify_video_thumb/2050071590919139328/img/yspMBzno03QIjewF.jpg","","in","","0","0","0","https://x.com/h_tanjungbalai/status/2050183452759056596","2027218682930470912","h_tanjungbalai"
"2049823359840772345","2026-04-30T12:09:07.000Z","2","Selamat &amp; sukses untuk Dinas Pemadam Kebakaran dan Penyelamatan Kota Bekasi! 🔥🏆
Atas prestasi gemilang sebagai Juara Umum National Fire Fighter Skill Competition 2026 di Palembang. https://t.co/IttsjDp7Yv","2049823359840772345","https://pbs.twimg.com/media/HHJveoObcAAZw4g.jpg","","in","","0","1","0","https://x.com/pemkotbekasi/status/2049823359840772345","379647347","pemkotbekasi"
"2042405199482908721","2026-04-10T00:52:00.000Z","36","Velodrom yang digunakan untuk Olimpiade Rio 2016 di Brasil, kebakaran pada Rabu (08/04). 

Api bisa dipadamkan setelah 80 petugas dan 20 mobil pemadam kebakaran dikerahkan ke lokasi. Tidak ada korban dalam kejadian ini. https://t.co/lLhL4PXiuS","2042405199482908721","https://pbs.twimg.com/amplify_video_thumb/2042266690248187904/img/WKFBkQPUqvRmCN27.jpg","","in","","0","0","7","https://x.com/BBCIndonesia/status/2042405199482908721","23772644","BBCIndonesia"
"2044634882467639738","2026-04-16T04:31:58.000Z","1","Seekor ular piton sepanjang 6 meter dievakuasi petugas Pemadam Kebakaran dari rumah panggung warga di Jalan Antang, Makassar, Rabu (15/4/2026). Proses penanganan berlangsung dramatis selama satu jam karena ular bersikap agresif dan melilit kuat pada struktur kayu bangunan, https://t.co/w1wU0WuuF0","2044634882467639738","https://pbs.twimg.com/amplify_video_thumb/2044634828151431168/img/HG0qKqdj26K7eXH5.jpg","","in","","0","0","0","https://x.com/Beritasatu/status/2044634882467639738","154102750","Beritasatu"
"2053171929301856555","2026-05-11T01:32:37.000Z","0","@tanyakanrl Cuman ngerekam, ngedit, sama arrange skejul aja intinya. Nyupir geh tinggal nyetir, tiap hari jg nyetir. Petani ama damkar, lu kata kerjaannya kaga palugada?

Cuman karna lu gabisa kerja banyak dan gabisa multitasking, jangan lu pikir semua org kek elu. Validasi sampah apa ini...","2053649444139307138","","tanyakanrl","in","","0","0","0","https://x.com/creamfie/status/2053649444139307138","1298656880470839296","creamfie"
"2043254000741708135","2026-04-12T09:04:50.000Z","0","Sepanjang Januari hingga awal April 2026, Dinas Pemadam Kebakaran (Damkar) dan Penyelamatan Kota Denpasar mencatat sebanyak 92 kejadian kebakaran.
https://t.co/a8EWWlKSld","2043254000741708135","","","in","","0","0","0","https://x.com/nusabalicom/status/2043254000741708135","2655442453","nusabalicom"
"2051131078933614847","2026-05-04T10:16:50.000Z","27","@Lase32029 Kamu merasa terganggu saat ambulans minta jalurmu disalip, kamu bisa bertahan. Tapi jangan kira kamu bisa melakukan hal yang sama dengan mobil damkar yang sedang ""on fire"" tidak peduli kamu dari langit ketujuh pasti akan ditabrak kalau bertahan di depannya","2051244653358522595","","Lase32029","in","","0","2","1","https://x.com/goroositoo/status/2051244653358522595","943117663076630529","goroositoo"
"2053704681894060427","2026-05-11T06:38:42.000Z","1","@vincentrcrd @BudiBukanIntel Silakan coba buka-buka contoh kasus damkar era harry sabarno, atau transjakarta era jokowi. Dan posisi konsultan di kasus itu","2053726476059709835","","vincentrcrd","in","","0","0","0","https://x.com/afathngantuk/status/2053726476059709835","1370954100","afathngantuk"
"2052919648895857102","2026-05-10T03:02:40.000Z","0","@heyydwig bawa damkar dong","2053309719029465586","","heyydwig","in","","0","0","0","https://x.com/xyogzz_/status/2053309719029465586","1400929879156088839","xyogzz_"
"2048216957921677511","2026-04-26T01:45:51.000Z","98","DC Pinjol yang Kerjai Damkar Tagih Hutang, Gantian di Kerjai dihukum Cosplay jadi Pemadam https://t.co/XLZaSjHsjI","2048216957921677511","https://pbs.twimg.com/ext_tw_video_thumb/2048216878565486592/pu/img/gXVcajDOqJK15Bw4.jpg","","in","","2","21","22","https://x.com/Jateng_Twit/status/2048216957921677511","785145642","Jateng_Twit"
"2051308743477059857","2026-05-04T14:31:30.000Z","21","Info kebakaran malam ini lurr lokasi di metro sport center Peterongan sebelah java mall Semarang.

Saat ini api sudah falam penanggan pihak damkar. Kejadian 4 mei 2026 https://t.co/52VrtHbxJM","2051308743477059857","https://pbs.twimg.com/ext_tw_video_thumb/2051308714561511424/pu/img/aovvPtiGh_FfjnlC.jpg","","in","","2","3","6","https://x.com/Jateng_Twit/status/2051308743477059857","785145642","Jateng_Twit"
"2049735439662317853","2026-04-30T06:19:45.000Z","37","Petugas pemadam kebakaran Jakarta hingga saat ini masih berupaya mengevakuasi penghuni Apartemen Mediterania di Tanjung Duren, Grogol Petamburan, Jakarta Barat. Beberapa penghuni masih terjebak di dalam apartemen.

&gt;&gt; https://t.co/z7NC0fX2yZ https://t.co/QKBoXFzjgX","2049735439662317853","https://pbs.twimg.com/amplify_video_thumb/2049734910941007872/img/NpRsDDHh3q7SfLC8.jpg","","in","","1","1","13","https://x.com/detikcom/status/2049735439662317853","69183155","detikcom"
"2053461338307916223","2026-05-10T13:08:09.000Z","0","@munvess hello, ayo jbjb sampai dipisahkan damkar.","2053462093446410584","","munvess","in","","0","0","0","https://x.com/daffodiloe/status/2053462093446410584","1246252406","daffodiloe"
"2049706012777881918","2026-04-30T04:22:49.000Z","7","Kebakaran melanda Apartemen Mediterania yang berlokasi di Tanjung Duren, Grogol Petamburan, Jakarta Barat (Jakbar), Kamis (30/4) pagi. Tim Pemadam Kebakaran DKI Jakarta telah diterjunkan untuk menangani kebakaran. Penghuni apartemen pun telah dievakuasi. Belum diketahui ada atau https://t.co/UsvpcyrvLp","2049706012777881918","https://pbs.twimg.com/media/HHIEusDa8AAnUtS.jpg","","in","","0","1","2","https://x.com/Metro_TV/status/2049706012777881918","57261519","Metro_TV"
"2053737752349585639","2026-05-11T07:23:33.000Z","0","📌 MPP Kabupaten Mempawah
🗓 Selasa &amp; Rabu
⏰08.00 – 15.00 WIB

📌 MPP Kabupaten Landak
🗓Selasa &amp; Rabu
⏰08.00 – 16.00 WIB

📌 MPP Kota Singkawang
🗓Selasa &amp; Rabu
⏰10.00 – 16.00 WIB https://t.co/jqjTThdYqT","2053737759228227983","https://pbs.twimg.com/media/HIBXm8_bkAANhw9.jpg","BPOMPontianak","in","","0","1","0","https://x.com/BPOMPontianak/status/2053737759228227983","2810782669","BPOMPontianak"
"1811024150385041546","2026-05-06T14:51:15.000Z","1","@twentyfouryaz NGAPA ADA DAMKAR JIR😭😭","2052038488833622427","","twentyfouryaz","in","","0","0","0","https://x.com/blushieecheeks/status/2052038488833622427","2034798792193843200","blushieecheeks"
"2048001576883957767","2026-04-25T11:30:00.000Z","49","Dinas Pemadam Kebakaran Kota Semarang menempuh jalur hukum setelah diprank laporan palsu kebakaran yang diduga dilakukan debt collector (DC) pinjaman online untuk menekan korban utang.

""Kami tidak bisa menerima tindakan seperti ini. Layanan kedaruratan seharusnya digunakan untuk https://t.co/RfIWNCQ5xO","2048001576883957767","https://pbs.twimg.com/media/HGvmnkRakAAxULx.jpg","","in","","1","5","23","https://x.com/akuratco/status/2048001576883957767","786549338818224128","akuratco"
"2051491515294437648","2026-05-05T03:36:52.000Z","1","@mrchristwibowo Langsung tlp damkar ajahhhh","2051506385163264069","","mrchristwibowo","in","","0","1","0","https://x.com/LexMarteg/status/2051506385163264069","335212065","LexMarteg"
"2052364462011842648","2026-05-07T12:26:33.000Z","0","Waspada Karhutla saat Kemarau 2026, Pakar UGM Soroti Praktik Bakar Lahan https://t.co/MdLuY581UJ","2052364462011842648","","","in","","0","0","0","https://x.com/detik_edu/status/2052364462011842648","1668188086067683331","detik_edu"
"2047494579293954058","2026-04-24T01:55:22.000Z","2","Kebakaran melanda rumah tinggal yang berlokasi di Jalan Mawar Lestari Indah, Lebak Bulus, Cilandak, Jakarta Selatan. 

#KebakaranLebakBulus #PemadamJakarta #JagaJakarta #JAKI #JS112 - @dkijakarta https://t.co/eHqBVTfUax","2047494579293954058","https://pbs.twimg.com/amplify_video_thumb/2047494514840064000/img/1C-31pnWx7NWoQbG.jpg","","in","","3","1","0","https://x.com/humasjakfire/status/2047494579293954058","555862521","humasjakfire"
"2048390729475764340","2026-04-26T13:16:21.000Z","2","Terjadi kebakaran rumah tinggal di Jalan Haji Umar, Lubang Buaya, Cipayung, Jakarta Timur.

#KebakaranLubangBuaya #PemadamJakarta #JagaJakarta #JAKI - @dkijakarta https://t.co/Jvs5Cz6Yhm","2048390729475764340","https://pbs.twimg.com/amplify_video_thumb/2048390644109135872/img/SC9zLRb5JfrxAoc3.jpg","","in","","0","1","2","https://x.com/humasjakfire/status/2048390729475764340","555862521","humasjakfire"
"2051894676832358443","2026-05-06T05:19:47.000Z","0","Kafe di Jalan Kuini Pekanbaru Terbakar, Damkar Kerahkan Lima Mobil Pemadam https://t.co/6YHEiaSayu","2051894676832358443","","","in","","0","0","0","https://x.com/GoRiauCom/status/2051894676832358443","1632918924","GoRiauCom"
"2041824721835319580","2026-04-08T10:25:23.000Z","33","Petugas pemadam kebakaran (damkar) bernama Bimo Margo Hutomo (29) jadi korban begal di Jalan KH Hasyim Ashari, Cideng, Gambir, Jakarta Pusat. Korban mengalami luka di kepala, muka, sampai tangan, usai dianiaya sekelompok begal.

Peristiwa ini terjadi pada Kamis (2/4) dini hari https://t.co/VYbzB58Lhb","2041824721835319580","https://pbs.twimg.com/amplify_video_thumb/2041823166318964737/img/q9UM1UArF7oFR64o.jpg","","in","","2","4","13","https://x.com/kumparan/status/2041824721835319580","759692754985242625","kumparan"
"2041750459795570945","2026-04-08T05:30:18.000Z","3","Kebakaran terjadi di lantai dua gedung Polres Metro Jakarta Barat pada Rabu (8/4/2026) pagi. Api melalap sejumlah ruangan dan menghanguskan berbagai barang di dalamnya, mulai dari berkas penting hingga furnitur kantor.

Petugas pemadam kebakaran segera dikerahkan ke lokasi untuk https://t.co/2IGDqPq4G5","2041750459795570945","https://pbs.twimg.com/amplify_video_thumb/2041750386730790916/img/ioAQNofPFJV3LUl1.jpg","","in","","1","2","2","https://x.com/Beritasatu/status/2041750459795570945","154102750","Beritasatu"
"2052249817934331970","2026-05-07T04:51:00.000Z","2","Video seorang pemotor yang pingsan saat berhenti di simpang empat DPRD Gunungkidul viral di media sosial. Damkarmat menyebut pemotor itu merupakan anggotanya dan memiliki riwayat sakit jantung.

Via @detikjogja_
https://t.co/7CFnrvZXWq","2052249817934331970","","","in","","0","1","0","https://x.com/detikcom/status/2052249817934331970","69183155","detikcom"
"2051872463852831189","2026-05-06T03:51:31.000Z","0","Rekaman CCTV menangkap momen memilukan saat seorang pengendara motor tiba-tiba ambruk dan jatuh tak sadarkan diri di lampu merah Alun-Alun Kota Wonosari.

Korban yang diketahui merupakan seorang petugas pemadam kebakaran (damkar) tersebut diduga mengalami serangan jantung https://t.co/QhcHfrTL7B","2051872463852831189","https://pbs.twimg.com/amplify_video_thumb/2051872356403142657/img/Bdoh_mSeGTXcDQ8H.jpg","","in","","0","0","0","https://x.com/arteranews/status/2051872463852831189","2013132338109288449","arteranews"
"2051154728885821938","2026-05-04T04:19:30.000Z","1","Kepala Bakamla RI Laksdya TNI Dr. Irvansyah, S.H., https://t.co/J2IlCyWRlr., Opsla., beserta seluruh personel mengucapkan selamat memperingati Hari Pemadam Kebakaran Internasional. https://t.co/MTTg0t6CKg","2051154728885821938","https://pbs.twimg.com/media/HHcqWr5a0AAVQfi.jpg","","in","","0","1","0","https://x.com/HumasBakamlaRI/status/2051154728885821938","960462499349843969","HumasBakamlaRI"
"2051183908889522514","2026-05-04T06:29:06.000Z","1","@apalagijuni iyaa, damkar emang yang terbaik","2051187344951431554","","apalagijuni","in","","0","0","0","https://x.com/mudahtertawa_/status/2051187344951431554","1539273147366551552","mudahtertawa_"
"2046522161108840721","2026-05-04T15:16:31.000Z","1","@Jukhwi @_ Aihh masa sih keren, kerenan dd deh rasanya. GUD IDE??? Nanti aku bawa selang damkar ya biar kalau ada yang mau memisahkan, kita semprot duluan! Kalau aku ttori yang artinya anak ayam, kata orang orang aku mirip ayam dd apakah benar?","2051320071101030615","","Jukhwi","in","","0","0","0","https://x.com/leesohem/status/2051320071101030615","2333671272","leesohem"
"2052006846546997431","2026-05-06T12:45:31.000Z","0","͏

͏

͏

͏

͏

͏

͏

͏

͏

͏

͏

͏

͏

͏

͏

͏

͏

͏

͏

͏

͏

͏

͏

͏

͏

͏

͏

͏

͏

͏

͏

͏

͏

͏

͏

͏

͏

͏

͏

͏

͏

͏

͏

͏

͏

͏

͏

͏

͏

͏

͏

͏

͏

͏

͏

͏

͏͏

͏

͏

͏

͏

͏

͏

͏

͏

͏

͏

͏

͏

͏

͏

͏

͏

͏

͏

͏

͏

͏

͏

͏

͏

Pembersihan tl 🫩 https://t.co/1Wz6gpoEII","2052006846546997431","https://pbs.twimg.com/media/HHoxV9xa0AAPNmX.jpg","","und","","0","0","0","https://x.com/room18ode/status/2052006846546997431","102240386","room18ode"
"2053728554681299258","2026-05-11T06:46:59.000Z","0","Tahun Anggaran 2026 serta tindak lanjut pelaksanaan pekerjaan pembangunan Gedung Rawat Inap Tahun Anggaran 2026 berdasarkan Surat Nomor: 027/108/401.103.8/2026 tanggal 7 April 2026.","2053728557130781002","","KN_kotamadiun","in","","0","1","0","https://x.com/KN_kotamadiun/status/2053728557130781002","1273461547885449216","KN_kotamadiun"
"2048363244646253051","2026-04-26T11:27:08.000Z","1","Jepang Kerahkan 1.400 Pemadam untuk Atasi Kebakaran Hutan
https://t.co/ZK9DFm1vT3","2048363244646253051","","","in","","0","0","0","https://x.com/e100ss/status/2048363244646253051","848614550","e100ss"
"2053302258763452803","2026-05-10T05:11:57.000Z","0","@cahyanicuy @wooforseokk pak damkar tolong bangun pos di samping balai istana ☺️","2053342253578682658","","cahyanicuy","in","","0","1","0","https://x.com/rtnmrty/status/2053342253578682658","248581407","rtnmrty"
"2053273547318149214","2026-05-10T09:51:53.000Z","0","@Naandaa27 Tambah damkar juga","2053412701167362055","","Naandaa27","in","","0","0","0","https://x.com/Draprayogi/status/2053412701167362055","1116793544","Draprayogi"
"2053735823858909564","2026-05-11T07:15:52.000Z","0","📌 Kategori:
• Dinas Sosial Kabupaten/Kota
• LKS
• Perorangan

🏆 Total hadiah Rp135 JUTA

📅 Upload video paling lambat:
17 Mei 2026

📲 Daftar sekarang:
https://t.co/BEEv4Tu427 https://t.co/BDi4y1dDBJ","2053735827650588737","https://pbs.twimg.com/media/HIBVznAa8AA-R4G.jpg","indagjabar","in","","0","1","0","https://x.com/indagjabar/status/2053735827650588737","1536545794295312385","indagjabar"
"2051561729050788089","2026-05-05T07:16:47.000Z","0","Kapolsek Pesanggrahan bersama anggota kepolisian dan petugas pemadam kebakaran (Damkar) menunjukkan respon cepat dan kepedulian tinggi dengan melaksanakan evakuasi warga terdampak di Perumahan Sangrila 2, Jl. Sakti Raya RT 005/06, Kelurahan Petukangan Selatan, https://t.co/Q298NMTvnN","2051561729050788089","https://pbs.twimg.com/media/HHicdxkagAAPDIR.jpg","","in","","0","1","0","https://x.com/polisijaksel/status/2051561729050788089","779323893005688833","polisijaksel"
"2052614597023305849","2026-05-08T05:00:30.000Z","0","Kebakaran besar melanda area Tabasco Fair 2026 di Villahermosa pada Kamis dini hari.

Api dilaporkan menyapu Warehouse 1 di kawasan Parque Tabasco, memicu kepanikan pengunjung yang berusaha menyelamatkan diri saat asap tebal membumbung tinggi.

Lebih dari 40 petugas pemadam https://t.co/WIRtAl3nOs","2052614597023305849","https://pbs.twimg.com/amplify_video_thumb/2052570126827012096/img/7vigC-pEMPSk-OIW.jpg","","in","","0","2","0","https://x.com/SINDOnews/status/2052614597023305849","231355136","SINDOnews"
"2051915512918204729","2026-05-06T07:46:40.000Z","1","@Ibenkkkkkkkk Minta izin damkar aja bisa ga sih?","2051931640482717810","","Ibenkkkkkkkk","in","","0","1","0","https://x.com/laufeysonnn_/status/2051931640482717810","1324522632","laufeysonnn_"
"2045766976048615928","2026-04-19T07:30:30.000Z","0","Insiden tak terduga terjadi di Stadion Lane, Sabtu (18/4/2026). Seorang penerjun payung pembawa bendera Amerika Serikat terjebak di atas papan skor akibat angin kencang tepat sebelum kick-off.

Menurut laporan WEAU, petugas pemadam kebakaran butuh Waktu 30 menit untuk https://t.co/pwzRsUV7X7","2045766976048615928","https://pbs.twimg.com/amplify_video_thumb/2045753533182664704/img/aAPA9UBvBoorMEs9.jpg","","in","","0","0","0","https://x.com/SINDOnews/status/2045766976048615928","231355136","SINDOnews"
"2051170805858582942","2026-05-04T05:23:23.000Z","1","Kapolres Tuban beserta staf dan jajaran, mengucapkan :

""Selamat Hari Pemadam Kebakaran Internasional"" https://t.co/M4b4qudqrW","2051170805858582942","https://pbs.twimg.com/media/HHc4-cfasAAlqJx.jpg","","in","","0","0","0","https://x.com/Suwono17478413/status/2051170805858582942","1450138403454869505","Suwono17478413"
"2051336084353933577","2026-05-04T16:20:09.000Z","0","⠀⠀ 
Dengan satu dua tiga empat pertimbangan, durasi registrasi akan diperpanjang hingga besok, tepatnya Selasa 5 Mei 2026 pukul 11:00 WIB! 
⠀⠀","2051336084353933577","","","in","","0","1","0","https://x.com/DamaWarta/status/2051336084353933577","2048292078225117184","DamaWarta"
"2052410299110813915","2026-05-10T02:51:53.000Z","0","@ellagqross @_ Salam kenal, halo ayas noona! Padahal panggil damkar bisa buat ngapain aja lho noon, misalnya suatu hari nanti kalo noona lagi sendirian, noona bisa minta temenin mereka. Ada, jawabannya ACAI naega maneun cowahe. Kalo ini sih setiap situasi wajib ada. Noona sendiri gimana?","2053307007730597945","","ellagqross","in","","0","0","0","https://x.com/vseonghyeon/status/2053307007730597945","787621090369605633","vseonghyeon"
"2051961635137278319","2026-05-06T09:45:52.000Z","1","Seorang petugas pemadam kebakaran dilaporkan pingsan dan terjatuh dari motor di kawasan lampu merah Alun-Alun Wonosari, Selasa (5/5/2026). Momen tersebut terekam CCTV dan viral di media sosial.

Warga sekitar dengan sigap langsung memberikan pertolongan dan mengevakuasi korban ke https://t.co/e0yMuSfkSa","2051961635137278319","https://pbs.twimg.com/ext_tw_video_thumb/2051961559434338311/pu/img/9xYYf3vtWurVUT58.jpg","","in","","0","0","1","https://x.com/inilahdotcom/status/2051961635137278319","46693036","inilahdotcom"
"2053712947218882892","2026-05-11T06:02:00.000Z","0","@MamaLemonmoh @damkar_RI 1 orang damkar lebih berguna dari 10 polisi dan 10 TNI","2053717238272946530","","MamaLemonmoh","in","","0","0","0","https://x.com/abdulmukti691/status/2053717238272946530","1603772719077552128","abdulmukti691"
"2042795332954919138","2026-04-11T02:42:15.000Z","0","Telah terjadi kebakaran rumah pada Sabtu, 11 April 2026 sekitar pukul 08.10 WIB di kawasan PoJ City, Kota Semarang. Kejadian ini pertama kali dilaporkan oleh Ibu Yovita. Menindaklanjuti laporan tersebut, petugas segera mengerahkan sejumlah armada pemadam kebakaran #kebakaran https://t.co/KJj2Dyq2jB","2042795332954919138","https://pbs.twimg.com/amplify_video_thumb/2042795255439986688/img/VK93J1yDZ6dQnMV3.jpg","","in","","0","0","0","https://x.com/elshinta_smg/status/2042795332954919138","775589717127507968","elshinta_smg"
"2053703775140155495","2026-05-11T05:24:07.000Z","0","@interaiksi Liatt yg pertama ak sampe mnta tlong Damkar 😭🙏","2053707705035161785","","interaiksi","in","","0","1","0","https://x.com/danskuss/status/2053707705035161785","742280226","danskuss"
"2053705707011428440","2026-05-11T05:16:20.000Z","0","Beb ini lokasi offline sama online shop-nya yaa ⤵️🤍

Online Store Shopee :
🔗 https://t.co/8BjTtWGfol

Offline Store :
📍 STORE PUSAT — Jln. KS Tubun (depan pemadam kebakaran), Debong Randugunting, Tegal.","2053705744126804084","","titaniaintan28","in","","0","0","0","https://x.com/titaniaintan28/status/2053705744126804084","1879773182","titaniaintan28"
"2051553636371882085","2026-05-05T13:43:30.000Z","1","@WatchmenID saya malah kasihan, karena tiap hari harus ngangkat selang damkar. berat.","2051659052590235823","","WatchmenID","in","","0","0","0","https://x.com/enasdhuhri/status/2051659052590235823","324628717","enasdhuhri"
"2051562390987374672","2026-05-05T10:04:08.000Z","291","@Xbacottetangga ITULAH KALAU NAMA BAIK DIPERTAHANKAN. KETIKA TERJADI SESUATU MUSIBAH ORG LAIN DENGAN TULUS MEMBANTU. 
SEMOGA TETAP JAYA DAMKAR. 
BEDA DENGAN YG NGANU.. KALAU MUSIBAH KITA TAKUT DIJADIKAN TRRSANGKAAAA… MENDING KABOORRR","2051603845558743129","","Xbacottetangga","in","","0","0","16","https://x.com/GMCsuburbanv8/status/2051603845558743129","1954463468511514624","GMCsuburbanv8"
"2051219545608855553","2026-05-04T10:14:39.000Z","1","@isnoear Legal. Mereka kan kena kasus soal yg order fiktif damkar kemarin kak si DC nya hahaha","2051244104210858102","","isnoear","in","","0","0","0","https://x.com/bismillahyuk_/status/2051244104210858102","2024676727453278208","bismillahyuk_"
"2051965647824036120","2026-05-06T10:01:48.000Z","0","Menko Polkam Reaktivasi Desk Nasional Karhutla 2026, Sumsel Diminta Siaga Hadapi Musim Kemarau

https://t.co/gnHKU3Yfta

#KemenkoPolkam #MenkoPolkam","2051965647824036120","","","in","","0","0","0","https://x.com/PolkamRI/status/2051965647824036120","4787817264","PolkamRI"
"2045466973883261394","2026-04-18T11:38:24.000Z","6","UPAH TAK PERNAH NAIK, PEGAWAI INI MEMBAKAR GUDANG DAN PICU KERUGIAN RP10,2 TRILIUN

Chamel Abdulkarim (29) terseret kasus pidana setelah diduga membakar gudang produk kertas milik Kimberly Clark di Ontario

Kebakaran terjadi malam hari, melibatkan sekitar 175 petugas pemadam, https://t.co/KPGZASHAMa","2045466973883261394","https://pbs.twimg.com/amplify_video_thumb/2045466779137531904/img/DgDB0K7FfsbmvN33.jpg","","in","","0","0","2","https://x.com/vespamatic96/status/2045466973883261394","1851094287188180993","vespamatic96"
"2051341592498409903","2026-05-04T16:42:02.000Z","1","Selamat Hari Pemadam Kebakaran Sedunia (World Firefighter's Day), 4 Mei 2026. https://t.co/eRI60kbApl","2051341592498409903","https://pbs.twimg.com/media/HHfUSzDa0AI4vnZ.jpg","","in","","0","0","0","https://x.com/DishubKalbar/status/2051341592498409903","1166496243817693184","DishubKalbar"
"2051633154826666132","2026-05-05T12:22:43.000Z","1","@mondeckadiiv Untung kaga ditelfon sama damkar 😭","2051638720496037951","","mondeckadiiv","in","","0","2","0","https://x.com/myshawti/status/2051638720496037951","1156869918370873344","myshawti"
"2049723430338281978","2026-04-30T05:32:02.000Z","1","Baca di sini: https://t.co/NayWhJyMMd

Upaya evakuasi besar-besaran dilakukan petugas pemadam kebakaran saat kebakaran melanda Apartemen Mediterania Tanjung Duren, Grogol Petamburan, Jakarta Barat, Kamis (30/4/2026) pagi.

~AC #Kebakaran #Apartemen https://t.co/8WqhqhQjPD","2049723430338281978","https://pbs.twimg.com/amplify_video_thumb/2049723222179110912/img/s8DQXQioM_jTMRqu.jpg","","in","","0","0","0","https://x.com/kompascom/status/2049723430338281978","23343960","kompascom"
"2051127437069582677","2026-05-04T06:20:52.000Z","209","@tanyarlfes Maaf, selain dia, sebaiknya juga telpon damkar atau no hotline polisi, bukan kemarin ada yg telpon no hotline polisi karena belom makan, polisi benar datang ke ruangan ibu tersebut antr makanan, di Banda Aceh,, jgn tunggu ada yg meninggal, gak usah malu, ada nyawa ibu","2051185269177815152","","tanyarlfes","in","","0","0","2","https://x.com/mimimarisa611/status/2051185269177815152","2001891603854864384","mimimarisa611"
"2051148125604311456","2026-05-04T03:53:16.000Z","1","UPACARA HARI PENDIDIKAN NASIONAL.

@ditpolpp_linmas 
@satpolppjabar 
@pemkabcjr https://t.co/MVRxXELyIF","2051148125604311456","https://pbs.twimg.com/ext_tw_video_thumb/2051148014023331841/pu/img/2d-Xwg1rxdvB-8is.jpg","","in","","0","3","0","https://x.com/stpolpp_dmkrcjr/status/2051148125604311456","1745688053296123905","stpolpp_dmkrcjr"
"2051860920402690129","2026-05-06T03:05:39.000Z","0","Peringatan Dini Tiga Harian Wilayah Ciayumajakuning dan Sumedang (06 - 08 Mei 2026) https://t.co/KOn4R7T8WV","2051860920402690129","https://pbs.twimg.com/media/HHmsn5xa4AATFkE.jpg","","in","","0","0","0","https://x.com/bmkgkertajati/status/2051860920402690129","987893905","bmkgkertajati"
"2042803206791794848","2026-04-11T03:13:32.000Z","10","BREAKING 🚨
Beredar video kebakaran pada bagian belakang sebuah rumah mewah di kawasan POJ City Semarang, Sabtu (21/4/2026) Pagi. 

Petugas dari Dinas Pemadam Kebakaran Kota Semarang telah mengkondisikan kebakaran tersebut. 
Belum diketahui mengenai penyebab dan jumlah kerugian https://t.co/U2AnRk0rsK","2042803206791794848","https://pbs.twimg.com/ext_tw_video_thumb/2042801086155886598/pu/img/nlaxkyeTDp2dddFo.jpg","","in","","0","0","1","https://x.com/Jateng_Twit/status/2042803206791794848","785145642","Jateng_Twit"
"2051106005568962921","2026-05-04T01:05:54.000Z","4","Teknik Tandem Pemindahan Tandu pd Evakuasi Korban KRL Bekasi Timur (27--28/4/2026) dilakukan dg kehati-hatian, Proses Evakuasi melibatkan banyak pihak, Basarnas,Tim Medis,Damkar,PMI,BPBD, TNI Polri, Relawan Ambulance dan Berbagai Unsur potensi SAR
📹 Basarnas - Tim SAR Gabungan https://t.co/KIizrxWMi1","2051106005568962921","https://pbs.twimg.com/ext_tw_video_thumb/2051105952838098944/pu/img/0_BcnAK4PvWyr7FG.jpg","","in","","0","0","2","https://x.com/NaraSenyap/status/2051106005568962921","1988892798054199296","NaraSenyap"
"2052006802582286765","2026-05-06T12:45:20.000Z","0","͏

͏

͏

͏

͏

͏

͏

͏

͏

͏

͏

͏

͏

͏

͏

͏

͏

͏

͏

͏

͏

͏

͏

͏

͏

͏

͏

͏

͏

͏

͏

͏

͏

͏

͏

͏

͏

͏

͏

͏

͏

͏

͏

͏

͏

͏

͏

͏

͏

͏

͏

͏

͏

͏

͏

͏

͏͏

͏

͏

͏

͏

͏

͏

͏

͏

͏

͏

͏

͏

͏

͏

͏

͏

͏

͏

͏

͏

͏

͏

͏

͏

Pembersihan tl 🍌 https://t.co/WnVkYy71WB","2052006802582286765","https://pbs.twimg.com/media/HHoxTTRawAAUaQH.jpg","","und","","0","0","0","https://x.com/room18ode/status/2052006802582286765","102240386","room18ode"
"2053398954801529068","2026-05-10T09:32:29.000Z","0","@kaptentro sudah saatnya panggil damkar untuk padamkan","2053407821543461107","","kaptentro","in","","0","1","0","https://x.com/skyyblueeue/status/2053407821543461107","1870658808126824448","skyyblueeue"
"2051607518028407210","2026-05-05T10:18:43.000Z","1","Aiptu M.Hambali  bersama rekan mulai Jam 07.30 Wib, kegiatan Silahturahmi ke Instansi Ka Damkar Bpk Iman di kawasan industri Bogorindo Desa Leuwinutug Kec.Citeureup, Selasa (05/05/2026). https://t.co/gi2EyU2gy5","2051607518028407210","https://pbs.twimg.com/media/HHjGKEua8AApuEr.jpg","","in","","0","0","0","https://x.com/Polri_Citeureup/status/2051607518028407210","1984021572722814977","Polri_Citeureup"
"2048572084431827129","2026-04-27T01:17:00.000Z","0","Nasib Bone DC yang Viral Prank Damkar Semarang, Disuruh Jadi Petugas Pemadam Dadakan hingga Dipecat

https://t.co/MDxJJVaBco","2048572084431827129","","","in","","0","3","0","https://x.com/tribunnews/status/2048572084431827129","124171593","tribunnews"
"2053307348803109018","2026-05-10T06:02:00.000Z","0","@Iyangapril_ Antara ambulance sama damkar dulu, tapi kalo ambulancenya bawa mayat ya dahulukan damkar.","2053354851699179969","","Iyangapril_","in","","0","0","0","https://x.com/RA_besarrr/status/2053354851699179969","2737197288","RA_besarrr"
"2053143762063466597","2026-05-11T00:44:07.000Z","0","@is_pelssy Panggil damkar","2053637240019190192","","is_pelssy","in","","0","0","0","https://x.com/noegroho_basuki/status/2053637240019190192","1603591247825752064","noegroho_basuki"
"2049666711096627287","2026-04-30T01:46:39.000Z","5","Seorang petugas kebersihan MRT jadi sorotan setelah terekam mengikuti gerakan senam dari atas area fasilitas. 

Saat itu, petugas pemadam kebakaran sedang melakukan latihan kebugaran di bawah stasiun.

Dalam video yang beredar, pria tersebut terlihat menirukan gerakan dengan https://t.co/0VPZoQsMVg","2049666711096627287","https://pbs.twimg.com/amplify_video_thumb/2049666624480026624/img/frTdhQD9-Q0SpNUA.jpg","","in","","0","1","2","https://x.com/inilahdotcom/status/2049666711096627287","46693036","inilahdotcom"
"2053699460442792023","2026-05-11T06:36:54.000Z","0","@SaulRaja Lagi di DAMKAR bang","2053726019560022523","","SaulRaja","in","","0","0","0","https://x.com/epilokc/status/2053726019560022523","2046066432480366592","epilokc"
"2051733619492991013","2026-05-05T18:39:48.000Z","1","Pinjem sekoci damkar asik nih, bening lagi aernya 👁️👅👁️","2051733619492991013","","","in","","0","0","0","https://x.com/hilhinana19_/status/2051733619492991013","1818133103464124416","hilhinana19_"
"2043501926285971556","2026-04-13T01:30:00.000Z","14","Seorang anggota pemadam kebakaran di Pos Pinang, Kota Tangerang, dilaporkan menjadi korban pem*kulan oleh seorang pria yang datang bersama dua orang lainnya.

#ForYourInformation #CariBeritaditvOne #PosDamkar #ViralTangerang #PetugasDamkar #FYI05 #ZA03 https://t.co/FOCntvquYd","2043501926285971556","https://pbs.twimg.com/amplify_video_thumb/2043362881115398144/img/J2rGQHvYGdTzFPyh.jpg","","in","","1","4","3","https://x.com/tvOneNews/status/2043501926285971556","55507370","tvOneNews"
"2051478148542603325","2026-05-05T01:44:39.000Z","0","Respons cepat kesiapsiagaan.
Pemkot Batu mengimbau tempat wisata &amp; penginapan pasang Smart Button Emergency Kebakaran
📌 Batas pemasangan: Desember 2026
📞 0811-3114-9113 / 0341-512111
📧 damkar.batu@gmail.com

#PemkotBatu #KotaBatu #DamkarKotaBatu #SmartButtonEmergency #MbatuSae https://t.co/byXWiQ1jR7","2051478148542603325","https://pbs.twimg.com/media/HHhQUudacAANUNN.jpg","","in","","0","0","0","https://x.com/pemkotbatukota/status/2051478148542603325","816646171527548937","pemkotbatukota"
"2051920250015482214","2026-05-06T07:01:25.000Z","1","Dinas Satpol dan Damkar Kota Sukabumi perkuat kolaborasi dengan KPPBC TMP A Bogor, dalam pemberantasan peredaran rokok ilegal.
Berita : https://t.co/KZcikh79E0 https://t.co/PNHUL7PzGB","2051920250015482214","https://pbs.twimg.com/media/HHniaydakAAmAin.jpg","","in","","0","0","0","https://x.com/Pemkot_Sukabumi/status/2051920250015482214","2997769430","Pemkot_Sukabumi"
"2051563608786813284","2026-05-05T07:24:16.000Z","0","serta pemangku kepentingan terkait dalam upaya penanggulangan kebakaran hutan tahun 2026 dan antisipasi potensi El Nino tahun 2027. Kegiatan ini bertujuan untuk menyamakan persepsi, meningkatkan kapasitas sumber daya manusia, dan menyusun langkah mitigasi berbasis data prediksi","2051563616080703782","","BPBDDIY","in","","0","1","0","https://x.com/BPBDDIY/status/2051563616080703782","758572219","BPBDDIY"
"2053286361004912663","2026-05-10T03:36:15.000Z","1","@RagilSemar Damkar, ikhlas lah pokoknya pajak gw buat bayar damkar","2053318169704693808","","RagilSemar","in","","0","0","0","https://x.com/Zhe_LeeCrystal/status/2053318169704693808","1722120385632858112","Zhe_LeeCrystal"
"2051722375356686793","2026-05-05T17:55:08.000Z","13","Ucapan Terimakasih Kepada Bapak Presiden Atas Bantuan Mobil Damkar di Jajaran Kodam XII/Tpr.

@Puspen_TNI @tni_ad #tniprima #tniadprima #tnirakyatkuat #indonesiaemas2045 #kodamtanjungpura https://t.co/PzR7O9RFWU","2051722375356686793","https://pbs.twimg.com/ext_tw_video_thumb/2051722269723168769/pu/img/odJOebFg4ERVixK4.jpg","","in","","0","1","0","https://x.com/Kodam12Tpr/status/2051722375356686793","1448994917913554945","Kodam12Tpr"
"2051370030864924915","2026-05-05T13:05:25.000Z","174","@baseconvo Kalau aku ada 5 kak.
1. Tenaga Pendidik
2. Damkar
3. Timsar
4. Nakes
5. KAI","2051649468072931341","","baseconvo","in","","0","0","10","https://x.com/2And1__131722/status/2051649468072931341","974551807958503424","2And1__131722"
"2052864857586933842","2026-05-08T21:34:57.000Z","4","SIARAN PERS

Kendalikan Potensi Karhutla, BMKG dan BNPB Bersinergi Lakukan OMC di Sumsel

Palembang, 8 Mei 2026 – Badan Meteorologi, Klimatologi, dan Geofisika (BMKG) mensupervisi pelaksanaan Operasi Modifikasi Cuaca (OMC) untuk menangani darurat bencana kebakaran hutan dan lahan https://t.co/ug1WnpPgUB","2052864857586933842","https://pbs.twimg.com/media/HH09iLGa0AAIZZX.jpg","","in","","0","0","0","https://x.com/InfoHumasBMKG/status/2052864857586933842","3063804174","InfoHumasBMKG"
"2052995399724748942","2026-05-10T03:18:29.000Z","0","@Netizen_bawel Cita cita ya nak jadi damkar","2053313700120195165","","Netizen_bawel","in","","0","0","0","https://x.com/Goo9le_Fiv3/status/2053313700120195165","1720304366467571712","Goo9le_Fiv3"
"2052274584045625488","2026-05-07T06:29:24.000Z","5","Reaktivasi Desk Nasional Karhutla 2026, Menko Polkam tekankan kesiagaan Hadapi Musim Kemarau https://t.co/7qTWVu8UcC","2052274584045625488","https://pbs.twimg.com/media/HHsk23Zb0AAeMnM.jpg","","in","","0","0","4","https://x.com/pendam2/status/2052274584045625488","2987589918","pendam2"
"2053346006641897495","2026-05-10T07:11:06.000Z","0","@meotjiji kata aku mah satria coba daftar jadi damkar khusus di kerajaannya ian dehhhh wwkwkkwkwk","2053372241992368521","","meotjiji","in","","0","1","0","https://x.com/nyucatr0_0m/status/2053372241992368521","1774418056934227968","nyucatr0_0m"
"2053637389613195710","2026-05-11T03:53:22.000Z","0","@icelalopyu Pakpol apa damkar?","2053684866324287806","","icelalopyu","in","","0","0","0","https://x.com/SaigaiHaihai/status/2053684866324287806","1999870870576316416","SaigaiHaihai"
"2053055193542283637","2026-05-09T10:11:16.000Z","1","🚨 Sis, ini masanya untuk belajar cara selamatkan diri waktu kecemasan 🔥🧯

Anda akan belajar escape plan masa kebakaran, cara guna alat pemadam api, survival tips &amp; latihan hands-on bersama bomba 💥👩🏻‍🚒 https://t.co/DXmwfprj2R","2053055193542283637","https://pbs.twimg.com/media/HH3q0DlaIAAQ9l4.jpg","","in","","0","1","3","https://x.com/LimYiWei4MY/status/2053055193542283637","3196088899","LimYiWei4MY"
"2051230253398581747","2026-05-04T09:19:37.000Z","1","Cerdas sih, daripada nunggu pemadam kebakaran datang, m mendingan datangin pemadaman kebarakannya langsung 🤯

https://t.co/puEK0MPuz3","2051230253398581747","https://pbs.twimg.com/amplify_video_thumb/2050551091431911424/img/_hdpAkUioqDc6yMl.jpg","","in","","0","0","0","https://x.com/selepashujan_/status/2051230253398581747","1814073797999554560","selepashujan_"
"2047531365718261902","2026-04-24T04:21:33.000Z","1","Kasus penyalahgunaan layanan darurat oleh oknum debt collector pinjaman online kembali terjadi di Sleman, Yogyakarta. Setelah sebelumnya ambulans menjadi sasaran order fiktif, kini giliran petugas pemadam kebakaran yang juga menerima laporan palsu untuk evakuasi yang ternyata https://t.co/leYOb19FLo","2047531365718261902","https://pbs.twimg.com/media/HGpK6eqaEAAnRxf.jpg","","in","","0","0","0","https://x.com/RadioElshinta/status/2047531365718261902","121640063","RadioElshinta"
"2052282407894806837","2026-05-07T07:00:30.000Z","3","Sebuah gedung yang masih dalam proses pembangunan di kawasan Dubai Marina dilaporkan terbakar hingga memunculkan asap tebal di langit sekitar lokasi. Petugas pemadam kebakaran langsung dikerahkan dan bergerak cepat untuk menjinakkan api, sementara suara sirene sempat terdengar di https://t.co/2A42DVp1sa","2052282407894806837","https://pbs.twimg.com/amplify_video_thumb/2052244932040294400/img/NCjNKHAtqQBqalXe.jpg","","in","","0","0","0","https://x.com/SINDOnews/status/2052282407894806837","231355136","SINDOnews"
"2051933465868910610","2026-05-06T13:04:00.000Z","9","Petugas damkar
https://t.co/4AIAdvV365","2052011500131463248","","P3gEl","in","","0","0","1","https://x.com/P3gEl/status/2052011500131463248","224431376","P3gEl"
"2051131078933614847","2026-05-04T11:21:28.000Z","8","@Lase32029 Gaspol bang Damkar! https://t.co/OISJ0UKI8M","2051260918328430790","https://pbs.twimg.com/media/HHeK34QbsAAeVVj.jpg","Lase32029","in","","0","1","1","https://x.com/ApeAstronautz/status/2051260918328430790","1427621056685121541","ApeAstronautz"
"2049697800154488877","2026-04-30T03:50:11.000Z","68","Kebakaran Apartemen Mediterania, 25 Penghuni Terjebak Dievakuasi ‼

Kebakaran melanda Apartemen Mediterania, Tanjung Duren, Grogol Petamburan, Jakarta Barat, Kamis (30/4/2026) pagi. 

Sebanyak 25 penghuni dilaporkan terjebak dan dievakuasi petugas pemadam kebakaran menggunakan https://t.co/x4S3ieKhgt","2049697800154488877","https://pbs.twimg.com/amplify_video_thumb/2049697699335929856/img/3cX-femm0WIb0e65.jpg","","in","","6","1","28","https://x.com/RadioElshinta/status/2049697800154488877","121640063","RadioElshinta"
"2052569782076223644","2026-05-08T02:02:25.000Z","0","Peringatan Dini Tiga Harian Wilayah Ciayumajakuning dan Sumedang (08 - 10 Mei 2026) https://t.co/YzlFTxKRLf","2052569782076223644","https://pbs.twimg.com/media/HHwxVA3bcAA2YQY.jpg","","in","","0","0","0","https://x.com/bmkgkertajati/status/2052569782076223644","987893905","bmkgkertajati"
"2049739213709697136","2026-04-30T06:34:45.000Z","0","Niatnya mau Padamkan Api, Loh Kok Malah Nyungsep ke Kali

Insiden tak terduga terjadi saat sebuah mobil pemadam kebakaran hendak menuju lokasi kebakaran. 

Bukannya sampai tujuan, kendaraan justru tergelincir hingga nyungsep ke kali. 
#Damkar
#Viral
#Insiden
#HatiHati
#Trending https://t.co/wUGYUxHDiH","2049739213709697136","https://pbs.twimg.com/ext_tw_video_thumb/2049739157791195137/pu/img/AWmpd8YRMb47QN59.jpg","","in","","0","0","0","https://x.com/KomaNewsroom/status/2049739213709697136","1886262460149346304","KomaNewsroom"
"2053730244331479494","2026-05-11T06:53:41.000Z","9","𝐊𝐄𝐍𝐘𝐀𝐓𝐀𝐀𝐍 𝐌𝐄𝐃𝐈𝐀 𝐉𝐀𝐁𝐀𝐓𝐀𝐍 𝐌𝐄𝐓𝐄𝐎𝐑𝐎𝐋𝐎𝐆𝐈 𝐌𝐀𝐋𝐀𝐘𝐒𝐈𝐀: 𝐏𝐄𝐑𝐌𝐔𝐋𝐀𝐀𝐍 𝐌𝐎𝐍𝐒𝐔𝐍 𝐁𝐀𝐑𝐀𝐓 𝐃𝐀𝐘𝐀.

Monsun Barat Daya dijangka bermula pada 14 Mei 2026 dan berterusan sehingga September 2026.

#metmalaysia
#NRES
#MalaysiaMADANI https://t.co/eViBA64xkK","2053730244331479494","https://pbs.twimg.com/media/HIBQwGTbwAAZLhe.jpg","","in","","0","0","11","https://x.com/metmalaysia/status/2053730244331479494","252829706","metmalaysia"
"2053324104791679388","2026-05-10T03:59:50.000Z","0","ASLI dr awal kebakaran tu damkar nya pada kemana sih😭😭😭","2053324104791679388","","","in","","0","0","0","https://x.com/shinscenes/status/2053324104791679388","1935384395076251648","shinscenes"
"2049686368360734954","2026-04-30T03:04:46.000Z","6","Petugas #pemadam kebakaran DKI melakukan pendataan dan evakuasi warga terdampak #kebakaran di Apartement Mediterania, Jakarta Barat. https://t.co/sXfZPlRB1W","2049686368360734954","https://pbs.twimg.com/amplify_video_thumb/2049686311377022976/img/wvUuLMq8eVjYJVMq.jpg","","in","","0","0","6","https://x.com/SonoraFM92/status/2049686368360734954","180696019","SonoraFM92"
"2052970286610538644","2026-05-10T11:57:58.000Z","0","@angga_fzn Orang2 jahat semacam haji isam dkk makin kaya, sdgkan guru , nakes, damkar dimiskinkan. Rakyat dibiarkan bodoh biar nurut sama pemerintah walaupun proyeknya busuk smua","2053444432146706856","","angga_fzn","in","","0","0","0","https://x.com/LeonardoChandr2/status/2053444432146706856","1001926238","LeonardoChandr2"
"2049677781714587941","2026-04-30T02:30:38.000Z","3","Petugas Pemadam Kebakaran DKI @humasjakfire berusaha memadamkan #kebakaran di Apartemen Mediterania - Tanjung Duren - Jakarta Barat. (via @bbluueeyy) https://t.co/Rdj9XmlN26","2049677781714587941","https://pbs.twimg.com/media/HHHrELebwAAPVKJ.jpg","","in","","0","1","2","https://x.com/SonoraFM92/status/2049677781714587941","180696019","SonoraFM92"
"2051288825901818217","2026-05-04T13:12:21.000Z","1","Sport Center di Peterongan, Semarang, Jawa Tengah, dilaporkan terbakar. Dalam peristiwa itu, dua orang sempat terjebak di lantai tiga sebelum berhasil dievakuasi, sementara petugas pemadam kebakaran berhasil memadamkan api, Senin (4/5). 🎥Joh https://t.co/52gBD3YSqd","2051288825901818217","https://pbs.twimg.com/amplify_video_thumb/2051288676970446848/img/LDnqGsrcme4ixXud.jpg","","in","","1","0","0","https://x.com/RadioElshinta/status/2051288825901818217","121640063","RadioElshinta"
"2053027516231909610","2026-05-09T08:21:18.000Z","1","Pengganti saya sepertinya enggan jd law enforcer, accident kembali marak dan time delay naik lagi.

Sampai ""puncaknya"" site kebakaran dan kesulitan pemadaman karena alat2 pemadam banyak yg expired atau malfungsi akibat minim inspeksi berkala.","2053027520589738140","","Mahisa_Aspartam","in","","0","1","0","https://x.com/Mahisa_Aspartam/status/2053027520589738140","2002875195456200704","Mahisa_Aspartam"
"2053661190451265669","2026-05-11T02:42:13.000Z","0","@prischamutiara kobong ? sini aku telponin damkar","2053666959884202331","","prischamutiara","in","","0","1","0","https://x.com/ratupatriaa/status/2053666959884202331","914679732","ratupatriaa"
"2051147168380342284","2026-05-04T03:49:28.000Z","2","Kalo di indo kan kalo manggil isilop gabisa mending panggil damkar aja yaa suruh semprot air ke orang2 yang ngintilin bangtan. Di semprot air pake pressure tinggi gitu juga mental","2051147168380342284","","","in","","0","1","0","https://x.com/juseaona/status/2051147168380342284","1014840063945990144","juseaona"
"2051928288055169305","2026-05-06T07:33:21.000Z","13","Sebanyak 77 rumah warga di kawasan Pardede, Kampung Jawa Lama, Kota Lhokseumawe, Aceh, ludes dilahap si jago merah pada Rabu (6/5). Kebakaran hebat tersebut menyebabkan ratusan jiwa kehilangan tempat tinggal. Kobaran api baru dapat dipadamkan setelah petugas Pemadam Kebakaran https://t.co/nD8rlpOVY8","2051928288055169305","https://pbs.twimg.com/amplify_video_thumb/2051921184179257344/img/0UC5MZLPc-qHglNW.jpg","","in","","0","0","1","https://x.com/Metro_TV/status/2051928288055169305","57261519","Metro_TV"
"2053039501942141213","2026-05-09T09:35:32.000Z","2","@unmagnetism karna damkar kemana mana bawa strobo, biar selalu menyala","2053046201977844130","","unmagnetism","in","","0","0","0","https://x.com/duniathien/status/2053046201977844130","1930855185569697792","duniathien"
"2053389203430633749","2026-05-10T08:18:30.000Z","0","PANAS BANGET TOLONGGG DAMKAR TOLONGGGG","2053389203430633749","","","in","","0","0","0","https://x.com/arcticsmoon/status/2053389203430633749","1693426384155394048","arcticsmoon"
"2052003934777311360","2026-05-06T12:33:57.000Z","0","😭😭😭😭😭😭😭 minyak tanah 😭😭😭😭😭😭😭","2052003934777311360","","","in","","0","0","0","https://x.com/th___sr/status/2052003934777311360","1615269425586008066","th___sr"
"2053731174212858052","2026-05-11T06:57:26.000Z","0","📌 MPP Kabupaten Mempawah
🗓 Selasa &amp; Rabu
⏰08.00 – 15.00 WIB

📌 MPP Kabupaten Landak
🗓Selasa &amp; Rabu
⏰08.00 – 16.00 WIB

📌 MPP Kota Singkawang
🗓Selasa &amp; Rabu
⏰10.00 – 16.00 WIB https://t.co/9fwDJ5J4Ce","2053731188305781079","https://pbs.twimg.com/media/HIBRoBNbgAE5iLp.jpg","BPOMPontianak","in","","0","1","0","https://x.com/BPOMPontianak/status/2053731188305781079","2810782669","BPOMPontianak"
"2053294355734274466","2026-05-10T02:11:45.000Z","0","@kuroumichan BERANI BANGET, udah cocok jadi damkar inimah kalau skillnya udah begini.","2053296906424684808","","kuroumichan","in","","0","1","0","https://x.com/Nocthread/status/2053296906424684808","1309106669473984513","Nocthread"
"2048007308316430510","2026-04-25T11:52:47.000Z","716","dialah pemadam kebakaran gue, ganteng bgt my sayang🥹🤍 https://t.co/CGvfRca0cG","2048007308316430510","https://pbs.twimg.com/media/HGv7yZca0AEZT29.jpg","","in","","1","22","170","https://x.com/sugarydumpie/status/2048007308316430510","1716354906637074432","sugarydumpie"
"2052927962887184694","2026-05-10T01:58:19.000Z","0","@Urrangawak Itu dia bisa turunnya gak ya? Soalnya kucing ku gak bisa turun jadi harus dibantu damkar😭😭","2053293525983490420","","Urrangawak","in","","0","0","0","https://x.com/anyaacantiik/status/2053293525983490420","1892973499666632705","anyaacantiik"
"2053469106192748872","2026-05-11T05:06:42.000Z","0","@B3doel___ Apapun alasannya, ambulan dan mobil damkar wajib diberi jalan. 
klo sampai mereka menyalahgunakan sirine untuk hal yang bukan darurat, biarlah menjadi tanggung jawab moralnya sendiri.

tapi klo tot tot wuk wuk... hmmm.....🙄","2053703319873573014","","B3doel___","in","","0","0","0","https://x.com/semesta_hilang/status/2053703319873573014","1244465373530865664","semesta_hilang"
"2052659865454076019","2026-05-08T08:00:23.000Z","2","Kebakaran menghanguskan sebagian area di Pasar 16 Ilir, Kota Palembang, Sumatera Selatan, Kamis, 7 Mei 2026, malam.

Dinas Pemadam Kebakaran dan Penanggulangan Bencana (DPKPB) Kota Palembang, Sumatera Selatan, mengerahkan tujuh unit mobil pompa (pump truck) guna memadamkan si https://t.co/K8yTrSynQc","2052659865454076019","https://pbs.twimg.com/ext_tw_video_thumb/2052659829315883008/pu/img/f8Xz4Ct91cwXIEhi.jpg","","in","","0","0","1","https://x.com/VIVAcoid/status/2052659865454076019","41730943","VIVAcoid"
"2047309074342285764","2026-04-23T13:38:15.000Z","4","Tumpukan sampah di kawasan Pegangsaan Dua, Kelapa Gading, Jakarta Utara, mengalami kebakaran sejak Kamis dini hari (22/4) dan menimbulkan asap hitam pekat serta bau menyengat yang terbawa hingga ke permukiman warga.

Petugas pemadam kebakaran mengerahkan sejumlah mobil dan https://t.co/jj1nf9GU2O","2047309074342285764","https://pbs.twimg.com/ext_tw_video_thumb/2047308930549006336/pu/img/ByNKgZh08PFJZ3NA.jpg","","in","","0","0","1","https://x.com/antaranews/status/2047309074342285764","18071520","antaranews"
"2051603459527397789","2026-05-06T02:05:11.000Z","2","@Maylaffyou @meltinngyu @tirta_cipeng gpp panggil damkar aja, sekalian edukasi jga buat tetanggamu klo damkar tugasnya gk cuma madamin api aja hehe","2051845701941035514","","Maylaffyou","in","","0","0","0","https://x.com/hyunsuuukkkk/status/2051845701941035514","1822254068439351296","hyunsuuukkkk"
"2052278346701300142","2026-05-07T06:44:21.000Z","152","PINJOL ITU BIADAB!!!!!

Sederet persoalan terkait pinjaman online kembali menjadi sorotan. Mulai dari:
- dugaan penagihan ilegal yang dilakukan oknum debt collector pinjol indosaku
- aksi teror berupa order fiktif yang merugikan petugas damkar, driver ojol, dan layanan ambulan. https://t.co/oCGzlT2mi4","2052278346701300142","https://pbs.twimg.com/media/HHsoRi8boAACwdi.jpg","","in","","3","27","39","https://x.com/mrtweepsID/status/2052278346701300142","155157511","mrtweepsID"
"2051370030864924915","2026-05-04T18:35:02.000Z","3388","💙 top 3 best instansi yg masih pantas dihargai di indonesia

1. damkar
2. tim SAR
3. KAI 🆕","2051370030864924915","","","in","","6","7","326","https://x.com/baseconvo/status/2051370030864924915","3543491593","baseconvo"
"2051255773930680828","2026-05-04T11:01:01.000Z","698","Ternyata sekarang adalah Hari Pemadam Kebakaran Internasional! Semoga sehat selalu ya, bapak2 damkar 🙏

Pernah suatu kali gua berurusan dengan damkar, dimana mereka membantu gua mencari lokasi dari suara anak kucing yang bersembunyi di mesin mobil.

Pas dicek, lokasinya agak https://t.co/cDmvfB3DvC","2051255773930680828","https://pbs.twimg.com/media/HHeGP6jacAAlp33.jpg","","in","","1","6","147","https://x.com/pak_erte92/status/2051255773930680828","195743412","pak_erte92"
"2052229971578691747","2026-05-07T08:03:21.000Z","1","@Imhereforreply @LambeSahamjja @kai Damkar juga masih lumayan ok kok kak.","2052298225978409357","","Imhereforreply","in","","0","2","0","https://x.com/AdinataMila/status/2052298225978409357","1762661251967283200","AdinataMila"
"2052025859746476099","2026-05-07T11:20:46.000Z","1","@teacuptokyo Damkar halo(?)!😮‍💨😮‍💨😮‍💨😮‍💨😮‍💨","2052347908272644339","","teacuptokyo","in","","0","0","0","https://x.com/udahle_gal/status/2052347908272644339","1894405286754226178","udahle_gal"
"2052738073637904671","2026-05-08T13:11:09.000Z","1","PENDATAAN BANGUNAN TIDAK BERIZIN.

@ditpolpp_linmas 
@satpolppjabar 
@pemkabcjr https://t.co/auLnIdYxrV","2052738073637904671","https://pbs.twimg.com/ext_tw_video_thumb/2052737885045194752/pu/img/TpG3h3uokcBpGi_Y.jpg","","in","","0","2","0","https://x.com/stpolpp_dmkrcjr/status/2052738073637904671","1745688053296123905","stpolpp_dmkrcjr"
"2051453209747808377","2026-05-05T00:05:34.000Z","41","Gak usah heran‼️ https://t.co/VXHO55JAf7","2051453209747808377","https://pbs.twimg.com/ext_tw_video_thumb/2051453170455556097/pu/img/XKaj36QPa6n7Sdcc.jpg","","in","","0","4","25","https://x.com/gimbot75/status/2051453209747808377","1402458573775331329","gimbot75"
"2052664234593718509","2026-05-08T08:17:44.000Z","30","Seorang pria berusia 27 tahun di Kota Pekanbaru, Riau, terpaksa meminta bantuan pemadam kebakaran dan tim medis setelah memasang cincin hingga tersangkut di kemaluannya.

​Pria tersebut awalnya mendatangi Rumah Sakit Madani untuk mendapat pertolongan, namun pihak dokter kemudian https://t.co/B04yJkh5C9","2052664234593718509","https://pbs.twimg.com/media/HHyHPVna4AABR3R.jpg","","in","","3","17","3","https://x.com/mudahtertawa_/status/2052664234593718509","1539273147366551552","mudahtertawa_"
"2052404897459601780","2026-05-07T15:07:14.000Z","9","Seorang petugas pemadam kebakaran di Gunungkidul bernama Rudi Indratna dilaporkan pingsan saat mengendarai sepeda motor usai menjalani piket malam.

Selengkapnya di video berikut ini!
#ForYourInformation #CariBeritaditvOne #Gunungkidul #Wonosari #PemadamKebakaran #FYI02 #ZA03 https://t.co/dL8YloDu44","2052404897459601780","https://pbs.twimg.com/media/HHubXBYaUAAeP6l.jpg","","in","","0","1","2","https://x.com/tvOneNews/status/2052404897459601780","55507370","tvOneNews"
"2051131078933614847","2026-05-04T08:57:27.000Z","1","@Lase32029 Berani-beraninya menghalangi mobil pemadam kebakaran","2051224676010233960","","Lase32029","in","","0","1","1","https://x.com/Ruq4yy4/status/2051224676010233960","1611654278862766080","Ruq4yy4"
"2052635105743749264","2026-05-08T06:21:59.000Z","1","TTS Jadi Pusat HUT Damkar dan Satpol PP NTT 2026, Ribuan Personel Meriahkan Upacara

Timor Tengah Selatan (TTS) - Kembali menjadi pusat perhatian tingkat Provinsi Nusa Tenggara Timur. Upacara Peringatan Hari Ulang Tahun Pemadam Kebakaran ke-107, Satuan Polisi Pamong Praja ke-76 https://t.co/UefcDk6oSD","2052635105743749264","https://pbs.twimg.com/media/HHxsu2mbUAA4cUl.jpg","","in","","0","0","0","https://x.com/purnayata34630/status/2052635105743749264","1697399535180591104","purnayata34630"
"2053733349236392067","2026-05-11T07:06:01.000Z","0","PENUTUPAN SEMENTARA RSA TEMERLOH ARAH BARAT
Tarikh: 12/05/2026 (Selasa)
Masa : 8.00am -3.00pm
Lokasi: RSA Temerloh Arah Barat
Altenatif: Layby Lanchang Arah Barat
Penutupan sementara untuk kerja-kerja ""spring cleaning"" dilokasi.@llminfotrafik","2053733349236392067","","","in","","0","0","0","https://x.com/LPTTrafik/status/2053733349236392067","389465925","LPTTrafik"
"2051929588482421209","2026-05-06T15:29:01.000Z","2","@adanginyah Masa ga paham Bro ? Semisal kerja sebagai Damkar, saat belum ada panggilan utk madamin kebakaran, kendaraannya siapa yang bersihkan ? Ya pasti orang Damkar itu sendiri kan ?","2052047994690969781","","adanginyah","in","","0","0","0","https://x.com/Patihs7/status/2052047994690969781","1975098433611644928","Patihs7"
"2051197924147966130","2026-05-04T08:05:18.000Z","14","@mukaikhlas damkar artinya damn kebakar🔥","2051211552486019452","","mukaikhlas","in","","0","0","2","https://x.com/cursskkied/status/2051211552486019452","287093780","cursskkied"
"2051469510763511869","2026-05-05T01:10:20.000Z","2","keinget waktu dokumentasi profesi trus akhirnya milih damkar, hari itu ternyata ada rescue trus aku ikut masuk mobil damkar nya wkwk ikutan panik anjirr📈📈 https://t.co/o67tDARDzG","2051469510763511869","https://pbs.twimg.com/media/HHhIn6YaEAAleK8.jpg","","in","","0","1","0","https://x.com/grchlnerruby_/status/2051469510763511869","1898704644840591360","grchlnerruby_"
"2052750858581156297","2026-05-08T14:01:57.000Z","0","ᅠ

ᅠ

ᅠ

ᅠ

ᅠ

ᅠ

ᅠ

ᅠ

ᅠ

ᅠ

ᅠ
ᅠ
ᅠ

ᅠ

ᅠ

ᅠ
ᅠ

ᅠ

ᅠ

ᅠ

ᅠ

ᅠ

ᅠ

ᅠ

ᅠ

ᅠ

ᅠ
ᅠ
ᅠ

ᅠ

ᅠ

ᅠ
ᅠ

ᅠ

ᅠ

ᅠ

ᅠ

ᅠ

ᅠ

ᅠ

ᅠ

ᅠ

ᅠ
ᅠ
ᅠ

ᅠ

ᅠ

ᅠ
ᅠ

ᅠ

ᅠ

ᅠ

ᅠ

ᅠ

ᅠ

ᅠ

ᅠ

pembersihan","2052750858581156297","","","in","","0","0","0","https://x.com/WistfulMOKA/status/2052750858581156297","2040224719085924352","WistfulMOKA"
"2051326040908439671","2026-05-04T15:44:13.000Z","0","Gelombang III: Rp. 270.000,00

🗓 𝐏𝐞𝐫𝐢𝐨𝐝𝐞 𝐏𝐞𝐧𝐝𝐚𝐟𝐭𝐚𝐫𝐚𝐧
📮 Pendaftaran &amp; Pengumpulan Karya Gelombang I : 1 April - 13 April 2026
📮 Pendaftaran &amp; Pengumpulan Karya Gelombang II : 14 April - 26 April 2026","2051327041061134654","","HIMAKBMKMUnsoed","in","","0","1","0","https://x.com/HIMAKBMKMUnsoed/status/2051327041061134654","554819009","HIMAKBMKMUnsoed"
"2052353337870389386","2026-05-07T11:42:21.000Z","0","MAHA DAHSYAT MENG FUYUAN😭😭😭😭😭😭😭😭😭😭😭😭😭😭😭😭😭😭😭😭","2052353337870389386","","","in","","0","0","0","https://x.com/neocilaipibi/status/2052353337870389386","1640323123","neocilaipibi"
"2051531275870376415","2026-05-05T05:15:46.000Z","87","TNI ini laksana dewa dan segala bisa. Gak puas ambil alih pekerjaan sipil, kini pekerjaan DAMKAR juga akan diambil ?? Kenapa bukan kendaraan DAMKAR yang sudah jelek saja yang diganti alih-alih tugas DAMKAR diambil alih TNI?

Negara makin aneh saja 🤦 https://t.co/of1nDuWljE","2051531275870376415","https://pbs.twimg.com/ext_tw_video_thumb/2051531240629743616/pu/img/LXtpds1ebRgZ4fnM.jpg","","in","","3","17","45","https://x.com/_riverheaven/status/2051531275870376415","975389335775199232","_riverheaven"
"2052597560871997603","2026-05-08T03:52:48.000Z","1","Bersyukur banget Alhamdulillah sadar ada api pas belum telalu besar apinya + rumah deket kelurahan yang ada standby 1 pasukan damkar beserta mobilnya. Api jadi cepet padam dan nggak terlalu gede kebakarannya 😭😭😭","2052597560871997603","","","in","","0","1","0","https://x.com/Pacinggembul22/status/2052597560871997603","1256841510651260933","Pacinggembul22"
"2045015871194865962","2026-04-17T05:45:52.000Z","0","Komitmen Tingkatkan Kompetensi
Sebanyak empat aparatur pemadam kebakaran BPBD DIY saat ini tengah mengikuti Pelatihan Pemadam Kebakaran Kualifikasi Pemadam I yang diselenggarakan di Balai Pelatihan Kompetensi Fungsional APDN, Bogor. https://t.co/gdnM0EShLX","2045015871194865962","https://pbs.twimg.com/amplify_video_thumb/2045015599580131328/img/Afx-QElPhF_EiqyC.jpg","","in","","0","1","0","https://x.com/BPBDDIY/status/2045015871194865962","758572219","BPBDDIY"
"2049673702749700126","2026-04-30T02:14:26.000Z","1","Ada apartemen kebakaran.
Liat lansia pada keluar lewat jendela dibantu tangga monyet dan tim damkar, ada yg sambil turunin oksigen.
Dibawah ada ibu² sama suster pengasuh bawa anak² keluar dari pagar.
Pinggir jalan kanan kiri mobil pemadam, mobil ambulan, polisi.

Semoga lekas https://t.co/KdTXDVORa6","2049673702749700126","https://pbs.twimg.com/media/HHHnXsnbAAAV5MC.jpg","","in","","0","0","0","https://x.com/rembunja/status/2049673702749700126","1322491334658199552","rembunja"
"2051821085671535019","2026-05-06T00:27:22.000Z","0","ㅤㅤㅤㅤ
ㅤ
ㅤ                 STNK HARI INI   
ㅤㅤㅤ    06/05/26-19.00 WIB
ㅤ https://t.co/m2vPUx8CCN","2051821085671535019","https://pbs.twimg.com/media/HHmIZfyaoAIATDn.jpg","","ko","","2","1","12","https://x.com/SFTAMBYAR/status/2051821085671535019","1356484680606912512","SFTAMBYAR"
"2051235119630070001","2026-05-04T09:38:57.000Z","0","pemadam kebakaran dan pertolongan medis atau pengangkutan (evakuasi) ke rumah sakit untuk mendapatkan penanganan lebih lanjut.

• • • • • • • • • • • • • • • • • • • •","2051235122586984796","","ksrfkmundip","in","","0","1","0","https://x.com/ksrfkmundip/status/2051235122586984796","465350143","ksrfkmundip"
"2052540137624752588","2026-05-08T00:04:37.000Z","3","Masih pagi lhoo padahal, udh dar der dor aja, untung damkar deket rumah 😭😭 https://t.co/fplFMoVlUH","2052540137624752588","https://pbs.twimg.com/media/HHwWXJ3bYAARxvN.jpg","","in","","1","3","0","https://x.com/Pacinggembul22/status/2052540137624752588","1256841510651260933","Pacinggembul22"
"2051122056541180281","2026-05-05T08:32:37.000Z","11","@cozyaltruis Di negara serba rusak birokrasinya ini gue cuman percaya damkar, timsar, sama kai. 🥲","2051580816787186074","","cozyaltruis","in","","0","0","3","https://x.com/bravemaru99/status/2051580816787186074","1033948895330492417","bravemaru99"
"2046154147163263328","2026-04-20T09:08:59.000Z","3","Sebagai upaya memperkuat mitigasi bencana kebakaran di wilayah, Babinsa Kodim 0712 Tegal mengikuti pelatihan khusus penanganan kebakaran yang digelar Dinas Pemadam Kebakaran Kota Tegal. Melalui pelatihan ini, aparat kewilayahan dibekali kemampuan teknis pemadaman dan penanganan https://t.co/HH9kHVTO2i","2046154147163263328","https://pbs.twimg.com/amplify_video_thumb/2046152610890350592/img/dc6INfbTu1a4mM6C.jpg","","in","","0","0","2","https://x.com/RadioElshinta/status/2046154147163263328","121640063","RadioElshinta"
"2044645538419839274","2026-04-16T05:14:18.000Z","1","Kebakaran besar melanda kilang minyak vital milik Viva Energy di Geelong, Australia, pada Rabu malam (15/4).

Api disertai beberapa ledakan dilaporkan muncul dari area produksi bensin, sehingga puluhan petugas pemadam langsung dikerahkan untuk menjinakkan kobaran api yang sempat https://t.co/woZgCBmtcB","2044645538419839274","https://pbs.twimg.com/ext_tw_video_thumb/2044645370610008064/pu/img/8NIM_YNwfmLTuUnr.jpg","","in","","0","1","0","https://x.com/antaranews/status/2044645538419839274","18071520","antaranews"
"2052642017038213431","2026-05-08T06:49:37.000Z","0","Menunggu satu percikan kecil yang cukup untuk menyulut api jauh lebih besar.

Dan pada 28 Februari 2026, api itu pun merajalela… https://t.co/ZVoUYEPnqn","2052642059782357184","https://pbs.twimg.com/media/HHxzElrbkAAaviv.jpg","himahiub","in","","0","1","0","https://x.com/himahiub/status/2052642059782357184","273785822","himahiub"
"2053656372877861086","2026-05-11T02:00:09.000Z","0","Humanis dan Penuh Kebersamaan, Kapolsek Pontianak Selatan Hadiri HUT Damkar Kapuas Bhakti Barito dan Mitra Bhakti

(Humas Polsek Pontianak Selatan)
#polripresisi
#polriuntukmasyarakat https://t.co/GzBE5cz2cb","2053656372877861086","https://pbs.twimg.com/media/HIANlkfaIAAChxX.jpg","","in","","0","0","0","https://x.com/PolsekSela38649/status/2053656372877861086","1707681586895020032","PolsekSela38649"
"2053039501942141213","2026-05-09T09:35:02.000Z","1","@unmagnetism Damkar hatersnyaa pemerintah un","2053046072847823038","","unmagnetism","in","","0","0","0","https://x.com/americanoaddctd/status/2053046072847823038","910031282","americanoaddctd"
"2053117795861491862","2026-05-09T15:43:07.000Z","1","@dramacoKR bangun gedung damkar di depan istana sekarang jugaa!!! cape kebakaran mulu😭","2053138704546546079","","dramacoKR","in","","0","0","0","https://x.com/zaiolts/status/2053138704546546079","1813442351760809984","zaiolts"
"2052410299110813915","2026-05-10T04:29:42.000Z","0","@ellagqross @_ Halo dd, salam kenal juga! Lucu banget ada anak tk disini :3 di tk udah di ajarin apa aja dd? Coba kakak pengen tau. Wkwk kalau telpon damkar ya gapapa nanti kita main hujan2an, kayanya es skrim! Kalau bisa kakak pengen makan semua rasa eskrim seharian. Lucu sekali editan nya ini","2053331624482525429","","ellagqross","in","","0","0","0","https://x.com/Hantaesfan/status/2053331624482525429","1755272070299291650","Hantaesfan"
"2053661190451265669","2026-05-11T03:09:20.000Z","0","@ratupatriaa Damkar pun tak sanggup menghadapi kebakaran akibat kebodohan rezim","2053673785031823747","","ratupatriaa","in","","0","0","0","https://x.com/prischamutiara/status/2053673785031823747","43046044","prischamutiara"
"2047987089686577210","2026-04-25T10:32:26.000Z","21","Aksi cepat petugas pemadam kebakaran di Kutai Timur, Kalimantan Timur, menjadi sorotan setelah berhasil mengevakuasi seekor buaya yang muncul di parit dekat permukiman warga. Dalam video yang beredar di media sosial, petugas terlihat sigap dan berani menangani situasi berbahaya https://t.co/uDLPuFxTYG","2047987089686577210","https://pbs.twimg.com/amplify_video_thumb/2047986952620978176/img/KwD7pWaokpxmmGD4.jpg","","in","","0","1","2","https://x.com/antaranews/status/2047987089686577210","18071520","antaranews"
"2052597051251413018","2026-05-08T03:50:47.000Z","1","OPERASI BERSIH BERSAMA BAPAK BUPATI.

@ditpolpp_linmas 
@satpolppjabar 
@pemkabcjr https://t.co/jVb2zLK4p8","2052597051251413018","https://pbs.twimg.com/media/HHxKIybaIAAhWS3.jpg","","in","","0","2","0","https://x.com/stpolpp_dmkrcjr/status/2052597051251413018","1745688053296123905","stpolpp_dmkrcjr"
"2051873524147761204","2026-05-06T15:51:02.000Z","1","@bangherwin Yaah sejak Prabowo jadi presiden, memang citra TNI sudah makin hancur, apalagi sejak alumni TNI menjabat tinggi dan gagal, sekarang yg bisa dipercaya hanya damkar saja","2052053535962120515","","bangherwin","in","","0","1","0","https://x.com/OnePrasasti/status/2052053535962120515","1060535916207366147","OnePrasasti"
"2051131078933614847","2026-05-04T22:31:56.000Z","1","@Lase32029 Kasih faham pak Damkar 
parahh sihh pengendara gitu 🤦🤦","2051429648345759980","","Lase32029","in","","0","0","1","https://x.com/ankbetawiasli/status/2051429648345759980","202977787","ankbetawiasli"
"2053451364957839692","2026-05-10T21:17:09.000Z","2","@Jelli_cent @FukusimaX Berdasarkan UU No. 22 Tahun 2009 tentang LLAJ Pasal 134 dan 135, ambulans yang membawa pasien darurat adalah kendaraan prioritas utama (urutan kedua setelah pemadam kebakaran) yang wajib didahulukan di jalan raya.","2053585156414599391","","Jelli_cent","in","","0","0","0","https://x.com/M_Katjasungkana/status/2053585156414599391","2191579651","M_Katjasungkana"
"2051548971043106840","2026-05-05T11:52:59.000Z","6","@yappingfess gw gatau lu nimbang pake heels runcing atau sepatu damkar, atau emg bb lu aja yg over, tolong introspeksi diri aja sih nder 😭 ga mungkin salah timbangan soalnya","2051631239514538234","","yappingfess","in","","0","0","0","https://x.com/eccedentidiast/status/2051631239514538234","1648136644317556736","eccedentidiast"
"2052380337934938494","2026-05-07T23:32:21.000Z","43","@Caffeine_Lvr @neVerAl0nely___ Sampah? Yg bersihin nanti pasti OB, atau petugas kebersihan kota/kab. Tapi sapi? Yg bakalan sibuk disuruh bersihin jalanan pasti pemadam kebakaran karna harus disiram.
Ngatain polisi tolol tp lu lebih tolol, polisi bukan buat ngelindungin tp untuk keamanan lokasi demo","2052532015887683739","","Caffeine_Lvr","in","","0","1","1","https://x.com/4shottiesboiz/status/2052532015887683739","1915387456175955974","4shottiesboiz"
"2051104193717715407","2026-05-04T00:58:42.000Z","9","Today is International Firefighters' Day

Sadar akan bahaya kebakaran, warga terpelajar Batavia berusaha membangun satuan Brandweer (pemadam) sejak lama.
https://t.co/3rXD62XgzH","2051104193717715407","","","in","","0","2","3","https://x.com/historia_id/status/2051104193717715407","131903463","historia_id"
"2053446016842809755","2026-05-10T12:36:49.000Z","1","@lastcar132076 perlu di panggil damkar gak car?","2053454208012267598","","lastcar132076","in","","0","1","0","https://x.com/LeeMineral03/status/2053454208012267598","2052869108954456064","LeeMineral03"
"2052202048914129331","2026-05-07T01:41:11.000Z","1","Upacara Peringatan HUT Satpol PP ke-76, Satlinmas ke-64, dan Damkar &amp; Penyelamatan ke-107 🔥🇮🇩

Dedikasi tanpa henti untuk menjaga ketertiban, melindungi masyarakat, dan sigap dalam setiap keadaan. Terima kasih atas pengabdian yang luar biasa untuk Kota Denpasar.

#SatpolPP https://t.co/eIqUwzXs48","2052202048914129331","https://pbs.twimg.com/amplify_video_thumb/2052201822895644672/img/IfBMX0WGK-u79kc1.jpg","","in","","0","0","0","https://x.com/DenpasarKota/status/2052202048914129331","474836414","DenpasarKota"
"2052990763613724876","2026-05-09T13:23:36.000Z","1","@Kosimatkasah Setelah DAMKAR kini sampah,
Gilak sikat habis semua","2053103596837937456","","Kosimatkasah","in","","0","0","0","https://x.com/RagaSukma_1/status/2053103596837937456","1593826699749494784","RagaSukma_1"
"2053506126646554759","2026-05-10T16:03:07.000Z","0","Sakit perut 😭 lagi lama bgt dateng tuh damkar dah ah","2053506126646554759","","","in","","0","0","0","https://x.com/jehy0n/status/2053506126646554759","1407875876511830019","jehy0n"
"2052195063695135203","2026-05-07T01:13:25.000Z","5","LDII Klaten Gandeng Damkar Latih Santri Hadapi Risiko Kebakaran 

Kegiatan ini menjadi bagian dari upaya LDII memperkuat kesiapsiagaan santri dan lingkungan pesantren dalam menghadapi potensi bencana. Program bertema “Mewujudkan Pesantren Tangguh dan Aman dari Bencana Api”","2052195063695135203","","","in","","0","0","0","https://x.com/ldii_news/status/2052195063695135203","109599242","ldii_news"
"2051231984614305878","2026-05-04T09:26:29.000Z","0","ᅠ

ᅠ

ᅠ

ᅠ

ᅠ

ᅠ

ᅠ

ᅠ

ᅠ

ᅠ

ᅠ
ᅠ
ᅠ

ᅠ

ᅠ

ᅠ
ᅠ

ᅠ

ᅠ

ᅠ

ᅠ

ᅠ

ᅠ

ᅠ

ᅠ

ᅠ

ᅠ
ᅠ
ᅠ

ᅠ

ᅠ

ᅠ
ᅠ

ᅠ

ᅠ

ᅠ

ᅠ

ᅠ

ᅠ

ᅠ

ᅠ

ᅠ

ᅠ
ᅠ
ᅠ

ᅠ

ᅠ

ᅠ
ᅠ

ᅠ

ᅠ

ᅠ

ᅠ

ᅠ

ᅠ

ᅠ

ᅠ

pembersihan tl 🐈‍⬛️ 15 https://t.co/JrSextF7Lm","2051231984614305878","https://pbs.twimg.com/media/HHdwnqTbcAAkWcc.jpg","","in","","0","0","0","https://x.com/RAMUDAsuka/status/2051231984614305878","1256443559210708992","RAMUDAsuka"
"2045071234954576052","2026-04-17T09:25:52.000Z","0","Kebakaran mendadak terjadi di kompleks asrama Polri di kawasan Kalideres, Jakarta Barat, pada Jumat siang, 17 April 2026. Kepulan asap sempat terlihat membumbung, membuat petugas pemadam kebakaran langsung bergerak cepat ke lokasi.

Kepala Dinas Penanggulangan Kebakaran dan https://t.co/cUeBmvIBlk","2045071234954576052","https://pbs.twimg.com/media/HGGNc2DXIAIrlf6.jpg","","in","","0","1","0","https://x.com/VIVAcoid/status/2045071234954576052","41730943","VIVAcoid"
"2051528516135718930","2026-05-05T05:04:48.000Z","5","Suasana mencekam menyelimuti lingkungan di Belo Horizonte, Brasil, setelah sebuah pesawat ringan kehilangan ketinggian dan menghantam sebuah gedung kediaman di Jalan Ilacir Pereira Lima. Menurut laporan Departemen Pemadam Kebakaran Militer Minas Gerais, pesawat tersebut menabrak https://t.co/aHnPhvnvrM","2051528516135718930","https://pbs.twimg.com/amplify_video_thumb/2051528387123134464/img/LZLi20Cw_WOgqvjX.jpg","","in","","0","0","2","https://x.com/Metro_TV/status/2051528516135718930","57261519","Metro_TV"
"2051603459527397789","2026-05-05T15:41:44.000Z","1","@Maylaffyou @tirta_cipeng bapakku sering evakuasi sendiri kak, caranya semua lampu disekitar matikan, terus nanti lobang di sarangnya disumpel pake kapas yang dikasih bensin, tawonnya akan mabok terus diinjek2😭😭😭
tapi better panggil damkar ajasihhh","2051688806253052010","","Maylaffyou","in","","0","1","0","https://x.com/meltinngyu/status/2051688806253052010","1338171694532399104","meltinngyu"
"2053101627809366415","2026-05-10T02:32:01.000Z","0","@KapudS640 Yang harusnya mahal: 
1. Gaji guru 
2. Gaji nakes
3. gaji damkar
4. saptam BCA 
5. Tim sar basarnas","2053302006115365032","","KapudS640","in","","0","0","0","https://x.com/cocoki24/status/2053302006115365032","2534190624","cocoki24"
"2053430000846864522","2026-05-10T14:13:16.000Z","0","@petanibakteri Kalo kek gt ularjya diambil damkar apa buat kamu son","2053478481569476969","","petanibakteri","in","","0","1","0","https://x.com/liwirr/status/2053478481569476969","1337815577843232768","liwirr"
"2047888474586681604","2026-04-25T04:00:34.000Z","55","Dinas Pemadam Kebakaran (Damkar) Kota Semarang memutuskan untuk menempuh jalur hukum dengan melaporkan pelaku tindakan ""prank"" atau iseng peristiwa kebakaran palsu kepada kepolisian.

Sekretaris Dinas Damkar Kota Semarang, Ade Bhakti, di Semarang, Jumat (24/4), menegaskan bahwa https://t.co/WM0aIjk7cs","2047888474586681604","https://pbs.twimg.com/media/HGuPtk-bYAAsyeT.jpg","","in","","2","3","20","https://x.com/antaranews/status/2047888474586681604","18071520","antaranews"
"2052010491862552607","2026-05-06T13:00:00.000Z","45","Seorang petugas Damkar terjatuh mendadak pada saat lampu merah, yang bersangkutan habis pulang piket dan saat ini masih mendapatkan perawatan intensif. Semoga lekas sembuh pak damkar 🥲 https://t.co/cf924RzXEH","2052010491862552607","https://pbs.twimg.com/amplify_video_thumb/2052007564993581056/img/Ua4E3sskWK20Cnlt.jpg","","in","","1","8","11","https://x.com/P3gEl/status/2052010491862552607","224431376","P3gEl"
"2050916288177037566","2026-05-03T12:32:01.000Z","0","ronde simulasi.

hoi adek-adek sudah siap? kalo sudah siap, kak atuy mau kalian jadi pemadam kebakaran dong! 🥺

adek-adek bisa jadi pemadam kebakaran selama 3 menit! ayooo mulai!","2050916288177037566","","","in","","5","21","4","https://x.com/wardensatur/status/2050916288177037566","1933464862627409926","wardensatur"
"2053143762063466597","2026-05-11T04:05:46.000Z","0","@is_pelssy 👮🏻‍♂️ : mau panggil damkar tapi…","2053687986051797312","","is_pelssy","in","","0","0","0","https://x.com/JJChu3030/status/2053687986051797312","1637628886317174784","JJChu3030"
"2051199512631464125","2026-05-04T07:17:27.000Z","1","Gerak Cepat 112 dan Damkar Dipuji Wattimena: Hadir Tanpa Batas Waktu

https://t.co/uD1yu26Oxf","2051199512631464125","","","in","","0","0","0","https://x.com/PelitaMaluku/status/2051199512631464125","1562458723489947648","PelitaMaluku"
"2053119919437623340","2026-05-10T07:37:56.000Z","0","@itszweedy Harusnya bangun kantor damkar sebelahnya istana 😭","2053378991562870906","","itszweedy","in","","0","0","0","https://x.com/Ini__Mimi/status/2053378991562870906","756643247695335424","Ini__Mimi"
"2053073493450011102","2026-05-10T11:06:12.000Z","0","@gilabola_ina Besok pasti ada club damkar dan club Satpol-PP","2053431406043537707","","gilabola_ina","in","","0","0","0","https://x.com/romierohman02/status/2053431406043537707","829054809462353920","romierohman02"
"2052160301899145316","2026-05-06T22:55:17.000Z","3","Menurut jabatan bomba, sebanyak 48 pasukan tindak balas kini berada di lokasi, dengan 58 lagi dijangka tiba dari wilayah Lublin dan Lesser Poland.
#AWANInews #AWANIpagi

https://t.co/l0217pAEqb","2052160301899145316","","","in","","0","0","0","https://x.com/501Awani/status/2052160301899145316","497665754","501Awani"
"2052621032473973205","2026-05-08T05:26:04.000Z","1","Kesiapan PBB dan defile personel Satpol PP, Satlinmas, dan Damkar Kabupaten Cilacap bersama instruktur Kodim 0703/Cilacap, Jumat (08/05/2026).

Selengkapnya di : https://t.co/xoKVyiBMIu

@kemendagri @ditpolpp_linmas @satpolpp_jateng https://t.co/hYWBc97XL9","2052621032473973205","https://pbs.twimg.com/amplify_video_thumb/2052620935027625984/img/VFZBVO0FpuHvQ9MO.jpg","","in","","0","0","0","https://x.com/satpolppcilacap/status/2052621032473973205","803815819406766084","satpolppcilacap"
"2051913726148915642","2026-05-06T07:14:55.000Z","1","@MyPaijoKun @InFebriyan128 Semoga lekas pulih pak Damkar.","2051923648693616889","","MyPaijoKun","in","","0","1","0","https://x.com/DeddyDjumadi4/status/2051923648693616889","1603899617216987136","DeddyDjumadi4"
"2051183908889522514","2026-05-04T06:15:27.000Z","25","Damkar gresik membantu menggotong jenazah wanita yang berbobot 400kg.

Personel damkar gresik dikerahkan untuk membantu jenazah wanita, yang bernama khusnul khatimah (25) yang mengalami obesitas ekstrem, dengan berat badan 400KG. 

terimakasih damkar gresik🙏🏻🙏🏻 https://t.co/vHMxgMSxkN","2051183908889522514","https://pbs.twimg.com/ext_tw_video_thumb/2051183852174073856/pu/img/XV2spwXRR4YcJOeC.jpg","","in","","1","7","8","https://x.com/mudahtertawa_/status/2051183908889522514","1539273147366551552","mudahtertawa_"
"2052945930014581158","2026-05-09T06:52:20.000Z","1","@tir_mcdohll Dan damkar kah ahlinya menurut anda ?😁","2053005128379314258","","tir_mcdohll","in","","0","1","0","https://x.com/L1L178/status/2053005128379314258","2826562393","L1L178"
"2053352102853038305","2026-05-10T10:20:12.000Z","0","@kolektorkcebong tenang, ak tawu no hp damkar","2053419830540390688","","kolektorkcebong","in","","0","1","0","https://x.com/anthrblue/status/2053419830540390688","1700122960143831040","anthrblue"
"2052296766872322210","2026-05-07T07:57:33.000Z","13","Seorang anggota pemadam kebakaran di Kabupaten Gunungkidul, DI Yogyakarta, mendadak pingsan saat mengendarai motor di kawasan Wonosari pada Selasa pagi (5/5/2026). Korban yang diketahui bernama Rudi Indratna (56) tiba-tiba tidak sadarkan diri hingga terjatuh dari kendaraannya. https://t.co/mGef40PbfZ","2052296766872322210","https://pbs.twimg.com/media/HHs493rbwAEoFGQ.jpg","","in","","0","1","3","https://x.com/TRANSTV_CORP/status/2052296766872322210","125225621","TRANSTV_CORP"
"2052910629196079323","2026-05-09T00:36:49.000Z","0","Sinergitas Polri dan Damkar Karangasem Amankan Tumpahan Solar di Jalan Raya Saren Kauh

​Respons cepat ditunjukkan oleh jajaran Polsek Bebandem bersama Dinas Pemadam Kebakaran (Damkar) Kabupaten Karangasem dalam menangani tumpahan minyak yang diduga solar industri https://t.co/IM12FLMtTg","2052910629196079323","https://pbs.twimg.com/amplify_video_thumb/2052910443497488384/img/MWOqwxfrxoYdzhsP.jpg","","in","","0","0","0","https://x.com/PBebandem/status/2052910629196079323","1250737558935363589","PBebandem"
"2051998829243932877","2026-05-06T17:48:32.000Z","65","@yaniarsim @lapor_resPati @DivHumas_Polri BISA KERJA GA SI KALEAN !!!! JING SAMA DAMKAR AJA BAGUSAN DAMKAR !! MENDING SURUH NYARI DAMKAR AJA PASTI CPET KTMU ! GA GUNA POLISI","2052083104823857169","","yaniarsim","in","","0","4","4","https://x.com/chiko_adam7969/status/2052083104823857169","1917460171602944000","chiko_adam7969"
"2053032021929398367","2026-05-10T05:36:36.000Z","0","@CakD3pp Kenapa bukan DAMKAR saja, lebih heroik 😊","2053348459890246022","","CakD3pp","in","","0","0","0","https://x.com/dodokdoank/status/2053348459890246022","17424768","dodokdoank"
"2050667046363607347","2026-05-02T20:01:38.000Z","38","Drama #FireInvestigator  ini bekerjasama dengan Biro Keamanan dan Korps Pemadam Kebakaran Provinsi Hainan saat syuting. Bahkan komandannya datang pas booting. Jadi scene di drama ini nantinya tidak sembarangan, karena diawasi langsung oleh instansi terkait. 
In FI i trust.
#Xukai https://t.co/Cx7fFj5Cii","2050667046363607347","https://pbs.twimg.com/media/HHVuzjYaAAAKekD.jpg","","in","","1","2","17","https://x.com/fatmacuyy/status/2050667046363607347","461800167","fatmacuyy"
"2051498587956355143","2026-05-05T03:05:53.000Z","70","Periode: 5- 31 Mei 2026.
Pengumuman: 9 Juni 2026

Buruan ikutan sekarang juga!","2051498591861322054","","indodax","in","","0","9","32","https://x.com/indodax/status/2051498591861322054","2339859001","indodax"
"2051634358294073711","2026-05-05T19:38:39.000Z","1","@Zeefire02 Sran w jgn panggil damkar,panggil pemuda pancasila aj tuk usir tu tikus","2051748429685272678","","Zeefire02","in","","0","1","0","https://x.com/RezaFahHsb01/status/2051748429685272678","1444499057351663619","RezaFahHsb01"
"2051236916323074330","2026-05-04T10:28:11.000Z","1","@gagitudor panggil damkar","2051247510346399963","","gagitudor","in","","0","0","0","https://x.com/Edengreeeen/status/2051247510346399963","2807612520","Edengreeeen"
"2053461563575779350","2026-05-10T13:06:02.000Z","0","Duh mas mas damkar itu ko manis.","2053461563575779350","","","in","","0","0","0","https://x.com/centang2biru/status/2053461563575779350","1682883754388508672","centang2biru"
"2053465410352345521","2026-05-10T13:26:44.000Z","0","@0SEUNGYE0N_ @jieunniew @stevehnoh Ahahaha tolong abis ini sediain damkar didepan istana, biar anggaran istana nggak abis buat renov pasca kebakaran terus","2053466769843683422","","0SEUNGYE0N_","in","","0","1","0","https://x.com/byeotwooseok/status/2053466769843683422","1238212026","byeotwooseok"
"2051131078933614847","2026-05-04T05:31:10.000Z","30","@Lase32029 Telinganya budheg g denger sirine lori damkar..matanya buta g bisa liat spion..terus klo situasinya gitu, SIM kok bisa kluar tu...??.waduuhh...
Seruduk ja..","2051172763684290994","","Lase32029","in","","0","1","1","https://x.com/ajartwiterran/status/2051172763684290994","1215230603655700480","ajartwiterran"
"2051170554410094906","2026-05-04T05:22:23.000Z","1","Kapolres Tuban beserta staf dan jajaran, mengucapkan :

""Selamat Hari Pemadam Kebakaran Internasional"" https://t.co/g6Z2mOqFeL","2051170554410094906","https://pbs.twimg.com/media/HHc4v9GbkAEMHrz.jpg","","in","","0","0","0","https://x.com/HKenduruan27543/status/2051170554410094906","1944965014122848258","HKenduruan27543"
"2052672006106304831","2026-05-08T16:29:43.000Z","1","@yoongi25052 @myamourjk Kaaaak 😭 kayak kucing dong harus dipanggilin damkar","2052788042910585077","","yoongi25052","in","","0","1","0","https://x.com/wildflower875/status/2052788042910585077","1984256784773820416","wildflower875"
"2051968442568491354","2026-05-07T01:42:02.000Z","2","@Co2m861 @wiyokooo Klo liat Dari jalannya sih jauh kak Dari damkar","2052202263704474097","","Co2m861","in","","0","1","0","https://x.com/leviluv6/status/2052202263704474097","1704396637446303744","leviluv6"
"2051613049577152707","2026-05-06T10:36:12.000Z","3","@OmJ_J3Nggott nyusahin orang lain aja, kalo ambulance pemadam kebakaran yg emang urgent baru dikasih jalan, kalo cuma biar cepet sampe tapi ga urgent mah ngapain mending datang lebih awal biar ga telat","2051974302279585991","","OmJ_J3Nggott","in","","0","0","0","https://x.com/bukankado/status/2051974302279585991","1498134668386136067","bukankado"
"2052718621017944566","2026-05-08T12:34:57.000Z","3","@afrkml enaknya nelpon damkar bang, suruh bawain gerobak syomai","2052728964804989321","","afrkml","in","","0","0","0","https://x.com/badgen1us_/status/2052728964804989321","1322913972421447680","badgen1us_"
"2051647291807928670","2026-05-05T12:56:46.000Z","2","Petugas Damkar Pingsan dari Motor, Dirawat Tim Medis

Sebuah rekaman video cctv memperlihatkan pengendara motor berseragam petugas pemadam kebakaran pingsan dan jatuh dari motornya di kawasan lampu merah di Alun-Alun Wonosari, Gunungkidul, Yogkakarta. Peristiwa tersebut terjadi https://t.co/E1whtk9dVd","2051647291807928670","https://pbs.twimg.com/ext_tw_video_thumb/2051647246576549888/pu/img/L8YR8Dbj_QHpA9wG.jpg","","in","","0","2","0","https://x.com/mediaindonesia/status/2051647291807928670","68930552","mediaindonesia"
"2049780674572566723","2026-04-30T09:19:30.000Z","3","Kebakaran melanda Apartemen Mediterania di Tanjung Duren, Jakarta Barat, pada Kamis (30/4), menyebabkan sejumlah penghuni terjebak akibat asap tebal yang memenuhi gedung.

Petugas pemadam kebakaran segera melakukan evakuasi dari sisi luar bangunan dengan memasang tangga https://t.co/g0VR2oXNtx","2049780674572566723","https://pbs.twimg.com/ext_tw_video_thumb/2049780377993281536/pu/img/2edUnED8T8alhbDF.jpg","","in","","0","0","2","https://x.com/antaranews/status/2049780674572566723","18071520","antaranews"
"2052214074407325772","2026-05-07T02:28:58.000Z","16","Seorang petugas DAMKAR Gunung Kidul, Rudi Indratna(56)  pingsan saat mengendarai kendaraan bermotor di simpang empat Alun-alun Wonosari, DIY pada 5/5/2026.

Masyarakat sigap membantu korban untuk di bawa ke RSUD Wonosari. Reaksi cepat masyarkat  adalah kunci penanganan awal pada https://t.co/u0rkAfWolo","2052214074407325772","https://pbs.twimg.com/ext_tw_video_thumb/2052214042669064192/pu/img/1mcjprNSKAgMNJR9.jpg","","in","","1","5","9","https://x.com/_riverheaven/status/2052214074407325772","975389335775199232","_riverheaven"
"2053297517920731625","2026-05-10T02:14:11.000Z","0","Peringatan Dini Tiga Harian Wilayah Ciayumajakuning dan Sumedang (10 - 12 Mei 2026) https://t.co/E4eFNkX5xt","2053297517920731625","https://pbs.twimg.com/media/HH7HMz4aEAA1TEY.jpg","","in","","0","0","0","https://x.com/bmkgkertajati/status/2053297517920731625","987893905","bmkgkertajati"
"2052863861959921877","2026-05-08T21:30:59.000Z","3","SIARAN PERS

Kendalikan Potensi Karhutla, BMKG dan BNPB Bersinergi Lakukan OMC di Sumsel

Palembang, 8 Mei 2026 – Badan Meteorologi, Klimatologi, dan Geofisika (BMKG) mensupervisi pelaksanaan Operasi Modifikasi Cuaca (OMC) untuk menangani darurat bencana kebakaran hutan dan lahan https://t.co/BdHZwNXJeC","2052863861959921877","https://pbs.twimg.com/media/HH08yU_boAAUvFg.jpg","","in","","0","0","0","https://x.com/infoBMKG/status/2052863861959921877","108543358","infoBMKG"
"2053712947218882892","2026-05-11T06:09:27.000Z","0","@MamaLemonmoh @damkar_RI Damkar makin terdepan sangat berguna buat masyarakat","2053719114926203104","","MamaLemonmoh","in","","0","0","0","https://x.com/ta_tinur/status/2053719114926203104","1604635201728282624","ta_tinur"
"2053703775140155495","2026-05-11T05:27:16.000Z","0","@danskuss terus beneran ditelpon sama damkar gaa?","2053708495858684068","","danskuss","in","","0","1","0","https://x.com/interaiksi/status/2053708495858684068","797717941290602496","interaiksi"
"2051592386279887041","2026-05-05T09:18:36.000Z","1","Perkuat Mitigasi Bencana, Rutan Unaaha Koordinasikan Simulasi dan Kerjasama Teknis Bersama Damkar Kab. Konawe

@kemenimipas
#kemenimipas
#ditjenpas
#pemasyarakatan
#rutanunaaha https://t.co/2f0Redh4mN","2051592386279887041","https://pbs.twimg.com/media/HHi4XkQaUAAM5GE.jpg","","in","","0","0","0","https://x.com/unaaha_rutan/status/2051592386279887041","1232604540471517184","unaaha_rutan"
"2051797848753328328","2026-05-05T23:34:19.000Z","1","@is_pelssy Klu damkar tolongin, klu ijo sama coklat mikir dulu dah aq siy","2051807734904082511","","is_pelssy","in","","0","1","0","https://x.com/clovewithoutc/status/2051807734904082511","1755571449547628544","clovewithoutc"
"2052371519272345988","2026-05-07T13:13:01.000Z","0","️️ ️️

️️ ️️

( Lama-lama empet juga. )

️️ ️️

️️ ️️","2052376154938728865","","risakjelampah","in","","0","0","0","https://x.com/risakjelampah/status/2052376154938728865","1410937305137770498","risakjelampah"
"2053307348803109018","2026-05-10T11:21:07.000Z","0","@Iyangapril_ Damkar, lalu tukang bakso, biasanya kalo rame rame apapun kejadiannya cocok buat jualan","2053435158532071628","","Iyangapril_","in","","0","1","0","https://x.com/cornerhunter_/status/2053435158532071628","1016659493462016001","cornerhunter_"
"2050121004928909681","2026-05-01T07:51:51.000Z","6","Kebakaran terjadi di Apartemen Mediterania, Tanjung Duren, Jakarta Barat, pada Kamis (30/4), yang membuat puluhan penghuni panik. Dalam insiden ini, sebanyak 19 orang berhasil dievakuasi oleh petugas pemadam kebakaran.

Proses evakuasi dilakukan secara dramatis dari sisi seberang https://t.co/vD7qHgnw59","2050121004928909681","https://pbs.twimg.com/amplify_video_thumb/2050120874645499904/img/8bWOVFvYdFf5mrcG.jpg","","in","","0","1","1","https://x.com/TRANSTV_CORP/status/2050121004928909681","125225621","TRANSTV_CORP"
"2053464948173672541","2026-05-10T13:25:55.000Z","0","@langitluruh Ada lewat kak ini di time line aku. Kalau mau rame lagi aku panggil user damkar kak 😂","2053466563689488576","","langitluruh","in","","0","2","0","https://x.com/LeeMineral03/status/2053466563689488576","2052869108954456064","LeeMineral03"
"2051553636371882085","2026-05-05T11:23:11.000Z","15","@poncooopw @WatchmenID Diduga terluka kena selang damkar","2051623739243311324","","poncooopw","in","","0","2","0","https://x.com/InterBatMan/status/2051623739243311324","1582339455653883904","InterBatMan"
"2053113188703699094","2026-05-10T10:37:36.000Z","0","@dramacoKR Cwe ini yg jd tim medis pemadam kebakaran di the first responder kan?? Seol ra??","2053424205589529022","","dramacoKR","in","","0","0","0","https://x.com/windajung369/status/2053424205589529022","1406878976","windajung369"
"2051634919001280961","2026-05-05T12:07:36.000Z","7","Keselamatan warga adalah prioritas utama. Di tengah guyuran hujan dan genangan air yang mencapai 2,5 meter, Kapolsek Pesanggrahan bersama personel dan petugas Damkar bergerak cepat merespons laporan warga pada Senin (4/5) tengah malam.

Tanpa ragu, petugas menembus titik banjir https://t.co/dPOg2lOAbw","2051634919001280961","https://pbs.twimg.com/media/HHjfFKRaIAAyLMn.jpg","","in","","0","7","0","https://x.com/Poldametrojaya_/status/2051634919001280961","1387264474353061889","Poldametrojaya_"
"2048311679222477239","2026-04-26T08:02:14.000Z","11","Aksi nekat seorang debt collector (DC) pinjaman online bernama Bonefentura Soa alias Fenando berakhir dengan permintaan maaf terbuka. Fenando mendatangi Kantor Dinas Pemadam Kebakaran Kota Semarang pada Sabtu sore (25/4/2026) setelah sebelumnya melakukan laporan kebakaran fiktif https://t.co/gAWtPpo8wJ","2048311679222477239","https://pbs.twimg.com/amplify_video_thumb/2048309221582897152/img/DsCXcjyEkbetPjl3.jpg","","in","","0","4","5","https://x.com/Metro_TV/status/2048311679222477239","57261519","Metro_TV"
"2051603459527397789","2026-05-05T14:26:53.000Z","5","@Maylaffyou @tirta_cipeng ya mending panggil damkar atuh, kn mereka bisa bantu mengeksekusi sarang tawonnya, gratis lagi, jadi gaperlu repot² smpe pindah rumah🥲","2051669969520447876","","Maylaffyou","in","","0","0","0","https://x.com/hyunsuuukkkk/status/2051669969520447876","1822254068439351296","hyunsuuukkkk"
"2053074782250480091","2026-05-10T06:09:17.000Z","0","@bloodymary90 ramein kasusnya kak  semoga ada yg spill mukanya, yg teror damkar aja ke spill kenapa yg ini nggak","2053356682865229857","","bloodymary90","in","","0","0","0","https://x.com/gulakotak69/status/2053356682865229857","2039696162555387906","gulakotak69"
"2051928572718416223","2026-05-06T09:19:56.000Z","11","@lancashire1878_ @InfokomJakmania Minta ijin ke pemadam kebakaran boleh GK si","2051955112265109626","","lancashire1878_","in","","0","1","0","https://x.com/AdiSapu19153274/status/2051955112265109626","1778475335027408897","AdiSapu19153274"
"2051606210147996043","2026-05-05T10:13:32.000Z","1","Diduga kelelahan, petugas Damkar Gunungkidul pingsan saat antri di lampu merah. Info dari akun Instagram Damkarmat Gunungkidul, beliau anggota damkar dan saat ini sedang dirawat di RSUD Wonosari. https://t.co/6IzikLzVxM","2051606210147996043","https://pbs.twimg.com/amplify_video_thumb/2051605611784335360/img/wfr3areCYkbGTP5q.jpg","","in","","0","0","0","https://x.com/black_k00k33/status/2051606210147996043","2032221811849773056","black_k00k33"
"2053101627809366415","2026-05-10T03:24:48.000Z","0","@bassbuzz_ @KapudS640 damkar kn asn tw kak","2053315290663174214","","bassbuzz_","in","","0","0","0","https://x.com/_______jiuw/status/2053315290663174214","2021808955148910592","_______jiuw"
"2052721301123715127","2026-05-10T03:00:02.000Z","0","@wantgyibo Diselamatin damkar bang, aman ya. Makasih udah peduli sama adiknya 🥹","2053309057000206729","","wantgyibo","in","","0","0","0","https://x.com/Nikshimura/status/2053309057000206729","938421932931743745","Nikshimura"
"2051553636371882085","2026-05-05T14:03:53.000Z","1","@poncooopw @WatchmenID Woilah ada selang damkar Belgia 😭😭","2051664181091619222","","poncooopw","in","","0","0","0","https://x.com/_frostyfang/status/2051664181091619222","1641897243740602369","_frostyfang"
"2051553636371882085","2026-05-05T07:20:01.000Z","31","@WatchmenID Suaminya selang damkar https://t.co/5ZpeBgFoRt","2051562545245503516","https://pbs.twimg.com/tweet_video_thumb/HHidQiObcAAsdPI.jpg","WatchmenID","in","","0","0","0","https://x.com/aldy_seijiro/status/2051562545245503516","2865232267","aldy_seijiro"
"2051797848753328328","2026-05-05T22:55:02.000Z","19","Ya Allah capek Kerja, capek Begadang piket semalaman..
Insyaallah cepat sembuh dan pulih kembali ya pak Damkar, info selanjutnya warga sekitar lokasi bawa ke rumah sakit pasca pingsan..

Viral..!!
Petugas Damkar GunungKidul Pindah Dari Motor Saat Pulang Piket https://t.co/BHwbU4GJiY","2051797848753328328","https://pbs.twimg.com/ext_tw_video_thumb/2051797776380600321/pu/img/91uxkYxAViMVtgyS.jpg","","in","","1","1","5","https://x.com/is_pelssy/status/2051797848753328328","2412572689","is_pelssy"
"2051996186983461366","2026-05-10T14:26:12.000Z","0","@thisungchan Lagi telfon damkar, bentar.","2053481737079169485","","thisungchan","in","","0","0","0","https://x.com/setinlegato/status/2053481737079169485","1087584888394440705","setinlegato"
"2051231608745885991","2026-05-04T09:25:00.000Z","0","ᅠ

ᅠ

ᅠ

ᅠ

ᅠ

ᅠ

ᅠ

ᅠ

ᅠ

ᅠ

ᅠ
ᅠ
ᅠ

ᅠ

ᅠ

ᅠ
ᅠ

ᅠ

ᅠ

ᅠ

ᅠ

ᅠ

ᅠ

ᅠ

ᅠ

ᅠ

ᅠ
ᅠ
ᅠ

ᅠ

ᅠ

ᅠ
ᅠ

ᅠ

ᅠ

ᅠ

ᅠ

ᅠ

ᅠ

ᅠ

ᅠ

ᅠ

ᅠ
ᅠ
ᅠ

ᅠ

ᅠ

ᅠ
ᅠ

ᅠ

ᅠ

ᅠ

ᅠ

ᅠ

ᅠ

ᅠ

ᅠ

pembersihan tl 🐈‍⬛️ 5 https://t.co/IKvk53ifok","2051231608745885991","https://pbs.twimg.com/media/HHdwRy-bEAAMwlg.jpg","","in","","0","0","0","https://x.com/RAMUDAsuka/status/2051231608745885991","1256443559210708992","RAMUDAsuka"
"2051659582498619662","2026-05-05T13:45:37.000Z","0","ᅠ

ᅠ

ᅠ

ᅠ

ᅠ

ᅠ

ᅠ

ᅠ

ᅠ

ᅠ

ᅠ
ᅠ
ᅠ

ᅠ

ᅠ

ᅠ
ᅠ

ᅠ

ᅠ

ᅠ

ᅠ

ᅠ

ᅠ

ᅠ

ᅠ

ᅠ

ᅠ
ᅠ
ᅠ

ᅠ

ᅠ

ᅠ
ᅠ

ᅠ

ᅠ

ᅠ

ᅠ

ᅠ

ᅠ

ᅠ

ᅠ

ᅠ

ᅠ
ᅠ
ᅠ

ᅠ

ᅠ

ᅠ
ᅠ

ᅠ

ᅠ

ᅠ

ᅠ

ᅠ

ᅠ

ᅠ

ᅠ

pembersihan tl 12 https://t.co/JH8Hxybb9H","2051659582498619662","https://pbs.twimg.com/media/HHj1hH5a8AA6QgY.jpg","","in","","0","0","0","https://x.com/paakminju/status/2051659582498619662","1288356997725687809","paakminju"
"2053292088062861359","2026-05-10T10:57:59.000Z","0","@phuw1ntan9 iya pake selang damkar","2053429336120885555","","phuw1ntan9","in","","0","1","0","https://x.com/zchuett/status/2053429336120885555","1056501587147812864","zchuett"
"2052945930014581158","2026-05-09T06:09:54.000Z","1","@GoinvintyOne Betul , damkar lebih tanggap slalu ada","2052994450197230025","","GoinvintyOne","in","","0","1","0","https://x.com/L1L178/status/2052994450197230025","2826562393","L1L178"
"2052557486499225972","2026-05-10T10:02:45.000Z","0","@gingermochipie Panggil Damkar aj Biar Disiram Aer satu tandon","2053415435933254117","","gingermochipie","in","","0","0","0","https://x.com/RidwanFitr87783/status/2053415435933254117","1729528402892480513","RidwanFitr87783"
"2053280500471775665","2026-05-10T02:24:30.000Z","1","@toniheru Hane langsung ngundang polisi hutan, ben segera diatasi mbib
Nak polhut lagi libur ya damkar","2053300114484232422","","toniheru","in","","0","1","0","https://x.com/IniBudi_08/status/2053300114484232422","1043491469183483904","IniBudi_08"
"2053731126112661941","2026-05-11T06:57:11.000Z","0","PMI Banjarnegara bersama Forpis menggelar bakti sosial cek kesehatan gratis di lokasi Huntara korban longsor Situkung, Pandanarum (10/5)

Kegiatan tersebut sekaligus sebagai rangkaian dalam rangka memperingati Hari Palang Merah dan Bulan Sabit Merah Internasional tahun 2026 https://t.co/Ey0V9rff2t","2053731126112661941","https://pbs.twimg.com/amplify_video_thumb/2053731028553113600/img/9aS8qp2B1pEFjmxw.jpg","","in","","0","0","0","https://x.com/PMIBanjarnegara/status/2053731126112661941","1371346729","PMIBanjarnegara"
"2051968442568491354","2026-05-07T02:43:49.000Z","1","@Co2m861 @wiyokooo yang ditabrak itu truk tangki bbm oleh bus yg melaju dari arah berlawanan. mau dibelakang itu truk bbm ada mobil damkar klo yg ditabrak mobil isi BBM ya mau diharepin apa???","2052217811620225520","","Co2m861","in","","0","0","0","https://x.com/jnessy_/status/2052217811620225520","122678369","jnessy_"
"2053472210992640337","2026-05-10T14:09:56.000Z","0","@gocengantigaa kenapa ga mintol damkar aja yg usut","2053477642285011381","","gocengantigaa","in","","0","1","0","https://x.com/viiecyberangzel/status/2053477642285011381","1466027757830242309","viiecyberangzel"
"2053498868697100523","2026-05-11T02:50:45.000Z","0","@adourely Boleh, boleh dilaporin ke Damkar.","2053669109414625556","","adourely","in","","0","0","0","https://x.com/RuschaRoma/status/2053669109414625556","2040373020863176704","RuschaRoma"
"2048262311920672902","2026-04-26T04:46:04.000Z","1","Warga Sleman digegerkan oleh modus penagihan utang pinjaman online (pinjol) yang tidak bertanggung jawab, dengan menyalahgunakan layanan darurat seperti pemadam kebakaran dan ambulans. Aksi ini memicu kemarahan publik karena layanan yang seharusnya menyelamatkan nyawa justru https://t.co/lkVWEscmHV","2048262311920672902","https://pbs.twimg.com/amplify_video_thumb/2048260099706404864/img/ClS9EqWZrjYjKWaz.jpg","","in","","0","2","1","https://x.com/Metro_TV/status/2048262311920672902","57261519","Metro_TV"
"2051931368368828571","2026-05-06T07:45:35.000Z","16","Diumur berapa kalian tau kepanjangan DAMKAR = DAMN KEBAKAR","2051931368368828571","","","in","","0","5","1","https://x.com/spiderrrrantce/status/2051931368368828571","1142656688404615170","spiderrrrantce"
"2052683039260762557","2026-05-08T11:32:47.000Z","0","@pjwapr coba panggil damkar aja kalo nyangkut🚶‍♀️🚶‍♀️🚶‍♀️","2052713320839549120","","pjwapr","in","","0","0","0","https://x.com/cokelouve/status/2052713320839549120","1480843295362191361","cokelouve"
"2053734003363270797","2026-05-11T07:08:37.000Z","0","Selamat siang Bapak Ibu Pemerhati Info Iklim BMKG. Berikut kami sampaikan Informasi Iklim Bulan Mei 2026 Wilayah Provinsi Banten dan DKI Jakarta. Info lebih lanjut mengenai Informasi Iklim di Provinsi Banten dan DKI Jakarta dapat mengunjungi Website: https://t.co/Q2Z53un5yC https://t.co/J85XRaj4QI","2053734003363270797","https://pbs.twimg.com/media/HIBUMUbaAAAtmv1.jpg","","in","","0","0","0","https://x.com/iklimbantendki/status/2053734003363270797","841457333590925312","iklimbantendki"
"2051477982569771489","2026-05-05T01:44:00.000Z","1","mau pacaran banget bangett bangetttt tapi maunya pacar yang sayang sama pacarnya sealay dhika damkar","2051477982569771489","","","in","","0","0","1","https://x.com/pinkseant/status/2051477982569771489","1393079547587825667","pinkseant"
"2053654000726343956","2026-05-11T05:34:02.000Z","0","@shin_977 Dikira damkar kali ya, suruh siap siaga 😭","2053710199987568883","","shin_977","in","","0","1","0","https://x.com/sgwkshin/status/2053710199987568883","1376883755982352397","sgwkshin"
"2052175504661516301","2026-05-06T23:55:42.000Z","1","🔺Tentara macul
🔺Polisi ngompreng
🔺Menteri joget²
•
•
🔺Damkar nonton
•
•
https://t.co/Avcbw5g2Rn","2052175504661516301","","","in","","0","0","1","https://x.com/Navpem/status/2052175504661516301","1230485443780571136","Navpem"
"2051231454592721153","2026-05-04T09:24:23.000Z","0","ᅠ

ᅠ

ᅠ

ᅠ

ᅠ

ᅠ

ᅠ

ᅠ

ᅠ

ᅠ

ᅠ
ᅠ
ᅠ

ᅠ

ᅠ

ᅠ
ᅠ

ᅠ

ᅠ

ᅠ

ᅠ

ᅠ

ᅠ

ᅠ

ᅠ

ᅠ

ᅠ
ᅠ
ᅠ

ᅠ

ᅠ

ᅠ
ᅠ

ᅠ

ᅠ

ᅠ

ᅠ

ᅠ

ᅠ

ᅠ

ᅠ

ᅠ

ᅠ
ᅠ
ᅠ

ᅠ

ᅠ

ᅠ
ᅠ

ᅠ

ᅠ

ᅠ

ᅠ

ᅠ

ᅠ

ᅠ

ᅠ

pembersihan tl 🐈‍⬛️ 3 https://t.co/MM86fCtLZm","2051231454592721153","https://pbs.twimg.com/media/HHdwI0JaQAAVbSV.jpg","","in","","0","0","0","https://x.com/RAMUDAsuka/status/2051231454592721153","1256443559210708992","RAMUDAsuka"
"2053739759709905377","2026-05-11T07:31:30.000Z","0","14.30 WIB Dilarang   Menggunakan Bahu Jalan. Bahu Jalan untuk Kondisi Darurat   #JM_Tertib_Berlalulintas_2026","2053739761576317336","","PTJASAMARGA","in","","0","0","0","https://x.com/PTJASAMARGA/status/2053739761576317336","540625251","PTJASAMARGA"
"2051925736848814096","2026-05-06T07:23:48.000Z","0","Yuk, bareng-bareng kita hijaukan Bantul! 💚","2051925884089810998","","dlhbantul","in","","0","0","0","https://x.com/dlhbantul/status/2051925884089810998","1179586764677115904","dlhbantul"
"2053661645201875068","2026-05-11T02:23:57.000Z","0","[2] terbakar pada Minggu 10 Mei 2026 sekitar jam 19.00 WIB.

Kebakaran menghanguskan satu unit mobil, toko kelontong, ruang tamu dan ruang keluarga.

Ia mengaku setelah menerima laporan 2 mobil Damkar langsung menuju ke lokasi dan melakukan proses pemadaman bersama warga sekitar.","2053662365355593808","","radiopatria","in","","0","1","0","https://x.com/radiopatria/status/2053662365355593808","100132119","radiopatria"
"2051999418317148411","2026-05-07T08:03:18.000Z","1","@AikHoki @txtdrimedia @PNS_Ababil Sekarang di jalan kendaraan prioritas itu mobil MBG,Setelah itu ambulan,baru damkar","2052298212120355298","","AikHoki","in","","0","0","0","https://x.com/RagaSukma_1/status/2052298212120355298","1593826699749494784","RagaSukma_1"
"2051250691176575184","2026-05-04T10:40:49.000Z","1","Dingin"" gini jd kepengen pelukan sampai damkar yg misahin","2051250691176575184","","","in","","0","2","0","https://x.com/gerythecats66/status/2051250691176575184","1297501004909301760","gerythecats66"
"2053398954801529068","2026-05-10T09:56:56.000Z","0","@kaptentro Panggil damkar bang","2053413972406350206","","kaptentro","in","","0","0","0","https://x.com/inisaari/status/2053413972406350206","1285265121887973376","inisaari"
"2053080908312547356","2026-05-10T13:09:49.000Z","0","@MasBRO_back Saat ini yg masih bisa dipercaya dan diandalkan cm damkar","2053462512956547251","","MasBRO_back","in","","0","0","0","https://x.com/gedh4nggodhog/status/2053462512956547251","1845488486851420160","gedh4nggodhog"
"2051531275870376415","2026-05-05T10:39:45.000Z","1","@_riverheaven Ttp aza DAMKAR di hati masyarakat, cantik...","2051612810099196035","","_riverheaven","in","","0","1","0","https://x.com/AnRoeske02/status/2051612810099196035","1966695190456135685","AnRoeske02"
"2051272509773971740","2026-05-05T01:15:08.000Z","2","@Aerio_Id @mrtweepsID @yusufgunawan @rwardoyo @PrakosoGrego Wes tau lek. Malah ngrepoti DAMKAR gae evakuasi. 🤣🤣🤣","2051470717120852014","","Aerio_Id","in","","0","1","0","https://x.com/NANDOARMANO/status/2051470717120852014","1885566940959432705","NANDOARMANO"
"2052307222001049741","2026-05-07T09:22:40.000Z","334","@18fesss Sange, pusH up
Sange Lagi, ganti Lari
Sange terus. Nek rak damkar raiso iki","2052318188118081819","","18fesss","in","","0","2","5","https://x.com/hahingang_/status/2052318188118081819","1765382351989997568","hahingang_"
"2051131078933614847","2026-05-04T03:19:12.000Z","2","@Lase32029 @Tony_Crosz Damkar kalo jalan pasti meraung2 di sertai klakson","2051139553763934682","","Lase32029","in","","0","1","2","https://x.com/Annas_Cim/status/2051139553763934682","251408624","Annas_Cim"
"2053307348803109018","2026-05-11T02:14:43.000Z","0","@Iyangapril_ Jangan pakai perasaan. Prioritas kendaraan yang wajib didahulukan diatur di Pasal 134 UU No. 22/2009 tentang LLAJ.   1. Pemadam kebakaran yang sedang bertugas . 2. Ambulans yang mengangkut orang sakit. 3. Kendaraan untuk memberikan pertolongan pada Kecelakaan Lalu Lintas. 4. --","2053660040763162939","","Iyangapril_","in","","0","0","0","https://x.com/UzieAkhmad03/status/2053660040763162939","1864138595029884928","UzieAkhmad03"
"2051974504218267701","2026-05-06T10:37:00.000Z","3","""Selamat rebahan, Petugas DAMKAR!""
•
• https://t.co/P4B3poDlEa","2051974504218267701","https://pbs.twimg.com/media/HHoEfcXbsAAbk2U.jpg","","in","","1","0","1","https://x.com/Navpem/status/2051974504218267701","1230485443780571136","Navpem"
"2053286361004912663","2026-05-10T05:41:59.000Z","1","@RagilSemar Damkar dan masyarakat bahu membahu memadamkan api angkara murka...","2053349813048201270","","RagilSemar","in","","0","0","0","https://x.com/hafizhirmawan/status/2053349813048201270","1518214531939328007","hafizhirmawan"
"2052904299257377093","2026-05-10T12:47:51.000Z","0","@mmyZee @keluhkesahkonoh harus buat laporan dulu ka ga langsung dateng ke lokasi :) 

telfon damkar aja damkar😭","2053456984272413039","","mmyZee","in","","0","0","0","https://x.com/j_ae14/status/2053456984272413039","1516353625215610881","j_ae14"
"2053737020997144796","2026-05-11T07:20:37.000Z","0","Satpol PP dan Damkar Sulbar Kerja Bakti Serentak Dukung Gerakan Indonesia ASRI

https://t.co/eW9GHuI1iH","2053737020997144796","","","in","","0","0","0","https://x.com/CelebestaC/status/2053737020997144796","1324340667175243779","CelebestaC"
"2051104583393628558","2026-05-04T06:09:59.000Z","2","@HumorJonTampan @B3doel___ Lapor damkar","2051182532407017820","","HumorJonTampan","in","","0","1","0","https://x.com/mbok_tani/status/2051182532407017820","1707299667577651200","mbok_tani"
"2046063647781486646","2026-04-20T03:09:22.000Z","0","UPDATE. Kebakaran yang terjadi di kandang ayam di Desa Suruhan Lor Kecamatan Bandung Kabupaten Tulungagung akibatkan korban mengalami kerugian sekitar Rp 5 juta.

Iwan Supriyono, Kasi Penyelamatan &amp; Evakuasi Dinas Pemadam Kebakaran (Damkar) &amp; Penyelamatan Tulungagung membenarkan https://t.co/e2yOn3E8to","2046063647781486646","https://pbs.twimg.com/amplify_video_thumb/2046063360895246336/img/Y96mgC2HBJYkbBS9.jpg","","in","","0","1","0","https://x.com/radiopatria/status/2046063647781486646","100132119","radiopatria"
"2053665624296174017","2026-05-11T02:37:09.000Z","0","🗓️ Waktu Pekerjaan
Senin, 11 Mei 2026
⏰ Pukul 09.00 WIB – selesai

Wilayah Terdampak :
Nongkosawit, Cepoko, Jatisari, Pongangan, Trangkil, Sadeng, Kwasen Rejo, Bukit Manyaran Permai, Jogoprono, Bendosari, Gisiksari, Deliksari, Riverside, Perumahan Greenwood, Kalialang,","2053665688238379191","","PDAMKotaSMG","in","","0","0","0","https://x.com/PDAMKotaSMG/status/2053665688238379191","785931060","PDAMKotaSMG"
"2053319493913563344","2026-05-10T03:41:30.000Z","0","3x kebakaran, damkar gak sigap banget di drama enih 😭","2053319493913563344","","","in","","0","0","0","https://x.com/rinii_aja/status/2053319493913563344","238869598","rinii_aja"
"2053329218830729505","2026-05-10T04:49:21.000Z","0","@sbyfess Damkar aja lgsg","2053336568581263509","","sbyfess","in","","0","0","0","https://x.com/Wayanyudi4/status/2053336568581263509","1189830275158536192","Wayanyudi4"
"2052010491862552607","2026-05-07T00:20:45.000Z","2","@P3gEl Syafaahullah, semoga Pak Damkar segera pulih dan mendapatkan kesembuhan yang sempurna, Aamiin Allahumma Aamiin. Di saat kami, tidak percaya ke hampir semua institusi berbayar (karena harus membayar hingga bisa dilayani), tetapi Damkar selalu tulus melayani warga.","2052181808150929734","","P3gEl","in","","0","1","0","https://x.com/OstafMustafa/status/2052181808150929734","1486289756707303424","OstafMustafa"
"2053312442353262620","2026-05-10T03:13:29.000Z","0","eh anj ini tiang damkar tuh beneran ada jir 😭😭😭 https://t.co/UdAAqGkHW9","2053312442353262620","https://pbs.twimg.com/media/HH7UyPWaYAAWgzA.jpg","","in","","0","0","0","https://x.com/jonstruggletwts/status/2053312442353262620","1202060095946817536","jonstruggletwts"
"2051314517255291364","2026-05-04T14:54:27.000Z","1","Aksi dramatis terjadi di atas Jembatan Siti Nurbaya, Kota Padang, Senin (4/5/2026) malam. Seorang perempuan muda diduga hendak meng4kh1ri hidupnya dengan mel*mp4t dari atas jembatan ikonik tersebut. Beruntung, nyawanya berhasil diselamatkan setelah Damkar Padang

500 Ribu ACAI https://t.co/rmxN1NrdN9","2051314517255291364","https://pbs.twimg.com/amplify_video_thumb/2051314362133155840/img/w5AcB5ScxaJIlewe.jpg","","in","","0","0","0","https://x.com/sumbarkitaid_/status/2051314517255291364","1886311304702681088","sumbarkitaid_"
"2047625440899276815","2026-04-24T10:35:22.000Z","3","6 mobil pemadam kebakaran kota Malang, Jawa Timur saat ini berupaya memadamkan gudang tembakau yang terbakar milik salah satu perusahaan pabrik rokok di jalan Mayjen Sungkono Kedungkandang, kota Malang, Jawa Timur, Jumat (24/04). 🎥Ahh https://t.co/FjSai8ktLG","2047625440899276815","https://pbs.twimg.com/amplify_video_thumb/2047625224582266880/img/u3Ke-EO6F3dhEn_b.jpg","","in","","1","0","1","https://x.com/RadioElshinta/status/2047625440899276815","121640063","RadioElshinta"
"2053732955307246049","2026-05-11T07:04:27.000Z","0","PENUTUPAN SEMENTARA RSA TEMERLOH ARAH TIMUR
Tarikh: 12/05/2026 (Selasa)
Masa : 8.00am -3.00pm
Lokasi: RSA Temerloh Arah Timur
Altenatif: Layby Maran Arah Timur
Penutupan sementara untuk kerja-kerja ""spring cleaning"" dilokasi.@llminfotrafik","2053732955307246049","","","in","","0","0","0","https://x.com/LPTTrafik/status/2053732955307246049","389465925","LPTTrafik"
"2051658842384277587","2026-05-05T13:42:40.000Z","1","ᅠ

ᅠ

ᅠ

ᅠ

ᅠ

ᅠ

ᅠ

ᅠ

ᅠ

ᅠ

ᅠ
ᅠ
ᅠ

ᅠ

ᅠ

ᅠ
ᅠ

ᅠ

ᅠ

ᅠ

ᅠ

ᅠ

ᅠ

ᅠ

ᅠ

ᅠ

ᅠ
ᅠ
ᅠ

ᅠ

ᅠ

ᅠ
ᅠ

ᅠ

ᅠ

ᅠ

ᅠ

ᅠ

ᅠ

ᅠ

ᅠ

ᅠ

ᅠ
ᅠ
ᅠ

ᅠ

ᅠ

ᅠ
ᅠ

ᅠ

ᅠ

ᅠ

ᅠ

ᅠ

ᅠ

ᅠ

ᅠ

pembersihan tl 2","2051658842384277587","","","in","","0","0","1","https://x.com/paakminju/status/2051658842384277587","1288356997725687809","paakminju"
"2051211963532022030","2026-05-04T15:25:03.000Z","24","@xendless_s Dipikir2 kasian ya hewan2 gini.. Harusnya mereka punya habitat mereka sendiri, tapi malah hidup di sela2 hunian manusia.. Makan dari remah2an manusia..
Jangan dibunuh please, minta tolong damkar aja. Yakin deh dia juga takut itu di dalam situ..","2051322219683553652","","xendless_s","in","","0","1","1","https://x.com/obliviateme88/status/2051322219683553652","63680221","obliviateme88"
"2053573505107841440","2026-05-11T05:49:00.000Z","1","@is_pelssy @psi_id Gak sekalian Lobby Damkar 😂","2053713966426440001","","is_pelssy","in","","0","1","0","https://x.com/Tobias744/status/2053713966426440001","1004777746004754432","Tobias744"
"2053294355734274466","2026-05-10T02:15:19.000Z","0","@Nocthread tapi kalo disuruhnya nangkep ular, aku resign jadi damkar detik itu juga!","2053297803615686842","","Nocthread","in","","0","1","0","https://x.com/kuroumichan/status/2053297803615686842","1770114235802226688","kuroumichan"
"2051697957771354618","2026-05-05T16:18:06.000Z","2","Kalau ada eksistensi manusia paling imut satu dunia.. satu alam semesta.. itulah PACARKU. Kalau ada eksitensi manusia kecil.. manusia ringkih.. tapi tetap imut.. itulah PACARKU. DAMKAR TOLONG SAYA. Siapa sih yang nyuruh dia seimut itu anjir gila ya kalian.. mungkin gua yang gila.","2051697957771354618","","","in","","0","1","1","https://x.com/Sonderlined/status/2051697957771354618","3550457472","Sonderlined"
"2052256284951626091","2026-05-07T08:09:23.000Z","5","@Bali_Football Sy jadi ingat saat @persib pertama kali main di Dipta, teman-teman @VikingBali minta izin ke polisi di pos polisi samping damkar untuk menggunakan parkir timur renon sebagai titik kumpul bobotoh berangkat ke Gianyar. Pak Polisinya berujar persis sama seperti twitnya Blimin 😅","2052299741908930933","","Bali_Football","in","","0","2","1","https://x.com/WandhiWiL/status/2052299741908930933","186968117","WandhiWiL"
"2053385207097761865","2026-05-10T12:07:19.000Z","0","@jjjibocahjkt jian damkar km ada dihati aku","2053446784916291922","","jjjibocahjkt","in","","0","0","0","https://x.com/lovingbysean/status/2053446784916291922","2007072456528580608","lovingbysean"
"2051565748716515819","2026-05-05T10:44:40.000Z","3","Jalan berminyak diduga tumpahan minyak di Terowongan Ceger, Cipayung, Jakarta Timur, sekitar pukul 13.25 WIB sudah dibersihkan oleh Damkar dan PPSU, pada Selasa (5/5/2026) sekitar pukul 14:30 WIB. 
@DKIJakarta 
Video: kabar Cibubur https://t.co/hNCMY6qwlg","2051614048496779371","https://pbs.twimg.com/amplify_video_thumb/2051613931547099136/img/78EOEvzlPPOBGavC.jpg","RadioElshinta","in","","0","2","0","https://x.com/RadioElshinta/status/2051614048496779371","121640063","RadioElshinta"
"2052929418100924888","2026-05-09T01:51:29.000Z","0","ᅠ

ᅠ

ᅠ

ᅠ

ᅠ

ᅠ

ᅠ

ᅠ

ᅠ

ᅠ

ᅠ
ᅠ
ᅠ

ᅠ

ᅠ

ᅠ
ᅠ

ᅠ

ᅠ

ᅠ

ᅠ

ᅠ

ᅠ

ᅠ

ᅠ

ᅠ

ᅠ
ᅠ
ᅠ

ᅠ

ᅠ

ᅠ
ᅠ

ᅠ

ᅠ

ᅠ

ᅠ

ᅠ

ᅠ

ᅠ

ᅠ

ᅠ

ᅠ
ᅠ
ᅠ

ᅠ

ᅠ

ᅠ
ᅠ

ᅠ

ᅠ

ᅠ

ᅠ

ᅠ

ᅠ

ᅠ

ᅠ

pembersihan tl 🌳.","2052929418100924888","","","in","","0","0","0","https://x.com/itail/status/2052929418100924888","15592507","itail"
"2053666963826815446","2026-05-11T02:42:14.000Z","0","kebakaran chefff ☺️☺️☺️😚😚😚😚🤗🤗🤗😋😋😋🤤🤤🤤🤤👩‍🍳👩‍🍳👩‍🍳👩‍🍳🍳🍳🍳🔥🔥🔥🔥🔥🔥🔥","2053666963826815446","","","in","","0","1","0","https://x.com/anyakiiraa/status/2053666963826815446","1348248928991338502","anyakiiraa"
"2051792346493432148","2026-05-05T22:33:10.000Z","2","Jadi inget tragedi dirumah perkara tawon ini, sampe manggil Damkar buat buang sarang tawon nya 😭
Alhamdulillah orangnya ga sampe meninggal, tapi sempet masuk ICU 😭","2051792346493432148","","","in","","0","0","0","https://x.com/Dewi_okta96/status/2051792346493432148","1350990514737311746","Dewi_okta96"
"2053731879359242296","2026-05-11T07:00:11.000Z","0","14.00 WIB Dilarang   Menggunakan Bahu Jalan. Bahu Jalan untuk Kondisi Darurat   #JM_Tertib_Berlalulintas_2026","2053731881573859839","","PTJASAMARGA","in","","0","0","0","https://x.com/PTJASAMARGA/status/2053731881573859839","540625251","PTJASAMARGA"
"2050421817966498017","2026-05-02T03:47:11.000Z","29","Kosakata yg udah dipelajari anak saya, Pijar Ilo:

- Ambulan = ambuak
- Pemadam Kebakaran = madam
- Alpukat = apu kak
- Upil = upip
- Pisang = siag
- Pesawat Boeing = awat boing
- Kereta = keta
- Hijau = ijo
- Abu-abu = abu-abu
- Conge = nyonge

Dan masih banyak lagi yg lucu","2050421817966498017","","","in","","0","2","0","https://x.com/senogp/status/2050421817966498017","55501012","senogp"
"2053384751399244197","2026-05-10T08:56:45.000Z","0","@tersayagn Damkar yg ini bisa diajak ciuman ya","2053398826422350025","","tersayagn","in","","0","1","0","https://x.com/Jinhmeong/status/2053398826422350025","2008870059712950272","Jinhmeong"
"2050514331289440669","2026-05-04T23:22:45.000Z","1","@Lbeehan Mungkin A nya udah gamau sama kakak... udah ada di tempat baru (elap ingus) WOIII aku panggilin pemadam kebakaran kalo sampe keacak acak 😭 deym (gemeter) knpa kakak ini ganas sekali aku jadi tkur merinding disko","2051442437487480918","","Lbeehan","in","","0","1","0","https://x.com/nohyyna/status/2051442437487480918","2839354615","nohyyna"
"2052380337934938494","2026-05-08T01:30:44.000Z","6","@HanyaBudi @Caffeine_Lvr @neVerAl0nely___ nope, mereka panggil damkar","2052561806275780623","","HanyaBudi","in","","0","0","0","https://x.com/deblacklisto/status/2052561806275780623","240995910","deblacklisto"
"2052936367886520634","2026-05-09T02:19:06.000Z","3","Kalo ga ada bapak lo, emang lo bisa ngetik begitu mba?? Gegayaan bs idup tanpa laki, noh kalo rumah lo kebakaran emangnya anggota Damkar isi nya perempuan???","2052936367886520634","","","in","","0","0","0","https://x.com/semurbetawi_/status/2052936367886520634","1117378462287683584","semurbetawi_"
"2051141559174004895","2026-05-04T07:52:43.000Z","1","@AnangPratama_ Selang damkar 😂😂😂😂😂😂","2051208386528858313","","AnangPratama_","in","","0","0","0","https://x.com/boeronan/status/2051208386528858313","108578958","boeronan"
"2053150367282786342","2026-05-09T16:29:27.000Z","2","saran gw, besok lgsg bangun kantor pemadam kebakaran samping istana deh. jaga-jaga kalo kebakaran lagi

#PerfectCrownep10 https://t.co/mtD0XzAOef","2053150367282786342","https://pbs.twimg.com/media/HH5BYLmbMAASJ7T.jpg","","in","","0","0","1","https://x.com/wholelover/status/2053150367282786342","1528348966835961857","wholelover"
"2053096159439454685","2026-05-10T05:18:54.000Z","0","@Netizen_bawel Dulu institusi doreng ini dipuja2, paling peduli rakyat krn yg coklat udah gaje dr dulu.
Lha ini skrg doreng ikutan gaje.
Trus masyarakat minta perlindungan ke siapa lg? Damkar?","2053344003878515166","","Netizen_bawel","in","","0","0","0","https://x.com/ditoya18/status/2053344003878515166","2737122648","ditoya18"
"2053465028976857286","2026-05-10T13:19:49.000Z","0","Lagi fokus kerjain skripsi, eh tiba-tiba ada bunyi pemadam kebakaran. Sekali, dua kali, gak berhenti-henti. Akhirnya aku coba liat jendela, beneran ada kebakaran, gede banget😭😭. Semoga korbannya selamat semua😭","2053465028976857286","","","in","","0","1","0","https://x.com/adeknya_haechan/status/2053465028976857286","1250390674777600003","adeknya_haechan"
"2053278172662432018","2026-05-10T12:55:31.000Z","1","@DoUlikehowItalk Harusnya jadi Damkar ga sih?? Aku tim SAR? Udah paling hijau ini instansi pemerintah..","2053458916034720078","","DoUlikehowItalk","in","","0","0","0","https://x.com/Jajajajanams/status/2053458916034720078","2163963620","Jajajajanams"
"2053039501942141213","2026-05-09T09:42:35.000Z","1","@unmagnetism @sukamatcha__1 Dulu aku cita citanya jadi damkar","2053047973182104018","","unmagnetism","in","","0","0","0","https://x.com/libra_rry/status/2053047973182104018","1256633074751660032","libra_rry"
"2053304008732017122","2026-05-10T04:57:35.000Z","4","@_glimpseeofus itu si damkar posting dimana? gua liat di sg nya kok gaada 🤔","2053338637899870465","","_glimpseeofus","in","","0","1","0","https://x.com/SecretU38356/status/2053338637899870465","2034899419381080065","SecretU38356"
"2053495593461588109","2026-05-10T16:17:03.000Z","0","@kyutigerls ak kirimkan damkar?","2053509634321981482","","kyutigerls","in","","0","1","0","https://x.com/bearlouv/status/2053509634321981482","1293542339500052485","bearlouv"
"2052971479952949722","2026-05-09T04:43:26.000Z","1","@SaigaiHaihai Tiba2 banget panggil damkar 😭","2052972691788112172","","SaigaiHaihai","in","","0","1","0","https://x.com/BBlubuks/status/2052972691788112172","1909174508969410560","BBlubuks"
"2053365964100804889","2026-05-10T17:36:09.000Z","0","@cpebgtsih kamu jadi damkar skrg","2053529539889012763","","cpebgtsih","in","","0","0","0","https://x.com/tsaaiaf/status/2053529539889012763","1678719468732825600","tsaaiaf"
"2047906075119329493","2026-04-25T05:10:31.000Z","9","😭😭😭 tolong butuh pemadam kebakaran , tbtb menyala gini semalem perasaan ijo 🤣 https://t.co/60Mk8k9jBG","2047906075119329493","https://pbs.twimg.com/media/HGuft7LbcAADVVO.jpg","","in","","0","8","2","https://x.com/nottnadd/status/2047906075119329493","2823209652","nottnadd"
"2053276407556640993","2026-05-10T02:25:50.000Z","0","@picoez Sebenere deket situ ada polhut mprop
Tinggal panggil, suruh tangkep pelaku kebisingannya
Ato damkar","2053300451752444212","","picoez","in","","0","0","0","https://x.com/IniBudi_08/status/2053300451752444212","1043491469183483904","IniBudi_08"
"2051185447657963582","2026-05-04T06:21:34.000Z","31","Lembaga KERIS mengucapkan Selamat Memperingati Hari Pemadam Kebakaran Internasional, 4 Mei 2026. Momentum ini menjadi pengingat atas dedikasi, keberanian, dan pengorbanan para petugas pemadam kebakaran yang senantiasa berada di garis terdepan dalam melindungi jiwa, harta benda, https://t.co/5uejb0y7B2","2051185447657963582","https://pbs.twimg.com/media/HHdFW_ea4AAKPw_.jpg","","in","","0","0","8","https://x.com/LembagaKERIS/status/2051185447657963582","497882992","LembagaKERIS"
"2051919839774515543","2026-05-06T06:59:47.000Z","1","Polres Bima Kota Bersama Damkar Kota Bima dan Warga Sigap Padamkan Kebakaran Rumah di Sarata Kelurahan Paruga

Personel gabungan Polres Bima Kota yang terdiri dari piket fungsi dan jajaran Polsek bergerak cepat melaksanakan pengamanan sekaligus membantu proses pemadaman kebakaran https://t.co/Cl07U6rqOr","2051919839774515543","https://pbs.twimg.com/media/HHnh9fjbQAAxa7D.jpg","","in","","0","0","0","https://x.com/Polresbimakota1/status/2051919839774515543","1957611035688660992","Polresbimakota1"
"2052629823231783087","2026-05-08T06:01:00.000Z","563","Gue lagi makan siang di daerah Pecenongan, ini tempat makan langganan gue kebakaran. Untunglah pemadam cepat datang, jadi apinya gak menyebar cepat. Tapi motor karyawannya kebakar

Jujur gue ikut nangis pas karyawannya nangis karna  motornya kebakar. Ya Allah mudahkanlah mereka, https://t.co/9HrZVM1Eh5","2052629823231783087","https://pbs.twimg.com/media/HHxn8L9bEAAK7T-.jpg","","in","","3","21","42","https://x.com/Novitayulianaaa/status/2052629823231783087","157634035","Novitayulianaaa"
"2052618538704421345","2026-05-08T05:16:10.000Z","0","͏

͏

͏

͏

͏

͏

͏

͏

͏

͏

͏

͏

͏

͏

͏

͏

͏

͏

͏

͏

͏

͏

͏

͏

͏

͏

͏

͏

͏

͏

͏

͏

͏

͏

͏

͏

͏

͏

͏

͏

͏

͏

͏

͏

͏

͏

͏

͏

͏

͏

͏

͏

͏

͏

͏

͏

͏

͏͏

͏

͏

͏

͏

͏

͏

͏

͏

͏

͏

͏

͏

͏

͏

͏

͏

͏

͏

͏

͏

͏

͏

͏

͏

Pembersihan tl 5lrbb https://t.co/REsHc4PuZn","2052618538704421345","https://pbs.twimg.com/media/HHxdrvmaIAA_5P5.jpg","","und","","1","0","1","https://x.com/somayjakpus/status/2052618538704421345","1490976637","somayjakpus"
"2053384751399244197","2026-05-10T08:50:38.000Z","0","@Jinhmeong Halo damkar disini, kenapa ya kak?","2053397290401083861","","Jinhmeong","in","","0","1","0","https://x.com/tersayagn/status/2053397290401083861","1146762074028032000","tersayagn"
"2049869926949924981","2026-04-30T15:14:09.000Z","10","Pemadam kebakaran Korea berhasil menyelamatkan seorang ibu yang akan melahirkan prematur (29 minggu) menggunakan helikopter.

Keluarga yang beralamat di Incheon menelpon pemadam kebakaran karena ada indikasi akan lahir prematur. Pemadam kebakaran datang dan membawa ibu tersebut https://t.co/c6iGEP1rin","2049869926949924981","https://pbs.twimg.com/media/HHKZ1BnasAAsZjo.png","","in","","0","4","2","https://x.com/tang__kira/status/2049869926949924981","1211794832","tang__kira"
"2053740327736062410","2026-05-11T07:33:45.000Z","0","Update Peringatan Dini Cuaca Wilayah - Jawa Timur Tgl. 11 Mei 2026 pkl. 14:30 WIB
Prakirawan - BMKG - Jawa Timur
https://t.co/yZjChYnx4C https://t.co/oit2hKxDYY","2053740327736062410","https://pbs.twimg.com/media/HIBZ8JGbMAAllso.jpg","","in","","0","0","0","https://x.com/infoBMKG/status/2053740327736062410","108543358","infoBMKG"
"2053299301175181574","2026-05-10T03:09:16.000Z","0","@xningtian Butuh pemadam kebakaran kaga?","2053311382033138114","","xningtian","in","","0","1","0","https://x.com/zposesif/status/2053311382033138114","1878231185777893376","zposesif"
"2053101627809366415","2026-05-10T01:58:49.000Z","0","@bassbuzz_ @KapudS640 Brarti damkar jg ya","2053293650306879793","","bassbuzz_","in","","0","0","0","https://x.com/AzmiSuhaidah/status/2053293650306879793","1711640198944378880","AzmiSuhaidah"
"2053072607013212661","2026-05-10T05:16:34.000Z","1","@poconxg Kuangkat telepon, trs panggil damkar, klo aku ikutan nyebur, yang ada gue tenggelam duluan","2053343415459516560","","poconxg","in","","0","1","0","https://x.com/elmancaa/status/2053343415459516560","1937481108435927045","elmancaa"
"2051185095025836321","2026-05-04T06:20:10.000Z","3","😺 tadi sender lagi beres-beres kamar trus mau bersihin debu di lampu yang sekaligus kipas, kesenggol dikit lampunya lepas.. hubungin damkar ternyata ga bisa dan sekarang sender malu banget😭😭 https://t.co/tVlzgWfzkM","2051185095025836321","https://pbs.twimg.com/media/HHdF-SfXsAAiwag.jpg","","in","","0","1","0","https://x.com/talkiefess/status/2051185095025836321","750730209721131009","talkiefess"
"2051231349839909067","2026-05-04T09:23:58.000Z","0","ᅠ

ᅠ

ᅠ

ᅠ

ᅠ

ᅠ

ᅠ

ᅠ

ᅠ

ᅠ

ᅠ
ᅠ
ᅠ

ᅠ

ᅠ

ᅠ
ᅠ

ᅠ

ᅠ

ᅠ

ᅠ

ᅠ

ᅠ

ᅠ

ᅠ

ᅠ

ᅠ
ᅠ
ᅠ

ᅠ

ᅠ

ᅠ
ᅠ

ᅠ

ᅠ

ᅠ

ᅠ

ᅠ

ᅠ

ᅠ

ᅠ

ᅠ

ᅠ
ᅠ
ᅠ

ᅠ

ᅠ

ᅠ
ᅠ

ᅠ

ᅠ

ᅠ

ᅠ

ᅠ

ᅠ

ᅠ

ᅠ

pembersihan tl 🐈‍⬛️ 1 https://t.co/fwWrsKzCUx","2051231349839909067","https://pbs.twimg.com/media/HHdwCuKaIAAEngA.jpg","","in","","0","0","0","https://x.com/RAMUDAsuka/status/2051231349839909067","1256443559210708992","RAMUDAsuka"
"2053292088062861359","2026-05-10T02:27:40.000Z","0","@phuw1ntan9 morning anakQ sayang. mandi dulu atau bunda mandiin pake selang damkar?","2053300913666932946","","phuw1ntan9","in","","0","1","0","https://x.com/zchuett/status/2053300913666932946","1056501587147812864","zchuett"
"2051874715363614817","2026-05-06T04:00:28.000Z","1","Kemarin di perempatan lampu apil alun-alun Wonosari ada petungas Damkar naik motor berhenti tiba-tiba jatuh pingsan lalu warga disekitar semuanya langsung menolong, ada mobil warga yang langsung beritumpangan ke rumah sakit. Itu indah banget!","2051874715363614817","","","in","","0","1","0","https://x.com/jugkr/status/2051874715363614817","1622904506","jugkr"
"2053284766263525379","2026-05-10T16:52:28.000Z","8","@xenioraaa coba panggil damkar kak, nanti yang dibakar palingan kamar kakak 🤗🤗🤗 have a nice day emuach","2053518547687715281","","xenioraaa","in","","0","1","0","https://x.com/papoipapoiy/status/2053518547687715281","2025890504173613056","papoipapoiy"
"2048296846716809281","2026-04-26T07:03:18.000Z","2","Pemerintah melalui Kementerian Pertahanan RI (Kemenhan) menghibahkan 100 unit kendaraan pemadam kebakaran (damkar) tipe Fire Engine kepada Kodam V/Brawijaya. 

Berikut adalah poin-poin penting terkait penyerahan tersebut:
Tujuan: Hibah ini bertujuan memperkuat respons darurat dan https://t.co/uPeOQuPmtI","2048296846716809281","https://pbs.twimg.com/media/HG0DHv7aIAAkZ35.jpg","","in","","0","0","0","https://x.com/bagindo_kopi/status/2048296846716809281","1091031753924403200","bagindo_kopi"
"2053735579494633919","2026-05-11T07:14:53.000Z","0","Monsun Barat Daya bermula 14 Mei, hujan dijangka berkurang https://t.co/9qEBBKbozV","2053735579494633919","","","in","","0","0","0","https://x.com/zlk69/status/2053735579494633919","141515518","zlk69"
"2051659712840773640","2026-05-05T13:46:08.000Z","0","ᅠ

ᅠ

ᅠ

ᅠ

ᅠ

ᅠ

ᅠ

ᅠ

ᅠ

ᅠ

ᅠ
ᅠ
ᅠ

ᅠ

ᅠ

ᅠ
ᅠ

ᅠ

ᅠ

ᅠ

ᅠ

ᅠ

ᅠ

ᅠ

ᅠ

ᅠ

ᅠ
ᅠ
ᅠ

ᅠ

ᅠ

ᅠ
ᅠ

ᅠ

ᅠ

ᅠ

ᅠ

ᅠ

ᅠ

ᅠ

ᅠ

ᅠ

ᅠ
ᅠ
ᅠ

ᅠ

ᅠ

ᅠ
ᅠ

ᅠ

ᅠ

ᅠ

ᅠ

ᅠ

ᅠ

ᅠ

ᅠ

pembersihan tl 13 https://t.co/9wrGzwMfSA","2051659712840773640","https://pbs.twimg.com/media/HHj1owdbIAAZ1kq.jpg","","in","","0","0","0","https://x.com/paakminju/status/2051659712840773640","1288356997725687809","paakminju"
"2052208090443833585","2026-05-07T04:51:18.000Z","4","@starfess Panas panas 🔥🔥🔥 
Panggil damkar guys ada kebakaran 🥵 https://t.co/T5eS9fFOwH","2052249893457240527","https://pbs.twimg.com/media/HHsOZhsbAAA1qZ4.jpg","starfess","in","","0","0","0","https://x.com/minraniga/status/2052249893457240527","1904374579088482305","minraniga"
"2049708188866613421","2026-04-30T04:31:28.000Z","1","Petugas pemadam mengevakuasi penghuni Apartemen Mediterania, Jakarta Barat (Jakbar), yang terjebak akibat kebakaran yang melanda salah satu gedung hunian tersebut, Kamis pagi.

Pantauan ANTARA di lokasi pada pukul 09.25 WIB, sejumlah penghuni yang terjebak dievakuasi dari sisi","2049708188866613421","","","in","","0","0","1","https://x.com/antaranews/status/2049708188866613421","18071520","antaranews"
"2052998537462566948","2026-05-09T06:26:08.000Z","50","Untung tidak panggil Damkar‼️
Kronologi:
Rumah sudah penuh dengan asap saat netizen yang sudah melakukan perjalanan cukup jauh melihat kondisi rumah sudah seperti ini.

Penyebabnya adalah orang tua (ibu) merebus tahu lupa matiin kompor ampe gosong.

Endingnya: awalnya kira beliau https://t.co/PTqCUmNDty","2052998537462566948","https://pbs.twimg.com/ext_tw_video_thumb/2052998511042744320/pu/img/ApJTHbbl_jKnRYzr.jpg","","in","","0","6","6","https://x.com/sharpandshark/status/2052998537462566948","1628338800362672128","sharpandshark"
"2052972940493472017","2026-05-09T04:44:26.000Z","2","dammmmmmmmmm infokan damkar","2052972940493472017","","","in","","0","0","1","https://x.com/ourfinshc/status/2052972940493472017","1696115661607780352","ourfinshc"
"2051659218890203198","2026-05-05T13:44:10.000Z","0","ᅠ

ᅠ

ᅠ

ᅠ

ᅠ

ᅠ

ᅠ

ᅠ

ᅠ

ᅠ

ᅠ
ᅠ
ᅠ

ᅠ

ᅠ

ᅠ
ᅠ

ᅠ

ᅠ

ᅠ

ᅠ

ᅠ

ᅠ

ᅠ

ᅠ

ᅠ

ᅠ
ᅠ
ᅠ

ᅠ

ᅠ

ᅠ
ᅠ

ᅠ

ᅠ

ᅠ

ᅠ

ᅠ

ᅠ

ᅠ

ᅠ

ᅠ

ᅠ
ᅠ
ᅠ

ᅠ

ᅠ

ᅠ
ᅠ

ᅠ

ᅠ

ᅠ

ᅠ

ᅠ

ᅠ

ᅠ

ᅠ

pembersihan tl 10 https://t.co/s4LzIr6szE","2051659218890203198","https://pbs.twimg.com/media/HHj1L-ba8AAWU8Q.jpg","","in","","0","0","0","https://x.com/paakminju/status/2051659218890203198","1288356997725687809","paakminju"
"2053119914362454093","2026-05-10T00:15:56.000Z","0","@blueming_day Kebakaran lagi.....
Mending di istana siapin kantor damkar dah sekalian 😩","2053267757974864062","","blueming_day","in","","0","0","0","https://x.com/AvoocaC/status/2053267757974864062","1917442151727915014","AvoocaC"
"2053286361004912663","2026-05-11T03:24:23.000Z","0","@RagilSemar Yg berdiri bersama rakyat hanyalah petugas Damkar.

#Ngik","2053677573591433470","","RagilSemar","in","","0","0","0","https://x.com/HumorJonTampan/status/2053677573591433470","257090687","HumorJonTampan"
"2053307949716742638","2026-05-10T14:07:11.000Z","0","@BudiBukanIntel Kenapa mobil polisi dan MBG gak saling tabrak satu sama lain dan bisa memberikan jalan bagi Damkar dan Ambulance.","2053476951625810099","","BudiBukanIntel","in","","0","0","0","https://x.com/andrew_mnhtns/status/2053476951625810099","725224237","andrew_mnhtns"
"2053730246613258554","2026-05-11T06:53:41.000Z","0","GELAR OPERASIONAL TRIWULAN I T.A 2026 POLRES PULAU MOROTAI Sebagai Sarana Meningkatkan Kinerja Satuan Guna Terciptanya Harkamtibmas https://t.co/ZlQj0UWkqb","2053730246613258554","","","in","","0","0","0","https://x.com/HumasPulau/status/2053730246613258554","1184297917764341762","HumasPulau"
"2053723162534449582","2026-05-11T06:26:48.000Z","0","kayakk raja lu dulu mati gara2 kebakaran cook gada trauma2nya apaaa proteksiny alat pemadamnya naroh 1 damkar di istana buat stay jg bkn yg GA MUNGKIN sebel anjg","2053723477446967307","","redtodie","in","","0","0","0","https://x.com/redtodie/status/2053723477446967307","1552149613997461505","redtodie"
"2052360108865380674","2026-05-07T12:09:15.000Z","3","Baru balik kerja jam segini, capek bgt pengen cuddle sampe dipisah damkar","2052360108865380674","","","in","","0","0","0","https://x.com/1Cokjarannn/status/2052360108865380674","1265599624082948097","1Cokjarannn"
"2051231650777014711","2026-05-04T09:25:10.000Z","0","ᅠ

ᅠ

ᅠ

ᅠ

ᅠ

ᅠ

ᅠ

ᅠ

ᅠ

ᅠ

ᅠ
ᅠ
ᅠ

ᅠ

ᅠ

ᅠ
ᅠ

ᅠ

ᅠ

ᅠ

ᅠ

ᅠ

ᅠ

ᅠ

ᅠ

ᅠ

ᅠ
ᅠ
ᅠ

ᅠ

ᅠ

ᅠ
ᅠ

ᅠ

ᅠ

ᅠ

ᅠ

ᅠ

ᅠ

ᅠ

ᅠ

ᅠ

ᅠ
ᅠ
ᅠ

ᅠ

ᅠ

ᅠ
ᅠ

ᅠ

ᅠ

ᅠ

ᅠ

ᅠ

ᅠ

ᅠ

ᅠ

pembersihan tl 🐈‍⬛️ 6 https://t.co/0v5fL2pdRI","2051231650777014711","https://pbs.twimg.com/media/HHdwUOgaMAEdI05.jpg","","in","","0","0","0","https://x.com/RAMUDAsuka/status/2051231650777014711","1256443559210708992","RAMUDAsuka"
"2053730255270260887","2026-05-11T06:53:43.000Z","0","HARI BARU BERGANTI
 API PUN BARU ABU
KAMU PUN SUDAH TEROR","2053730255270260887","","","in","","1","0","0","https://x.com/imrachaella/status/2053730255270260887","2912271702","imrachaella"
"2049986385189446088","2026-04-30T22:56:55.000Z","954","Kasus Pak JK : Ada pihak mencoba membakar pemadam kebakaran - mari kita kompak melawan mereka.* https://t.co/UpfcK43qF0","2049986385189446088","https://pbs.twimg.com/amplify_video_thumb/2049986305531248640/img/S6WQ__zi9afmloSP.jpg","","in","","27","169","336","https://x.com/msaid_didu/status/2049986385189446088","1117990249806721024","msaid_didu"
"2051562390987374672","2026-05-05T07:19:24.000Z","2867","Detik-detik seorang pengendara motor yang merupakan petugas Damkar tiba-tiba pingsan di Lampu Merah Alun-alun Wonosari (sisi selatan Kantor Pos), Selasa (05/05). 🚨

Berdasarkan rekaman CCTV, korban diduga mengalami serangan jantung. Beruntung, warga dan pengguna jalan dengan https://t.co/5swwz26S8I","2051562390987374672","https://pbs.twimg.com/amplify_video_thumb/2051562302261071872/img/uFTsuMTnOIYi1wJq.jpg","","in","","13","64","405","https://x.com/Xbacottetangga/status/2051562390987374672","1069704325369217024","Xbacottetangga"
"2051858414935126405","2026-05-06T02:55:42.000Z","3","Sebuah video CCTV merekam kejadian seorang pemotor terjatuh saat berhenti di lampu merah Alun-Alun Kota Wonosari.

Diduga serangan jantung seorang petugas (damkar) tiba tiba terjatuh dari motor saat menunggu lampu merah

Semoga masih bisa terselamatkan

sc : infogunungkidulcom https://t.co/ddXvbyvMc4","2051858414935126405","https://pbs.twimg.com/amplify_video_thumb/2051858342000373760/img/7dQQgPdGOj11guiJ.jpg","","in","","0","0","1","https://x.com/dashcamindo/status/2051858414935126405","1055324609958924288","dashcamindo"
"2053302258763452803","2026-05-10T09:18:28.000Z","1","@wooforseokk gak yang di istana gak yang di waduk semuanya butuh bantuan damkar🤣","2053404293445931095","","wooforseokk","in","","0","0","0","https://x.com/fairitalee/status/2053404293445931095","1660417663477366784","fairitalee"
"2047570510213726573","2026-04-24T06:57:06.000Z","97","Damkar Kutai Timur Evakuasi Buaya Di Parit Warga, Aksi Sigap Petugas Tuai Pujian ‼

Aksi cepat petugas pemadam kebakaran di Kutai Timur, Kalimantan Timur, mendapat apresiasi luas dari warganet setelah berhasil mengevakuasi seekor buaya yang muncul di parit permukiman warga. https://t.co/bZPkol3Gwo","2047570510213726573","https://pbs.twimg.com/amplify_video_thumb/2047570414499708928/img/H6eBxQULjOler1A6.jpg","","in","","1","5","25","https://x.com/RadioElshinta/status/2047570510213726573","121640063","RadioElshinta"
"2051139127861760429","2026-05-04T03:17:31.000Z","0","Kepala Kepolisian Resor Majalengka
Beserta Staf dan Jajaran
Mengucapkan

DIRGAHAYU DAMKAR
INTERNASIONAL

4 MEI 2026

""Api dan Air dalam Simfoni Pengabdian Memaknai
Hari Pemadam Kebakaran Sedunia"". https://t.co/R16qdhlRy1","2051139127861760429","https://pbs.twimg.com/media/HHccKLra4AAc4jI.jpg","","in","","0","0","0","https://x.com/resmajalengka/status/2051139127861760429","700991328918773762","resmajalengka"
"2047502120749027521","2026-04-24T02:25:20.000Z","417","Memang TNI sekarang ada tugas tambahan selain mengelola SPPG juga jadi pemadam kebakaran ???
Kenapa tdk diberikan langsung ke Damkar utk memperkuat armada agar lebih sigap ! https://t.co/JrUhZYPUFA","2047502120749027521","https://pbs.twimg.com/media/HGowVAUawAE6eaa.jpg","","in","","16","169","161","https://x.com/NenkMonica/status/2047502120749027521","1040306964100669440","NenkMonica"
"2053731242768822322","2026-05-11T06:57:39.000Z","0","Update Peringatan Dini Cuaca Wilayah - Kalimantan Timur Tgl. 11 Mei 2026 pkl. 15:00 WITA
Prakirawan - BMKG - Kalimantan Timur
https://t.co/A3gur0WWkC https://t.co/vtYlyZdJdX","2053731242768822322","https://pbs.twimg.com/media/HIBRreZasAAWL0q.jpg","","in","","0","0","0","https://x.com/infoBMKG/status/2053731242768822322","108543358","infoBMKG"
"2048293138771624152","2026-04-26T06:48:34.000Z","250","Sudah timpang Tindih Pekerjaan 

Disuruh Fokus untuk latihan pertempuran malah mau jadi pemadam kebakaran https://t.co/a98A6eSi1p","2048293138771624152","https://pbs.twimg.com/ext_tw_video_thumb/2048293098913165312/pu/img/JTkp7EPOclqTprFy.jpg","","in","","10","70","120","https://x.com/OmJ_J3Nggott/status/2048293138771624152","721590341669748736","OmJ_J3Nggott"
"2051617854710317374","2026-05-05T10:59:48.000Z","7","Niat hati mau cari inspirasi aesthetic, baru buka Tumblr sebentar berasa butuh panggilan darurat ke Damkar. Barang Wajib Checkout
#Tumblr #Panas #Damkar #MemeTumblr #BukaTumblr https://t.co/zONzWEPu2W","2051617854710317374","https://pbs.twimg.com/amplify_video_thumb/2051617340324995072/img/SeRZ0LjOjXOjzD0V.jpg","","in","","0","4","0","https://x.com/lidasani07/status/2051617854710317374","1976115495003881475","lidasani07"
"2053302258763452803","2026-05-10T04:29:36.000Z","2","@wooforseokk Astaghfirullah.. 
Emang wajib disamperin damkar ni istana.. Kagak ada aman2nya njir... 
Ada aja gebrakannya 🤣🤣🤣","2053331596137357577","","wooforseokk","in","","0","0","0","https://x.com/Kyu_Dii/status/2053331596137357577","1140960494","Kyu_Dii"
"2047606432359673902","2026-04-24T09:19:50.000Z","2","BNPB memastikan kebakaran lahan gambut di Kota Langsa, Aceh berhasil dipadamkan sepenuhnya setelah tim gabungan mengerahkan tiga unit mobil pemadam kebakaran ke lokasi kejadian.

🔽🔽🔽
Baca selengkapnya: https://t.co/t0ESMfX1aH https://t.co/Y3x3GCOTFB","2047606432359673902","https://pbs.twimg.com/media/HGqPMfxasAAVjmF.jpg","","in","","0","0","0","https://x.com/antaranews/status/2047606432359673902","18071520","antaranews"
"2051658897216397820","2026-05-05T13:42:53.000Z","1","ᅠ

ᅠ

ᅠ

ᅠ

ᅠ

ᅠ

ᅠ

ᅠ

ᅠ

ᅠ

ᅠ
ᅠ
ᅠ

ᅠ

ᅠ

ᅠ
ᅠ

ᅠ

ᅠ

ᅠ

ᅠ

ᅠ

ᅠ

ᅠ

ᅠ

ᅠ

ᅠ
ᅠ
ᅠ

ᅠ

ᅠ

ᅠ
ᅠ

ᅠ

ᅠ

ᅠ

ᅠ

ᅠ

ᅠ

ᅠ

ᅠ

ᅠ

ᅠ
ᅠ
ᅠ

ᅠ

ᅠ

ᅠ
ᅠ

ᅠ

ᅠ

ᅠ

ᅠ

ᅠ

ᅠ

ᅠ

ᅠ

pembersihan tl 4","2051658897216397820","","","in","","0","0","1","https://x.com/paakminju/status/2051658897216397820","1288356997725687809","paakminju"
"2053301861600600071","2026-05-10T02:31:26.000Z","0","Gua kalo jadi damkar terus disuruh ngurusin ini orang juga nyerah","2053301861600600071","","","in","","0","0","0","https://x.com/bsonqmin/status/2053301861600600071","1766108800036261888","bsonqmin"
"2053307348803109018","2026-05-10T12:04:27.000Z","0","@Iyangapril_ damkar - ambulance - kang somay - polisi - mbg","2053446063433109926","","Iyangapril_","in","","0","0","0","https://x.com/CKurupuk/status/2053446063433109926","1981369667068555264","CKurupuk"
"2053351007099437417","2026-05-10T05:46:44.000Z","0","Damkar buruan buka kantor dalem istana","2053351007099437417","","","in","","0","0","0","https://x.com/pllyya/status/2053351007099437417","1587993785991974913","pllyya"
"2052606950672871809","2026-05-08T04:48:48.000Z","1","@Lullaby1237431 Telpon Pemadam Kebakaran lah. 
Kali² nyasar di Kebun Kopi kan?","2052611651581669835","","Lullaby1237431","in","","0","1","0","https://x.com/DjolaFix/status/2052611651581669835","174156881","DjolaFix"
"2051531275870376415","2026-05-05T08:23:32.000Z","1","@_riverheaven Makin nyleneh 😮‍💨😏
Iri hati krn DAMKAR berhasil dicintai masyarakat luas kah👀🤗🤦‍♀️","2051578528727269427","","_riverheaven","in","","0","1","0","https://x.com/AnRoeske02/status/2051578528727269427","1966695190456135685","AnRoeske02"
"2053014111261462794","2026-05-09T12:21:36.000Z","1","@worksfess banyak.. pekerjaan yang disekitar kita dan harusnya dapet banyak:
1. Guru
2. Petugas sampah
3. Art
4. Kuli bangunan
5. Tenaga medis
6. Damkar
7. Buruh

duh banyak lagi yang lainnya. kalo di sebutin semua, nanti bisa habis semua huruf di keyboard ku","2053087990289940854","","worksfess","in","","0","0","0","https://x.com/Revryer/status/2053087990289940854","1666879264980078592","Revryer"
"2052325063890735586","2026-05-07T09:50:00.000Z","0","TIM Satgas Pemadam Gabungan berhasil menanggulangi kebakaran hutan dan lahan (Karhutla) yang sempat berkobar hebat di dua titik krusial di Provinsi Riau, yakni Kabupaten Rokan Hilir (Rohil) dan Kabupaten Pelalawan. 
https://t.co/7L5L3fNtIb","2052325063890735586","","","in","","0","0","0","https://x.com/mediaindonesia/status/2052325063890735586","68930552","mediaindonesia"
"2053735431565615418","2026-05-11T07:14:18.000Z","1","Update Peringatan Dini Cuaca Wilayah - Aceh Tgl. 11 Mei 2026 pkl. 14:20 WIB
Prakirawan - BMKG - Aceh
https://t.co/aLGQan6XsM https://t.co/KtInlTmUg9","2053735431565615418","https://pbs.twimg.com/media/HIBVfQjaMAEIajS.jpg","","in","","0","0","0","https://x.com/infoBMKG/status/2053735431565615418","108543358","infoBMKG"
"2053733242537410899","2026-05-11T07:05:36.000Z","0","Monsun Barat Daya bermula 14 Mei, hujan dijangka berkurang

https://t.co/yyJjnN77NA","2053733242537410899","","","in","","0","0","0","https://x.com/MalaysiaGazette/status/2053733242537410899","1600369057","MalaysiaGazette"
"2051514631404036162","2026-05-05T12:41:32.000Z","1","@DivHumas_Polri Lanjutkan pak.
Soal keamanan dan ketertiban, serahkan kepada DAMKAR 
seperti mereka lebih bisa diandalkan","2051643457610141825","","DivHumas_Polri","in","","0","0","1","https://x.com/OposisiOjol/status/2051643457610141825","1509169742258466819","OposisiOjol"
"2053739106484863165","2026-05-11T07:28:55.000Z","0","📢 *REGISTRAZIONE IN ARRIVO*
&gt; ⚽️ Pendaftaran Lomba Futsal dan Basket: *18 Januari - 3 April 2026*
&gt; 💃🏻 Pendaftaran Lomba Ratoh Jaroe: *18 Januari - 23 April 2026*","2053739110666547406","","radiountar","in","","0","1","0","https://x.com/radiountar/status/2053739110666547406","36908999","radiountar"
"2052429867220955207","2026-05-07T16:46:27.000Z","2","enak ye yunjin pemandangannya diisi oleh para fearnot tersesat otw venue concert naik mobil gerobak sayur, ambulan, sepeda, mobil pink, mobil damkar","2052429867220955207","","","in","","0","0","0","https://x.com/blueflamezuha/status/2052429867220955207","1588817448480178176","blueflamezuha"
"2052323665329750020","2026-05-07T09:44:26.000Z","2","Tolong panggil damkar, ini foto terlalu hot buat timeline aku yang dingin😖 https://t.co/xt6CTVfagG","2052323665329750020","https://pbs.twimg.com/media/HHtRfjzawAIVPTx.jpg","","in","","0","0","0","https://x.com/ytszam/status/2052323665329750020","1271048038786588672","ytszam"
"2052210843040047220","2026-05-07T02:16:43.000Z","0","🗓️ Waktu Pekerjaan
Kamis – Jumat, 7–8 Mei 2026
⏰ Pukul 07.00 WIB – 07.00 WIB (besok)

Wilayah Terdampak :
Borobudur, Abdul Rahman Saleh, Suratmo, Muradi, Tarupolo, Gedong Songo, Jati Sari, Wr. Supratman, Sri Rejeki, Rorojonggrang, Bukit Wahid, Wonoharjo, Candi Mendut, Pasadena,","2052210991824617890","","PDAMKotaSMG","in","","0","0","0","https://x.com/PDAMKotaSMG/status/2052210991824617890","785931060","PDAMKotaSMG"
"2050477893181218918","2026-05-02T07:30:00.000Z","1","AFPI secara resmi memulai proses pemberhentian keanggotaan PT Teknologi Internasional Nusantara (PT TIN) menyusul insiden pemesanan fiktif layanan pemadam kebakaran di Semarang, Jawa Tengah. https://t.co/ZtyKB0XDS0","2050477893181218918","","","in","","0","0","1","https://x.com/mediaindonesia/status/2050477893181218918","68930552","mediaindonesia"
"2046481559335891249","2026-04-21T06:50:00.000Z","0","Kebakaran Gudang Cakung, 80 Personel Pemadam Dikerahkan.

https://t.co/esaFvBR8gS","2046481559335891249","","","in","","0","0","0","https://x.com/mediaindonesia/status/2046481559335891249","68930552","mediaindonesia"
"2052777247812337771","2026-05-08T15:46:49.000Z","4","yg harus di prioritaskan:
1. damkar
2. ambulance
3. paket gua","2052777247812337771","","","in","","0","0","0","https://x.com/diaumond/status/2052777247812337771","1132257602845401088","diaumond"
"2051658989130449248","2026-05-05T13:43:15.000Z","0","ᅠ

ᅠ

ᅠ

ᅠ

ᅠ

ᅠ

ᅠ

ᅠ

ᅠ

ᅠ

ᅠ
ᅠ
ᅠ

ᅠ

ᅠ

ᅠ
ᅠ

ᅠ

ᅠ

ᅠ

ᅠ

ᅠ

ᅠ

ᅠ

ᅠ

ᅠ

ᅠ
ᅠ
ᅠ

ᅠ

ᅠ

ᅠ
ᅠ

ᅠ

ᅠ

ᅠ

ᅠ

ᅠ

ᅠ

ᅠ

ᅠ

ᅠ

ᅠ
ᅠ
ᅠ

ᅠ

ᅠ

ᅠ
ᅠ

ᅠ

ᅠ

ᅠ

ᅠ

ᅠ

ᅠ

ᅠ

ᅠ

pembersihan tl 6 https://t.co/YLjhuV2fAT","2051658989130449248","https://pbs.twimg.com/media/HHj0-kYbYAAu7pr.jpg","","in","","0","0","0","https://x.com/paakminju/status/2051658989130449248","1288356997725687809","paakminju"
"2053451364957839692","2026-05-10T14:23:30.000Z","1","@Jelli_cent @yatmokodwiheru SDM rendah keq gitu.. gak pernah di ajarin gimana jika ambulan,damkar lewat kita harus apa","2053481057383776572","","Jelli_cent","in","","0","0","0","https://x.com/bugsbunny_2345/status/2053481057383776572","1777553162267963392","bugsbunny_2345"
"2052640869036237091","2026-05-08T06:44:54.000Z","1","13.44: RT @TMCPoldaMetro : Telah terjadi kebakaran sebuah restoran soto lejit yang berlokasi di Jl. Batu Tulis Raya No.48E, RT.3/RW.2, Kb. Klp., Kecamatan Gambir, Kota Jakarta Pusat, saat ini Api berhasil di padamkan oleh Petugas Damkar. https://t.co/dX4EBlVthW","2052640869036237091","https://pbs.twimg.com/media/HHxx72TbAAAFavQ.png","","in","","0","0","0","https://x.com/RadioElshinta/status/2052640869036237091","121640063","RadioElshinta"
"2053731405755289757","2026-05-11T06:58:18.000Z","0","Update Peringatan Dini Cuaca Wilayah - Papua Barat Tgl. 11 Mei 2026 pkl. 16:07 WIT
Prakirawan - BMKG - Papua Barat
https://t.co/aIuUW8lIrK https://t.co/AjFxAfEmk8","2053731405755289757","https://pbs.twimg.com/media/HIBR05FaIAAVIL8.jpg","","in","","0","0","0","https://x.com/infoBMKG/status/2053731405755289757","108543358","infoBMKG"
"2051714918894973122","2026-05-05T17:25:30.000Z","2","dijakpus ada yg kebakaran ta? kok banyak bgtt sirine pemadam???","2051714918894973122","","","in","","0","0","0","https://x.com/girlslikedonut/status/2051714918894973122","1908095573972172802","girlslikedonut"
"2052157373603872786","2026-05-06T22:43:39.000Z","4","Karena suhu yg sangat tinggi di Zócalo, Kota Meksiko, petugas pemadam kebakaran menyemprotkan air ke ARMY yg brkumpul dengan harapan agar lebih adem hawanya.
Arny sudah mulai brdatangan &amp; berharap bisa melihat member BTS yg akan muncul di salah satu balkon Istana Nasional nanti. https://t.co/TcTzpHs5N1","2052157373603872786","https://pbs.twimg.com/ext_tw_video_thumb/2052157294960680960/pu/img/HyEUwBGiTMWIN-qB.jpg","","in","","0","1","1","https://x.com/Yully_bts02/status/2052157373603872786","1119132121023389698","Yully_bts02"
"2053517206798106651","2026-05-10T16:47:09.000Z","0","Usai Viral Pingsan Saat Pulang Piket 24 Jam, Petugas Damkar Gunungkidul Meninggal

https://t.co/6ya3UzY4oW","2053517206798106651","","","in","","0","0","0","https://x.com/newestID/status/2053517206798106651","2022173222343782402","newestID"
"2053123017749016981","2026-05-09T17:01:41.000Z","1","@blueming_day harusnya studi banding ama damkar indo biar ga kebakaran mulu saban tahun","2053158478517346366","","blueming_day","in","","0","0","0","https://x.com/liatatoullie/status/2053158478517346366","194909134","liatatoullie"
"2047642970485325889","2026-05-10T04:25:19.000Z","0","@Sadturnine @OHMYV3NUS Ini ngetag damkar aja apa ya? Kalau p word pasti nggak ditangkep sebelum viral.","2053330517999944146","","Sadturnine","in","","0","0","0","https://x.com/PhuwinF/status/2053330517999944146","1619310922845274113","PhuwinF"
"2044952815618138249","2026-04-17T01:35:19.000Z","39","📷📸  Solusinya 'DAMKAR'

Seekor ular sepanjang enam meter ditemukan melilit bagian rumah panggung warga di Kecamatan Manggala, Kota Makassar, Sulawesi Selatan, Rabu (15/4/2026) malam.

Sempat memicu kepanikan warga sebelum akhirnya dilaporkan kepada petugas Dinas Pemadam https://t.co/ZgkopZxPQD","2044952815618138249","https://pbs.twimg.com/ext_tw_video_thumb/2044952736974946304/pu/img/KtPwf2dAoy9U4gUw.jpg","","in","","0","6","30","https://x.com/denni_sauya/status/2044952815618138249","1249352392954368001","denni_sauya"
"2053062975872012628","2026-05-09T12:31:21.000Z","1","@BulanArchiev MAU RIKUESSSZS damkar!joss sama janda muda yg rumahnya dimasukin uler!gawin 🥹🥹🥹🥹🥹🥺🥺🥺🥺🥺🥺🥺","2053090446868705739","","BulanArchiev","in","","0","0","0","https://x.com/kh0ndeu/status/2053090446868705739","993205676087300096","kh0ndeu"
"2051659828385472844","2026-05-05T13:46:35.000Z","0","ᅠ

ᅠ

ᅠ

ᅠ

ᅠ

ᅠ

ᅠ

ᅠ

ᅠ

ᅠ

ᅠ
ᅠ
ᅠ

ᅠ

ᅠ

ᅠ
ᅠ

ᅠ

ᅠ

ᅠ

ᅠ

ᅠ

ᅠ

ᅠ

ᅠ

ᅠ

ᅠ
ᅠ
ᅠ

ᅠ

ᅠ

ᅠ
ᅠ

ᅠ

ᅠ

ᅠ

ᅠ

ᅠ

ᅠ

ᅠ

ᅠ

ᅠ

ᅠ
ᅠ
ᅠ

ᅠ

ᅠ

ᅠ
ᅠ

ᅠ

ᅠ

ᅠ

ᅠ

ᅠ

ᅠ

ᅠ

ᅠ

pembersihan tl 15 https://t.co/B7p4jrejPu","2051659828385472844","https://pbs.twimg.com/media/HHj1vdWawAASHRp.jpg","","in","","0","0","0","https://x.com/paakminju/status/2051659828385472844","1288356997725687809","paakminju"
"2053302258763452803","2026-05-10T08:19:03.000Z","1","@wooforseokk 🤣🤣🤣 gak expect damkar sampe jump in","2053389340500431236","","wooforseokk","in","","0","0","0","https://x.com/txtfromsora/status/2053389340500431236","2023312651007463425","txtfromsora"
"2053691151841190062","2026-05-11T04:18:20.000Z","1","APEL PAGI DAN REREONGAN SAPOE SAREBU.

@ditpolpp_linmas 
@satpolppjabar 
@pemkabcjr https://t.co/KNzGOSsAYR","2053691151841190062","https://pbs.twimg.com/ext_tw_video_thumb/2053691006789525504/pu/img/qO4QZnx5h5YVBdbE.jpg","","in","","0","2","0","https://x.com/stpolpp_dmkrcjr/status/2053691151841190062","1745688053296123905","stpolpp_dmkrcjr"
"2049505021755318438","2026-05-08T12:13:13.000Z","1","@jouhyoun IYAA KAK nggapapa take your time, aku juga sambil ngumpul tenaga kok. Beneran gapapa, suwer! Wah mau diajarin juga biar jago diving, tapi nggamau sampe tenggelem gitu. Aduh, sebentar kak aku mau telepon damkar dulu buat bawain pelampung","2052723495625482737","","jouhyoun","in","","0","0","0","https://x.com/suanghyun/status/2052723495625482737","1739366683691945984","suanghyun"
"2051989416160420144","2026-05-06T11:37:02.000Z","5","Ia juga mengeluhkan bahwa saat turun dari lift hari itu, bau kimchi asam menyengat memenuhi koridor. Menurutnya, setelah delapan tahun menahan diri, kini ia merasa harus benar-benar melapor.

Di Korea Selatan, undang-undang terkait fasilitas pemadam kebakaran melarang penumpukan","2051989612340613405","","tang__kira","in","","0","1","1","https://x.com/tang__kira/status/2051989612340613405","1211794832","tang__kira"
"2051231888774398190","2026-05-04T09:26:06.000Z","0","ᅠ

ᅠ

ᅠ

ᅠ

ᅠ

ᅠ

ᅠ

ᅠ

ᅠ

ᅠ

ᅠ
ᅠ
ᅠ

ᅠ

ᅠ

ᅠ
ᅠ

ᅠ

ᅠ

ᅠ

ᅠ

ᅠ

ᅠ

ᅠ

ᅠ

ᅠ

ᅠ
ᅠ
ᅠ

ᅠ

ᅠ

ᅠ
ᅠ

ᅠ

ᅠ

ᅠ

ᅠ

ᅠ

ᅠ

ᅠ

ᅠ

ᅠ

ᅠ
ᅠ
ᅠ

ᅠ

ᅠ

ᅠ
ᅠ

ᅠ

ᅠ

ᅠ

ᅠ

ᅠ

ᅠ

ᅠ

ᅠ

pembersihan tl 🐈‍⬛️ 12 https://t.co/EQst9f5Fz6","2051231888774398190","https://pbs.twimg.com/media/HHdwiFlbEAAxpbf.jpg","","in","","0","0","0","https://x.com/RAMUDAsuka/status/2051231888774398190","1256443559210708992","RAMUDAsuka"
"2050364465829552557","2026-05-01T23:59:17.000Z","27","Wah, pemadam kebakaran kelas kakap nih.
Lagi-lagi yang suka nyalain api dari dulu tiba-tiba jadi korban yang ""mau dibakar"". Klasik banget, bos. 
Tiap kali ada kasus, langsung narasi ""kami yang baik, mereka yang jahat, ayo kompak lawan"".","2050364465829552557","","","in","","0","12","13","https://x.com/Matahari_tmr/status/2050364465829552557","1605882119636803584","Matahari_tmr"
"2052598547485233656","2026-05-08T03:56:43.000Z","0","🥵🥵🥵😍🥵😍🥵😋🥵😋🤤🤤🤤🤤🤤🤤🤤🥴😋🥴😋🥴🥵🤤🤤🥵🤤🤤🤤🥵🥵🥵🥵🥵🤤🤤🤤🤤🤤🤤🤤🤤🤤😋😋😋😋🥵😋🥵🥵😍😍😍😍😍🥵🥵🥵🥴🥴 https://t.co/ukTLRUldNb","2052598547485233656","https://pbs.twimg.com/media/HHxLf-ZXsAUaOUa.jpg","","qme","","0","0","0","https://x.com/0204z_/status/2052598547485233656","1673120887908827137","0204z_"
"2053403075143225428","2026-05-10T09:13:38.000Z","5","YESTERDAY WAS FUNNNNNN🧯🚒🔥

Semoga makin banyak komunitas di Surabaya yang bikin kegiatan berguna kyk begini cz what do you mean toddler 2 digit ini akhirnya main-main ke kantor pemadam kebakaran😭💗 https://t.co/gqjx6EjQAH","2053403075143225428","https://pbs.twimg.com/media/HH8nMCRbwAA39Sy.jpg","","in","","0","1","0","https://x.com/nisynwafer/status/2053403075143225428","1059346373491884032","nisynwafer"
"2053735682317910188","2026-05-11T07:15:17.000Z","0","Update Peringatan Dini Cuaca Wilayah - Sumatera Barat Tgl. 11 Mei 2026 pkl. 14:30 WIB
Prakirawan - BMKG - Sumatera Barat
https://t.co/RdT4uSNw3u https://t.co/0NTVETtRpi","2053735682317910188","https://pbs.twimg.com/media/HIBVt0TbwAAhybf.jpg","","in","","0","0","0","https://x.com/infoBMKG/status/2053735682317910188","108543358","infoBMKG"
"2052992181632479255","2026-05-10T09:53:40.000Z","2","@Salikadam92 @Makaryo0 Sekarang TNI ikut2an dengan aktif dipelaksanaan KDMP
Trus kepada siap masyarakat  akan mengadau
Hanya kepada PEMADAM KEBAKARAN","2053413149341303294","","Salikadam92","in","","0","0","0","https://x.com/DiJe_Husin/status/2053413149341303294","1634251705004224512","DiJe_Husin"
"2053036423000039915","2026-05-09T09:22:56.000Z","1","@liradianta @typookaruan lohe malah angkat tangan,kan damkar solusi dari semua masalah","2053043029280518171","","liradianta","in","","0","1","0","https://x.com/bukanomar_/status/2053043029280518171","899501500333826048","bukanomar_"
"2048931623786422750","2026-04-28T01:05:41.000Z","10","Untuk seluruh tenaga medis, petugas pemadam kebakaran, tim sar serta masyarakat yang bersama-sama memberikan bantuan, semoga selalu diberi kesehatan yang baik dan mendapat berkah dari Allah.

Bagi keluarga para korban, semoga diberikan kekuatan dan ketabahan. Turut berduka cita,","2048931623786422750","","","in","","0","3","5","https://x.com/kywupi/status/2048931623786422750","1850021055064309763","kywupi"
"2053737393560473929","2026-05-11T07:22:05.000Z","0","͏

͏

͏

͏

͏

͏

͏

͏

͏

͏

͏

͏

͏

͏

͏

͏

͏

͏

͏

͏

͏

͏

͏

͏

͏

͏

͏

͏

͏

͏

͏

͏

͏

͏

͏

͏

͏

͏

͏

͏

͏

͏

͏

͏

͏

͏

͏

͏

͏

͏

͏

͏

͏

͏

͏

͏

͏

͏͏

͏

͏

͏

͏

͏

͏

͏

͏

͏

͏

͏

͏

͏

͏

͏

͏

͏

͏

͏

͏

͏

͏

͏

͏

Pembersihan tl","2053737393560473929","","","und","","0","0","0","https://x.com/berrsiap/status/2053737393560473929","2401830026","berrsiap"
"2053739579879145699","2026-05-11T07:30:47.000Z","0","💛 𝗠𝗘𝗞𝗔𝗥 𝗜𝗵𝘀𝗮𝗻 𝗝𝗣𝗡 𝗦𝗲𝗹𝗮𝗻𝗴𝗼𝗿 — 𝗠𝗲𝗺𝗽𝗲𝗿𝗸𝘂𝗸𝘂𝗵 𝗔𝗸𝘀𝗲𝘀, 𝗠𝗲𝗺𝗽𝗲𝗿𝗹𝘂𝗮𝘀 𝗞𝗵𝗶𝗱𝗺𝗮𝘁

🗓️ 9 &amp; 10 Mei 2026 (Sabtu &amp; Ahad)
📍 Kuala Selangor | Klang | Puchong | Subang Jaya

https://t.co/9jCS7x5f13

#MalaysiaMadani
#RakyatDiHatiJPN
#selangor https://t.co/McqEQe7jNe","2053739579879145699","https://pbs.twimg.com/media/HIBZQL5agAAcROw.jpg","","in","","0","0","0","https://x.com/jpnmsalam/status/2053739579879145699","854696970","jpnmsalam"
"2051659543239872680","2026-05-05T13:45:27.000Z","0","ᅠ

ᅠ

ᅠ

ᅠ

ᅠ

ᅠ

ᅠ

ᅠ

ᅠ

ᅠ

ᅠ
ᅠ
ᅠ

ᅠ

ᅠ

ᅠ
ᅠ

ᅠ

ᅠ

ᅠ

ᅠ

ᅠ

ᅠ

ᅠ

ᅠ

ᅠ

ᅠ
ᅠ
ᅠ

ᅠ

ᅠ

ᅠ
ᅠ

ᅠ

ᅠ

ᅠ

ᅠ

ᅠ

ᅠ

ᅠ

ᅠ

ᅠ

ᅠ
ᅠ
ᅠ

ᅠ

ᅠ

ᅠ
ᅠ

ᅠ

ᅠ

ᅠ

ᅠ

ᅠ

ᅠ

ᅠ

ᅠ

pembersihan tl 11 https://t.co/qIcs00yeJn","2051659543239872680","https://pbs.twimg.com/media/HHj1e3wbgAEE9q7.jpg","","in","","0","0","0","https://x.com/paakminju/status/2051659543239872680","1288356997725687809","paakminju"
"2052681468812628115","2026-05-08T17:24:33.000Z","20","@kang___L Kita harus lapor damkar biar dapur sppgnya disembur air jadi hilang deh racun. ORGIL @DivHumas_Polri","2052801843902984586","","kang___L","in","","0","0","2","https://x.com/Teteh_Seunghan/status/2052801843902984586","869834476154626049","Teteh_Seunghan"
"2053307348803109018","2026-05-10T09:30:14.000Z","0","@Iyangapril_ Ambulance, mbg mending tubruk aja pake truk damkar","2053407253227807117","","Iyangapril_","in","","0","0","0","https://x.com/radit_side/status/2053407253227807117","91760241","radit_side"
"2051141559174004895","2026-05-04T15:17:37.000Z","1","@AnangPratama_ Harusnya bangga bisa punya suami selang damkar","2051320350852763782","","AnangPratama_","in","","0","0","0","https://x.com/arifatisalken/status/2051320350852763782","1619992615528824833","arifatisalken"
"2053470043342790904","2026-05-10T13:39:44.000Z","0","Baru juga nyemplung udah disemprot pake selang damkar, dar der dor banget kosyakk https://t.co/YbF4a77hp4","2053470043342790904","https://pbs.twimg.com/tweet_video_thumb/HH9kHS5bIAAF3fi.jpg","","in","","0","0","0","https://x.com/winterrrrrrr_/status/2053470043342790904","1183627764936495104","winterrrrrrr_"
"2053266232011567264","2026-05-10T00:09:52.000Z","1","ini 1 korea ga punya damkar kali ya","2053266232011567264","","","in","","0","1","0","https://x.com/pudupudupawpaww/status/2053266232011567264","90140545","pudupudupawpaww"
"2053290393828299109","2026-05-10T02:30:11.000Z","0","@eurepioum otw panggil pemadam kebakaran","2053301545740222959","","eurepioum","in","","0","0","0","https://x.com/strafishes/status/2053301545740222959","1733254629042040832","strafishes"
"2052705373421806015","2026-05-08T11:01:42.000Z","3","@BASEMANLY info damkar kah maksudnyaa bang","2052705498760413572","","BASEMANLY","in","","0","0","0","https://x.com/adxraboy/status/2052705498760413572","124446900","adxraboy"
"2053673865193435196","2026-05-11T03:09:39.000Z","0","Hendak Lakukan Pemadaman di Gempol, Mobil Damkar Pasuruan Tabrak Truk Molen https://t.co/sOVgMm73bb","2053673865193435196","","","in","","0","0","0","https://x.com/beritajatimcom/status/2053673865193435196","21287066","beritajatimcom"
"2052283871652413629","2026-05-07T12:11:42.000Z","162","@alchemitxt Jirr kirain mitos doang euy","2052360726531244371","","alchemitxt","in","","0","1","0","https://x.com/FunkymanChris/status/2052360726531244371","2857452505","FunkymanChris"
"2051658924638757360","2026-05-05T13:43:00.000Z","0","ᅠ

ᅠ

ᅠ

ᅠ

ᅠ

ᅠ

ᅠ

ᅠ

ᅠ

ᅠ

ᅠ
ᅠ
ᅠ

ᅠ

ᅠ

ᅠ
ᅠ

ᅠ

ᅠ

ᅠ

ᅠ

ᅠ

ᅠ

ᅠ

ᅠ

ᅠ

ᅠ
ᅠ
ᅠ

ᅠ

ᅠ

ᅠ
ᅠ

ᅠ

ᅠ

ᅠ

ᅠ

ᅠ

ᅠ

ᅠ

ᅠ

ᅠ

ᅠ
ᅠ
ᅠ

ᅠ

ᅠ

ᅠ
ᅠ

ᅠ

ᅠ

ᅠ

ᅠ

ᅠ

ᅠ

ᅠ

ᅠ

pembersihan tl 5","2051658924638757360","","","in","","0","0","0","https://x.com/paakminju/status/2051658924638757360","1288356997725687809","paakminju"
"2053316790596587738","2026-05-10T03:30:46.000Z","0","ᅠᅠ
ᅠᅠ
ᅠᅠ
ᅠᅠ
ᅠᅠ
Ya maaf, alarmnya nggak nyala (alasan) 😭
ᅠᅠ
ᅠᅠ
ᅠᅠ
ᅠᅠ
ᅠᅠ","2053316790596587738","","","ko","","0","1","0","https://x.com/imninter/status/2053316790596587738","891642510866558976","imninter"
"2052410299110813915","2026-05-07T15:28:41.000Z","2","@_ Hellu puddies! ♥︎ Salam kenal, namaku Parasayu dari TK Al Ihsan. Panggil Paras boleh, panggil Ayas boleh, asal jangan panggil damkar soalnya NGAPAIN? &gt;:} As a starter, kalian punya gak sih comfort food yang selalu kalian craving pas lagi bad mood? Komen di bawah yaaa! :3 https://t.co/22lPStS5fC","2052410299110813915","https://pbs.twimg.com/media/HHugSO8bUAAoUKH.jpg","_","in","","1","34","0","https://x.com/ellagqross/status/2052410299110813915","555988866","ellagqross"
"2052007424383709432","2026-05-06T12:47:49.000Z","10","mohan udh kek all rounder, bs jadi polisi, bapak 9i, satpam, 911, damkar, TOP MARKOTOP MOHAN AGZ. lagi pacaran pun ttep harus siaga nolongin orang. ga salah berempati, tapi timingnya aja krg pas. ya mungkin mohan mau dilibatkan ke semua cerita pemain, soalny crt dia dr future.","2052007424383709432","","","in","","0","0","1","https://x.com/myUniversee0/status/2052007424383709432","1675505241364795392","myUniversee0"
"2053713730555543775","2026-05-11T05:48:04.000Z","0","Kalbar News: Asosiasi Pemadam Kebakaran Kalbar Siapkan Edukasi ... https://t.co/FuN68wYLYg","2053713730555543775","","","in","","0","0","0","https://x.com/kalbar_news/status/2053713730555543775","1041431952362954752","kalbar_news"
"2052252502746452115","2026-05-07T05:01:40.000Z","0","ᅠ

ᅠ

ᅠ

ᅠ

ᅠ

ᅠ

ᅠ

ᅠ

ᅠ

ᅠ

ᅠ
ᅠ
ᅠ

ᅠ

ᅠ

ᅠ
ᅠ

ᅠ

ᅠ

ᅠ

ᅠ

ᅠ

ᅠ

ᅠ

ᅠ

ᅠ

ᅠ
ᅠ
ᅠ

ᅠ

ᅠ

ᅠ
ᅠ

ᅠ

ᅠ

ᅠ

ᅠ

ᅠ

ᅠ

ᅠ

ᅠ

ᅠ

ᅠ
ᅠ
ᅠ

ᅠ

ᅠ

ᅠ
ᅠ

ᅠ

ᅠ

ᅠ

ᅠ

ᅠ

ᅠ

ᅠ

ᅠ

Pembersihan Tl 06","2052252502746452115","","","in","","0","0","0","https://x.com/0neday_Bin/status/2052252502746452115","1900538174981742592","0neday_Bin"
"2053174354914025910","2026-05-10T12:19:34.000Z","0","@Benithamahrez1 Okeh sekarang telepon damkar","2053449868656738353","","Benithamahrez1","in","","0","0","0","https://x.com/RaDysania/status/2053449868656738353","1208820895797497856","RaDysania"
"2053733972103057858","2026-05-11T07:08:30.000Z","0","Update Peringatan Dini Cuaca Wilayah - Kalimantan Tengah Tgl. 11 Mei 2026 pkl. 14:10 WIB
Prakirawan - BMKG - Kalimantan Tengah
https://t.co/CT4oqvcrcc https://t.co/1P1lg6QAoe","2053733972103057858","https://pbs.twimg.com/media/HIBUKWAbgAAC1UK.jpg","","in","","0","0","1","https://x.com/infoBMKG/status/2053733972103057858","108543358","infoBMKG"
"2052711096780460401","2026-05-10T04:32:17.000Z","0","@punyaggukkoo Iyahh, klau bisa bantuin warga kek damkar asli semru pasti","2053332273576206338","","punyaggukkoo","in","","0","1","0","https://x.com/Torpaz/status/2053332273576206338","819401786343624704","Torpaz"
"2051950852878000391","2026-05-06T09:03:01.000Z","5","telah terjadi kebakaran di sumur pertamina EP asset 3  di blok cilogog, losarang, Indramayu. 

alhamdulillah api sudah dipadamkan oleh petugas damkar setempat, dan gak ada korban jiwa. 

alasan kebakaran masih ditinjau. https://t.co/3na20HGjxe","2051950852878000391","https://pbs.twimg.com/ext_tw_video_thumb/2051950764445351939/pu/img/KxNkJgkj1Mjku2kR.jpg","","in","","1","3","3","https://x.com/mudahtertawa_/status/2051950852878000391","1539273147366551552","mudahtertawa_"
"2053730131982901627","2026-05-11T06:53:14.000Z","0","BPBD Kabupaten Solok Lirik Sepablock Semen Padang untuk Huntap Bencana
https://t.co/jiEnnAuJRk","2053730131982901627","","","in","","0","0","0","https://x.com/padangekspres/status/2053730131982901627","221046102","padangekspres"
"2053425194174402790","2026-05-10T10:45:55.000Z","0","@yushiwishie_ Ya ampun, panggil damkar kak","2053426299780341768","","yushiwishie_","in","","0","1","0","https://x.com/acilo_O/status/2053426299780341768","1867386902661464064","acilo_O"
"2052787579196506315","2026-05-10T01:51:25.000Z","0","@ddkeonhoo normal kak, aku juga liatnya epilepsi","2053291790997033229","","ddkeonhoo","in","","0","0","0","https://x.com/t1ny_tinn/status/2053291790997033229","2044301697195941888","t1ny_tinn"
"2052712832987496754","2026-05-09T05:43:10.000Z","1","@gam3rzzz @empty__core kondisi lapangan..oke..

secara global laki2 berada di:
1. 75%-95% profesi polisi dan pemadam kebakaran.
2. 90%-98% profesi paling berbahaya.
3. 82% penemuan yg dipatenkan.

kalo g ad laki2?
sejauh mana peradaban berjalan till this day?
sejauh mana kemanan terjaga?","2052987723586355469","","gam3rzzz","in","","0","0","0","https://x.com/ItsCalledJeanOx/status/2052987723586355469","1835298685066039296","ItsCalledJeanOx"
"2052904299257377093","2026-05-09T04:24:33.000Z","17","@Vernandohe73895 @keluhkesahkonoh thats why gua blg panggil org, rt kek rw kek damkar kek, ntah gmn kejadiannya tp 2 nyawa disini dipertaruhkan. antara yg dirumah selamat atau cewe yg gedor2 selamat","2052967939205447685","","Vernandohe73895","in","","0","3","0","https://x.com/octavicie/status/2052967939205447685","4430215992","octavicie"
"2053326286211420329","2026-05-10T04:08:30.000Z","0","kata gw damkar buka cabang disitu aje","2053326286211420329","","","in","","0","0","0","https://x.com/kuyomics/status/2053326286211420329","831465798514335745","kuyomics"
"2053307949716742638","2026-05-10T07:51:16.000Z","0","@BudiBukanIntel MBG, SILOP,  DAMKAR,  AMBULAN. MBG paling penting karena menyangkut gizi anak2 kita","2053382346355945640","","BudiBukanIntel","in","","0","0","0","https://x.com/WarOfAge66/status/2053382346355945640","1867401253581729793","WarOfAge66"
"2052410299110813915","2026-05-10T11:46:07.000Z","0","@ellagqross @_ Cantik, cantik, cantik &gt;___&lt; kalau dipanggil 3x ga nengok aku panggil damkar beneran ini! Kalau lagi bad mood penolong ku es krim, soalnya bikin dingin bibir juga pikiran hehe. Kamu sendiri apa tuh?","2053441451439382713","","ellagqross","in","","0","0","0","https://x.com/Chawrri/status/2053441451439382713","1362942229740802049","Chawrri"
"2050889474960445883","2026-05-04T14:20:42.000Z","0","️
Senin, 4 Mei 2026 - Sabtu, 9 Mei 2026
 ️
https://t.co/SF6w7bJ46a","2051306025106715027","","to_my_almost","in","","0","1","0","https://x.com/to_my_almost/status/2051306025106715027","2756267277","to_my_almost"
"2053062102374645850","2026-05-10T15:47:59.000Z","0","@Jongsoongh Nanti ditangkap sama damkar","2053502318331760706","","Jongsoongh","in","","0","0","0","https://x.com/jungwonxyg/status/2053502318331760706","2591206351","jungwonxyg"
"2053307949716742638","2026-05-10T04:35:12.000Z","3","@BudiBukanIntel Mbg dulu bang, terus ambulannya ngikut, habis itu mobil polisi dateng, terakhir damkar wkwkwkw","2053333008619573579","","BudiBukanIntel","in","","0","0","0","https://x.com/lordabi22/status/2053333008619573579","1960684189797507076","lordabi22"
"2053339143435178151","2026-05-10T04:59:35.000Z","0","Agak jauh, bukan bengkel soalnya
tapi BIMA PEMADAM KEBAKARAN 😍😍😍💥💥💥🤤🤤🤤😍😍✊️✊️✊️📢📢💥💥","2053339143435178151","","","in","","0","0","0","https://x.com/_hzelnutlatter/status/2053339143435178151","1723897097370603520","_hzelnutlatter"
"2053667965653123243","2026-05-11T02:46:12.000Z","0","Tau nihhh damkar tolong itu kerajaan satu itu dikasih damkar di belakang istana boleh ga? Tiada hari tanpa kebakaran bjir ini kalau jeoson era semua menteri udah dipenggal kepalanya kali","2053667965653123243","","","in","","0","0","0","https://x.com/Ndoyy99/status/2053667965653123243","1050414395816173568","Ndoyy99"
"2052556133056082398","2026-05-08T01:08:11.000Z","9","Ini bukan sekedar sebuah himbauan, tapi ini adallah sebuah peringatan yang harus diisikapi dengan  kesiapan, persiapan semua elemen masyarakat untuk meminimalisir korban jiwa dan kerusakan yang dapat ditimbulkan. Setiap langkah harus  terukur, kerjasama semua pihak tampaknya https://t.co/umcdV86FGL","2052556133056082398","https://pbs.twimg.com/media/HHwk7OnasAASjat.jpg","","in","","0","1","1","https://x.com/DambaanA/status/2052556133056082398","1603570929635692545","DambaanA"
"2048012839781273717","2026-04-25T12:14:45.000Z","559","Bukan 119 bukan jg 911 Tapi langsung telepon DINAS PEMADAM KEBAKARAN AJALAH ANJJJJIRR!!! ketampanan Eunseok telah membakar jiwa ragaku ampe gosyong! Tolong padamkan api visual ini, aku sudah tidak sanggup menahan hotnya pesona mas-mas ini!!!! 🚒🔥🥵😭 https://t.co/RZpGVigqTl","2048012839781273717","https://pbs.twimg.com/amplify_video_thumb/2048009408832299008/img/q8ExF2k54HNNqOI6.jpg","","in","","9","5","117","https://x.com/eunseokskrr/status/2048012839781273717","1468117518044696578","eunseokskrr"
"2044599635533275257","2026-04-16T02:11:54.000Z","68","Mana yang harus di dahului lebih dulu? Mobil pemadam kebakaran atau mobil ambulance? https://t.co/S500t904J2","2044599635533275257","https://pbs.twimg.com/media/HF_gVcObEAAxsud.jpg","","in","","5","84","10","https://x.com/abid0588/status/2044599635533275257","1547984979447382018","abid0588"
"2053101627809366415","2026-05-09T13:15:47.000Z","69121","Hal yang seharusnya tidak mahal: 
1. Pendidikan 
2. Daging, susu, buah 
3. Penerbangan domestik
4. bbm
5. minyak goreng
6. buku

Yang harusnya mahal: 
1. Gaji guru 
2. Gaji nakes
3. gaji damkar
4. saptam BCA","2053101627809366415","","","in","","179","139","20851","https://x.com/KapudS640/status/2053101627809366415","2045731527086989312","KapudS640"
"2053710360725893408","2026-05-11T05:41:08.000Z","0","@latekamikaze kali ini gak manggil ambulance tp manggil damkar","2053711987364991430","","latekamikaze","in","","0","0","0","https://x.com/saurcin/status/2053711987364991430","1251775796709953537","saurcin"
"2053483628437619156","2026-05-10T14:33:43.000Z","0","Ga kreatif banget kebakaran mulu😭 kata gua mah taro damkar dah sebelah kerajaan","2053483628437619156","","","in","","0","0","0","https://x.com/wonbez/status/2053483628437619156","1076794091227164674","wonbez"
"2053733640899834026","2026-05-11T07:07:11.000Z","0","Kamis, 14 Mei: libur
Jumat, 15 Mei: masuk
Sabtu, 16 Mei: masuk
Minggu, 17 Mei: libur

🫠🫠🫠","2053733640899834026","","","in","","0","0","0","https://x.com/amygdallae/status/2053733640899834026","1302490801163788288","amygdallae"
"2053159000510984402","2026-05-11T07:11:38.000Z","0","@younjgnn Harusnya kantor damkar pindah di samping istana sih :(","2053734761223647395","","younjgnn","in","","0","0","0","https://x.com/jieunniew/status/2053734761223647395","1923520873761570816","jieunniew"
"2053156729308037360","2026-05-09T16:54:44.000Z","1","Kesaksian Penjaga Rumah Anggota BPK yang Meninggal Dunia dalam Insiden Kebakaran di Jagakarsa: Kita Naik, Telepon Damkar https://t.co/vREkRYop5J","2053156729308037360","","","in","","0","0","0","https://x.com/RonaJateng5/status/2053156729308037360","1769017497125339136","RonaJateng5"
"2053469106192748872","2026-05-10T23:08:52.000Z","17","@B3doel___ buat saya apapun kondisinya ketika ambulan/ kendaraan damkar keluar kandang/ melintas di jalan raya adalah sebuah kedaruratan dan wajib diprioritaskan
alasan terganggu dgn sirine yg berujung emosi  sangat tidak masuk akal sih","2053613271522119911","","B3doel___","in","","0","1","0","https://x.com/sipandjul/status/2053613271522119911","3272459809","sipandjul"
"2053740397160267998","2026-05-11T07:34:36.000Z","1","Kondisi ini mengakibatkan padamnya aliran listrik di sejumlah wilayah, meliputi Kecamatan Mukomuko, Air Dikit, XIV Koto, dan Air Manjuto sejak Sabtu (25/04/2026).","2053740541423288705","","pln_uid_s2jb","in","","0","0","0","https://x.com/pln_uid_s2jb/status/2053740541423288705","1479299908700192768","pln_uid_s2jb"
"2052643799982305640","2026-05-08T06:56:32.000Z","0","Jumat, 8 Mei 2026, Bidang Pemadam Kebakaran dan Penyelamatan BPBD DIY melaksanakan kegiatan sosialisasi dan simulasi penanggulangan kebakaran di SMK Negeri 2 Depok Sleman.

Kegiatan diawali dengan sosialisasi mengenai potensi penyebab kebakaran, langkah pencegahan dini, serta https://t.co/GtEgCTyrqo","2052643799982305640","https://pbs.twimg.com/amplify_video_thumb/2052643287438422016/img/YbCLWm1PVWpVoXlJ.jpg","","in","","0","1","0","https://x.com/BPBDDIY/status/2052643799982305640","758572219","BPBDDIY"
"2053718520958177415","2026-05-11T06:07:06.000Z","0","https://t.co/bcT6kIVvDi","2053718520958177415","","","zxx","","0","0","0","https://x.com/kalbar_news/status/2053718520958177415","1041431952362954752","kalbar_news"
"2053474789176782948","2026-05-10T13:58:36.000Z","0","Wagub Abdullah Sani Hadiri HUT Satpol PP, Damkar dan Satlinmas Nasional di Palembang https://t.co/LPecRWhDgx","2053474789176782948","","","in","","0","0","0","https://x.com/NEWSPUBLIKPRESS/status/2053474789176782948","1850187426343653376","NEWSPUBLIKPRESS"
"2051567114247692647","2026-05-06T01:33:03.000Z","4","@jawafess Sebenernya kita nggak perlu terlalu nyrawung bisa. Darurat panggil damkar, urus jenazah bayar orang, renov rumah sewa tukang. Nikah cukup di KUA, takut sepi? Lagian siapa juga yang mau ngundang mereka. 😌","2051837617348719017","","jawafess","in","","0","0","0","https://x.com/Rupert_Rup80/status/2051837617348719017","1961941676941074432","Rupert_Rup80"
"2053356120593555856","2026-05-10T22:52:15.000Z","0","@BaseBDG Salfok ada abang2 damkar udh punya cewe😭😭","2053609090266673637","","BaseBDG","in","","0","0","0","https://x.com/rotibalegulaa/status/2053609090266673637","1569841010037104640","rotibalegulaa"
"2053441902377394530","2026-05-10T12:47:10.000Z","0","@STOICSXM Wkwkwkwk kenapa harus damkar","2053456812905820437","","STOICSXM","in","","0","1","0","https://x.com/wwjeon96/status/2053456812905820437","820278508056260608","wwjeon96"
"2053535836487180589","2026-05-10T18:01:10.000Z","0","Hal yang seharusnya tidak mahal: 
1. Pendidikan 
2. Daging, susu, buah 
3. Penerbangan domestik
4. bbm
5. minyak goreng
6. buku
7. OBAT/ biaya berobat
8. Konser + taxnya

Yang harusnya mahal: 
1. Gaji guru 
2. Gaji nakes
3. gaji damkar
4. saptam BCA
5. MY GAJI GUE","2053535836487180589","","","in","","0","0","0","https://x.com/itsmeariska/status/2053535836487180589","860415888213721089","itsmeariska"
"2053117795861491862","2026-05-09T14:45:33.000Z","13","@dramacoKR Tau kebakaran mulu ini istana, kudu ada damkar ini disebelah nya biar cepet","2053124217760276990","","dramacoKR","in","","0","0","0","https://x.com/WinaWinars76803/status/2053124217760276990","1812154022142656512","WinaWinars76803"
"2053653560550899986","2026-05-11T01:48:58.000Z","0","ᴀꜱꜱᴀʟᴀᴍᴜᴀʟᴀɪᴋᴜᴍ ᴅᴀɴ ꜱᴀʟᴀᴍ ꜱᴇᴊᴀʜᴛᴇʀᴀ
ʙᴀʜᴀꜱᴀ ᴏʜ ʙᴀʜᴀꜱᴀ❗ʙɪʟ.32/2025
ꜱɪʀɪ : ᴘᴀɴᴛᴜɴ

Sumber rujukan : 
Kurik Kundi Merah Saga
DBP,2008 https://t.co/kuLM0jdRTw","2053653560550899986","https://pbs.twimg.com/media/HIALBlCaQAAQIQr.jpg","","und","","0","0","0","https://x.com/INSTUN_OFFICIAL/status/2053653560550899986","1481788231","INSTUN_OFFICIAL"
"2046860703831835085","2026-04-22T07:56:35.000Z","6","3 hari di rs lngsung kebakaran analitik
Info pemadam kebakaran dong wkwk https://t.co/0dWeyp8cZy","2046860703831835085","https://pbs.twimg.com/media/HGfo9Xma4AApBy0.jpg","","in","","1","2","1","https://x.com/_masbiasa/status/2046860703831835085","1301194852483231744","_masbiasa"
"2052576872811078125","2026-05-08T02:30:36.000Z","2","ខាងឧតុនិយម​ប្រាប់​ឱ្យ​​ប្រុងប្រយ័ត្នចំពោះបាតុភូតភ្លៀង​ផ្គររន្ទះ និងខ្យល់កន្ត្រាក់​ពីឥទ្ធិពលព្យុះហាហ្គូពីត ពីថ្ងៃទី ១០ ដល់ទី ២៥ ឧ

https://t.co/YRVwWhTHez","2052576872811078125","","","km","","0","0","2","https://x.com/postkhmer/status/2052576872811078125","234240620","postkhmer"
"2053285019142295795","2026-05-10T01:24:31.000Z","0","Siyal lucu bgt. 
Mana tadi di tt Nemu kome. Tenang aja Ian GK akan knp knp kan daebi mama Pemadam kebakaran","2053285019142295795","","","in","","0","0","0","https://x.com/dsaaaaw_/status/2053285019142295795","1547211564339511296","dsaaaaw_"
"2052613922428227994","2026-05-08T04:57:49.000Z","328","Di Amerika, tahanan di lapas dieksploitasi buat bikin furnitur, masker, jadi damkar, atau ngerjain proyek pengadaan pemerintah (kayak seragam buat pegawai pemerintah). Industri penjara menghasilkan lebih dari 9 miliar USD / tahun, tapi para tahanan cuman dibayar 0-40 sen per jam.","2052613922428227994","","","in","","3","3","92","https://x.com/tilehopper/status/2052613922428227994","1249662133916192768","tilehopper"
"2053729486349410439","2026-05-11T06:50:40.000Z","0","MAKLUMAN PENUTUPAN SEMENTARA JALAN UTAMA SG. LANG TENGAH BAGI KERJA-KERJA MEMBAIKPULIH PERMUKAAN JALAN YANG TELAH ROSAK, KG. SG. LANG TENGAH, DAERAH KUALA LANGAT, SELANGOR. PENUTUPAN INI DILAKSANAKAN SEPANJANG TEMPOH KERJA DIJALANKAN DI TAPAK.

@IPJKR_Official
@JKRSelangor https://t.co/gS0zoiYPfB","2053729486349410439","https://pbs.twimg.com/media/HIBQFGabkAA34bU.jpg","","in","","0","0","0","https://x.com/JkrKualaLangat/status/2053729486349410439","2923571618","JkrKualaLangat"
"2053117488041488606","2026-05-10T01:59:11.000Z","0","@naravvlert Mau dianter ta? Tak panggilin damkar","2053293743449768123","","naravvlert","in","","0","1","0","https://x.com/L111DDD/status/2053293743449768123","1433012428162289665","L111DDD"
"2053480741519212686","2026-05-10T14:22:15.000Z","1","segala kekunci di kamar, kuncinya patah. untung gaperlu telpon damkar tadi🤣","2053480741519212686","","","in","","0","0","0","https://x.com/anggreinaaaa/status/2053480741519212686","376720739","anggreinaaaa"
"2053730380898087153","2026-05-11T06:54:13.000Z","0","Update Peringatan Dini Cuaca Wilayah - Kep. Riau Tgl. 11 Mei 2026 pkl. 14:00 WIB
Prakirawan - BMKG - Kep. Riau
https://t.co/CaRvks07wq https://t.co/uUFfkwFNVN","2053730380898087153","https://pbs.twimg.com/media/HIBQ5UZaMAAjPOs.jpg","","in","","0","0","0","https://x.com/infoBMKG/status/2053730380898087153","108543358","infoBMKG"
"2052753732803387686","2026-05-08T14:13:22.000Z","14","Orang-orang ini kayak ga pernah liat bapak2 damkar pake daster pas agustusan aja ih","2052753732803387686","","","in","","0","0","1","https://x.com/oeexe/status/2052753732803387686","379292013","oeexe"
"2053356120593555856","2026-05-10T11:52:38.000Z","3","@BaseBDG Yg terakhir kayak abang2 damkar itu","2053443091177377810","","BaseBDG","in","","0","2","0","https://x.com/exbllue/status/2053443091177377810","1283112718220718080","exbllue"
"2053278172662432018","2026-05-10T04:51:27.000Z","17","@SoniCanvasWarns @DoUlikehowItalk Petugas damkar juga badannya lebih mantep🤤 dibanding si coklat","2053337096841281742","","SoniCanvasWarns","in","","0","1","0","https://x.com/dearnanaluvys/status/2053337096841281742","1307764315550703616","dearnanaluvys"
"2051183908889522514","2026-05-04T06:20:53.000Z","1","@mudahtertawa_ innalilahi wa innailaihi rojiun 🥺 damkar nihh bner bneg berkontribusi bangett pliss tpi sayang nyaa jarang di liatt sama pemerintah 😭😭😭 sehat2 bapaa bapa damkar","2051185274118619203","","mudahtertawa_","in","","0","1","0","https://x.com/dellunera/status/2051185274118619203","1868311021775130624","dellunera"
"2053123017749016981","2026-05-10T01:49:50.000Z","0","@blueming_day at this point daegun jaga mesti bikin proker SATU BANGUNAN SATU DAMKAR untuk istana 🙏🏼","2053291389862252561","","blueming_day","in","","0","1","0","https://x.com/meinarchivez/status/2053291389862252561","1317178025738268672","meinarchivez"
"2053451364957839692","2026-05-11T04:43:21.000Z","0","@Jelli_cent padahal pasal 287 UU LLAJ ngatur kalau ada yg meghalangi kendaraan prioritas termasuk ambulans dan damkar yg sedang bertugas bisa dipidana, tapi kok gapernah liat outputnya yaa🤔","2053697446677713239","","Jelli_cent","in","","0","0","0","https://x.com/mayungkin/status/2053697446677713239","703429022617772033","mayungkin"
"2053458642133991540","2026-05-10T12:54:26.000Z","0","Nagumo yang b.. b...ba.. (DITABRAK TRONTON) bai.. (DAMKAR DATENG) bbbaik... (POSKO KOPASUS) H... h... ha... (IRINGAN GAMELAN JAWA) ha...tt... hati... (NABRAK SUTET) menurut analisa gue 3 orangnya pasti...

1. AmaneinLove
2. HighDopalove
3. EvergardeinLove","2053458642133991540","","","in","","0","0","0","https://x.com/AsakurainLove/status/2053458642133991540","2045728522782588928","AsakurainLove"
"2052973034437591482","2026-05-10T04:52:25.000Z","0","@meatlessbakso ada jg yang bilang “yan u kalau udah jadi raja jangan lupa bangun kantor damkar disebelah istana, heran kebakaran mulu” 😭","2053337337929830643","","meatlessbakso","in","","0","0","0","https://x.com/minsoaks/status/2053337337929830643","179415112","minsoaks"
"2051658872096686459","2026-05-05T13:42:47.000Z","0","ᅠ

ᅠ

ᅠ

ᅠ

ᅠ

ᅠ

ᅠ

ᅠ

ᅠ

ᅠ

ᅠ
ᅠ
ᅠ

ᅠ

ᅠ

ᅠ
ᅠ

ᅠ

ᅠ

ᅠ

ᅠ

ᅠ

ᅠ

ᅠ

ᅠ

ᅠ

ᅠ
ᅠ
ᅠ

ᅠ

ᅠ

ᅠ
ᅠ

ᅠ

ᅠ

ᅠ

ᅠ

ᅠ

ᅠ

ᅠ

ᅠ

ᅠ

ᅠ
ᅠ
ᅠ

ᅠ

ᅠ

ᅠ
ᅠ

ᅠ

ᅠ

ᅠ

ᅠ

ᅠ

ᅠ

ᅠ

ᅠ

pembersihan tl 3","2051658872096686459","","","in","","0","0","1","https://x.com/paakminju/status/2051658872096686459","1288356997725687809","paakminju"
"2053732882020249928","2026-05-11T07:04:10.000Z","1","Update Peringatan Dini Cuaca Wilayah - Banten Tgl. 11 Mei 2026 pkl. 14:10 WIB
Prakirawan - BMKG - Banten 
https://t.co/d4tHCamtcF https://t.co/QYE8wRaoFk","2053732882020249928","https://pbs.twimg.com/media/HIBTK0CaMAA0Hzj.jpg","","in","","0","0","0","https://x.com/infoBMKG/status/2053732882020249928","108543358","infoBMKG"
"2053435240107127116","2026-05-10T15:11:28.000Z","0","@seonghyeeonisme kerahkan satu mobil damkar untuk aku 💜💜","2053493126946562073","","seonghyeeonisme","in","","0","0","0","https://x.com/eyaneyonkrayon/status/2053493126946562073","1821541634879918080","eyaneyonkrayon"
"2053740397160267998","2026-05-11T07:34:46.000Z","1","Tak menunggu lama, tim PLN langsung turun ke lokasi melakukan assessment dan penanganan darurat. Di tengah medan yang menantang dan kondisi pascabencana, petugas berjibaku melakukan perbaikan demi mempercepat pemulihan pasokan listrik bagi masyarakat.","2053740583492231624","","pln_uid_s2jb","in","","0","0","0","https://x.com/pln_uid_s2jb/status/2053740583492231624","1479299908700192768","pln_uid_s2jb"
"2053739719645945956","2026-05-11T07:31:20.000Z","0","Update Peringatan Dini Cuaca Wilayah - Nusa Tenggara Timur Tgl. 11 Mei 2026 pkl. 15:30 WITA
Prakirawan - BMKG - Nusa Tenggara Timur
https://t.co/869TZMfcau https://t.co/AQmIdkQsLr","2053739719645945956","https://pbs.twimg.com/media/HIBZY4jbMAAklgR.jpg","","in","","0","0","0","https://x.com/infoBMKG/status/2053739719645945956","108543358","infoBMKG"
"2053341275508932834","2026-05-10T05:08:03.000Z","1","Ni orang ntar gua laporin damkar, biar mental tembus langin kena water cannon maha dahsyat https://t.co/KSwfgxsjIw","2053341275508932834","https://pbs.twimg.com/media/HH7vAX4bYAAAdgz.jpg","","in","","0","4","0","https://x.com/myAmygdala93/status/2053341275508932834","3017768642","myAmygdala93"
"2053056937345028306","2026-05-09T10:18:12.000Z","144","TOLONG DONG GIMANASIH KAKAK KAKAK INI ADA KEBAKARAN DIBELAKANGNYA BUKANNYA PANGGIL DAMKAR MALAH BERPOSE KEREN 🫩 #PANDAVVADash https://t.co/sTtpdgSk6W","2053056937345028306","https://pbs.twimg.com/media/HH3sZibbgAAJcMi.jpg","","in","","0","0","24","https://x.com/miugikari/status/2053056937345028306","1488764851706949636","miugikari"
"2053519760516890916","2026-05-10T16:57:18.000Z","0","kata gue mah bikin posko pemadam kebakaran aja depan palace😭","2053519760516890916","","","in","","0","0","0","https://x.com/AiniHijau/status/2053519760516890916","626342113","AiniHijau"
"2053469725804650645","2026-05-10T13:38:28.000Z","0","🕊️🚒 Duka mendalam menyelimuti Gunungkidul, Lur. Rudi Indratna, petugas Damkar asal Gadungsari yang sebelumnya sempat viral karena pingsan dan terjatuh di lampu merah depan Alun-alun Pemda Wonosari, kini telah berpulang. https://t.co/qF5uPNPH8m","2053469725804650645","https://pbs.twimg.com/amplify_video_thumb/2053468071734743040/img/8JNfnV0uD4nTFtaX.jpg","","in","","0","0","0","https://x.com/BorobudurNews_/status/2053469725804650645","828503372969832448","BorobudurNews_"
"2053119914362454093","2026-05-10T07:32:25.000Z","1","@blueming_day Daebi Mama (pemadam kebakaran)      also Daebi Mama (pembuat kebakaran) 

😩🥺🤧
#perfectcrown https://t.co/tKX7JAa45f","2053377602543587350","https://pbs.twimg.com/media/HH8P_A_bUAADLUP.jpg","blueming_day","in","","0","0","0","https://x.com/mynameprada/status/2053377602543587350","1152110797293670401","mynameprada"
"2053125704808820908","2026-05-09T14:51:27.000Z","0","BENTAR BENTAR, ADUH INI SUMPAH GANTENG BANGET, ADUH GA KUAT BANGET INI TOLONGGG. PAK DAMKARRRR TOLONG HAECHAN GANTENG BANGET AAAAAAAAAAAAAAAAAAAAAAAAAAAAAAAAAAA 😭😭😭😭😭😭😭😭😭😭😭😭😭😭😭😭😭😭😭😭😭😭😭😭😭😭😭😭😭","2053125704808820908","","","in","","0","0","0","https://x.com/haerchdwery/status/2053125704808820908","1036616097053569025","haerchdwery"
"2053401380212379701","2026-05-10T09:06:54.000Z","1517","Untung gak sampe panggil damkar 😂 https://t.co/KtuND8nnQQ","2053401380212379701","https://pbs.twimg.com/amplify_video_thumb/2053401295076376576/img/GJN7CCqM8v0MsCdb.jpg","","in","","10","17","106","https://x.com/ayin4me/status/2053401380212379701","1907410448494043136","ayin4me"
"2052719993234801001","2026-05-08T12:12:16.000Z","127","@BudiBukanIntel Penasaran kalau lapor damkar, reaksinya akan gimana ya? 🤔","2052723255497388137","","BudiBukanIntel","in","","0","2","0","https://x.com/RidhaIntifadha/status/2052723255497388137","271922617","RidhaIntifadha"
"2052945930014581158","2026-05-09T05:09:06.000Z","1","@L1L178 damkar paling bisa diandalkan","2052979149913174217","","L1L178","in","","0","2","0","https://x.com/GoinvintyOne/status/2052979149913174217","2436898500","GoinvintyOne"
"2053736329863962714","2026-05-11T07:17:52.000Z","0","🍜 SO BAKSO! Siapa yang suka Bakso?

NGEBAKSO *(Ngebahas Kisi-Kisi Soal)* hadir sebagai solusi tepat untuk kamu yang ingin LOLOS UKOM Bidan Periode 2 Tahun 2026! 💯

📅 PENDAFTARAN: 11 Mei – 8 Juni 2026
📅 PELAKSANAAN: 9, 11, 13 Juni 2026
💸 HARGA: Hanya Rp50.000 saja!

#ukom2026 https://t.co/KLprlC3E3T","2053736329863962714","https://pbs.twimg.com/media/HIBWTa0bsAACRDi.jpg","","in","","0","0","0","https://x.com/widya_medika/status/2053736329863962714","1742471137937031168","widya_medika"
"2051870638277808174","2026-05-06T03:52:47.000Z","0","@pramukopi ᅠᅠ
ᅠᅠ
ᅠᅠ
ᅠᅠ
ᅠᅠ
Aku bawa selang damkar, siap semprot balik!
ᅠᅠ
ᅠᅠ
ᅠᅠ
ᅠᅠ
ᅠᅠ","2051872781349069133","","pramukopi","ko","","0","1","0","https://x.com/imninter/status/2051872781349069133","891642510866558976","imninter"
"2053463465893974246","2026-05-10T14:26:41.000Z","2","@ardianpancaa Enak ini gak perlu dapet semprotan yg kek pemadam kebakaran 😂","2053481859800268835","","ardianpancaa","in","","0","0","0","https://x.com/BanyuSadewa/status/2053481859800268835","55108943","BanyuSadewa"
"2047471850767417818","2026-04-24T00:25:04.000Z","1","Info dari 
@coups_of_hannie Ada kebakaran di sekitar lebak bulus banyak mobil pemadam @humasjakfire. https://t.co/a88LyYPxrJ","2047471850767417818","https://pbs.twimg.com/media/HGoUnAsbAAERtvJ.jpg","","in","","0","1","1","https://x.com/SonoraFM92/status/2047471850767417818","180696019","SonoraFM92"
"2044673889247404145","2026-04-16T07:06:58.000Z","1","Seekor ular sepanjang enam meter ditemukan melilit bagian rumah panggung warga di Kecamatan Manggala, Kota Makassar, Sulawesi Selatan, Rabu (15/4/2026) malam.

Peristiwa ini sempat memicu kepanikan warga sebelum akhirnya dilaporkan kepada petugas Dinas Pemadam Kebakaran dan https://t.co/UeAgFSokPp","2044673889247404145","https://pbs.twimg.com/amplify_video_thumb/2044673783043440640/img/7lqiQq1Z3KL9C2Yx.jpg","","in","","0","0","0","https://x.com/inilahdotcom/status/2044673889247404145","46693036","inilahdotcom"
"2053315185671340235","2026-05-10T03:24:23.000Z","0","mamacih yh klian dah baik sm damkar &gt;…&lt;","2053315185671340235","","","in","","0","0","0","https://x.com/_______jiuw/status/2053315185671340235","2021808955148910592","_______jiuw"
"2052252082279969258","2026-05-07T05:00:00.000Z","0","ᅠ

ᅠ

ᅠ

ᅠ

ᅠ

ᅠ

ᅠ

ᅠ

ᅠ

ᅠ

ᅠ
ᅠ
ᅠ

ᅠ

ᅠ

ᅠ
ᅠ

ᅠ

ᅠ

ᅠ

ᅠ

ᅠ

ᅠ

ᅠ

ᅠ

ᅠ

ᅠ
ᅠ
ᅠ

ᅠ

ᅠ

ᅠ
ᅠ

ᅠ

ᅠ

ᅠ

ᅠ

ᅠ

ᅠ

ᅠ

ᅠ

ᅠ

ᅠ
ᅠ
ᅠ

ᅠ

ᅠ

ᅠ
ᅠ

ᅠ

ᅠ

ᅠ

ᅠ

ᅠ

ᅠ

ᅠ

ᅠ

Pembersihan Tl 01","2052252082279969258","","","in","","0","0","2","https://x.com/0neday_Bin/status/2052252082279969258","1900538174981742592","0neday_Bin"
"2052904299257377093","2026-05-09T04:17:09.000Z","7","@keluhkesahkonoh 40"" lama loh&amp; bs buat. 10"" panggil damkar, 10"" share group keluarga+RT, 10"" panggil polisi, 10"" ajak ngobrol dr dlm rumah, 10"" bangunan orang rumah sambil bawa https://t.co/3SFff7uoZq gitu malam ga siang kalo ada yg ketok pintu cek monitor cctv rumah dulu baru tanya keperluan apa","2052966076418548003","","keluhkesahkonoh","in","","0","0","0","https://x.com/4lG20/status/2052966076418548003","3004271448","4lG20"
"2053119914362454093","2026-05-09T17:07:48.000Z","22","@blueming_day Udh tau ya sering kebakaran, taro kek kantor pemadam samping kerajaan gitu biar cepet padam apinya","2053160017940168972","","blueming_day","in","","0","0","0","https://x.com/Mutiara67485609/status/2053160017940168972","1313372134475927552","Mutiara67485609"
"2053387061554774115","2026-05-10T08:10:00.000Z","0","🚒 Aksi Mobil Damkar Mendinginkan Aspal Jalan Pemuda Sebelum Pawai Ogoh-ogoh 2026 Dimulai
https://t.co/sm4K0WZYnX

#Semarang
#blog","2053387061554774115","","","in","","0","0","0","https://x.com/dotsemarang/status/2053387061554774115","127756257","dotsemarang"
"2053740667407638862","2026-05-11T07:35:06.000Z","0","Tolong jangan komen aneh aneh ke nyon huhuu takut bangett...","2053740667407638862","","","in","","0","0","0","https://x.com/seanpetir/status/2053740667407638862","2041662467105861632","seanpetir"
"2044347028738867278","2026-04-15T09:28:08.000Z","9","Kalo polisi badannya gemoy semua mending jadi polisi tidur aja 😭
Masa nangkep maling kudu nelpon pemadam kebakaran dlu.","2044347028738867278","","","in","","0","1","1","https://x.com/bakuldimsum_/status/2044347028738867278","1518293169258909696","bakuldimsum_"
"2053317158550340015","2026-05-10T03:32:14.000Z","0","Kata gua mah di kerajaan taroin pangkalan damkar, biar cepet padaminnya","2053317158550340015","","","in","","0","0","0","https://x.com/deepblo/status/2053317158550340015","1312778521345810432","deepblo"
"2053707863777059265","2026-05-11T05:24:45.000Z","0","random banget semalem rumah gw ada uler sampe damkar dateng 😭","2053707863777059265","","","in","","0","0","0","https://x.com/eeriesh/status/2053707863777059265","1665215461339049986","eeriesh"
"2053479620083949613","2026-05-10T14:17:47.000Z","3","Kebakaran hebat melanda Pasar Pagi Bintara di Bekasi dan menghanguskan sejumlah kios pedagang pada Sabtu (9/5).

Api cepat membesar hingga membuat kepulan asap hitam terlihat dari kejauhan dan memicu kepanikan warga sekitar. 

Petugas pemadam kebakaran berjibaku selama sekitar https://t.co/NWnONfEYk8","2053479620083949613","https://pbs.twimg.com/ext_tw_video_thumb/2053479354865532928/pu/img/74JqHO9F4tUV5yHY.jpg","","in","","0","1","2","https://x.com/antaranews/status/2053479620083949613","18071520","antaranews"
"2046049186311999765","2026-04-20T02:11:54.000Z","43","Kebakaran hebat melanda kawasan rumah terapung di Kampung Bahagia, Sandakan, Sabah, Malaysia, Minggu (19/4).

Sekitar 1.000 rumah hangus terbakar dan sebanyak 9.007 warga terdampak.

Hingga kini, penyebab kebakaran masih dalam penyelidikan oleh pihak Pemadam Kebakaran dan https://t.co/3o5A2RoIhL","2046049186311999765","https://pbs.twimg.com/amplify_video_thumb/2046049101494853632/img/tbwDqzkykJNOKTGO.jpg","","in","","0","3","16","https://x.com/CNNIndonesia/status/2046049186311999765","17128975","CNNIndonesia"
"2053080338428281255","2026-05-09T11:51:11.000Z","0","ᅠ
ᅠ
ᅠ
ᅠ
ᅠ
ᅠ
ᅠ
ᅠ
ᅠ
ᅠ
ᅠ
ᅠᅠ
ᅠ
ᅠ
ᅠ
ᅠ
ᅠ
ᅠ
ᅠ
ᅠ
ᅠ
ᅠ
ᅠᅠ","2053080338428281255","","","ko","","0","0","0","https://x.com/Carmennta/status/2053080338428281255","1667482199057383428","Carmennta"
"2053660811399491663","2026-05-11T02:22:26.000Z","0","@GlHindu Kalau butuh tambahan umat, perkenalkan saja fitur unggulan td ke PAUD &amp; SD. Adekmu @BuddhisGL pasti kalah, wong doi paling banter cuma képréti air doang, sama Damkar aja doi kalah.","2053661982512099661","","GlHindu","in","","1","1","0","https://x.com/silarakhito/status/2053661982512099661","3224001421","silarakhito"
"2053719646596153756","2026-05-11T06:11:34.000Z","0","Kobaran api besar melanda sebagian wilayah Palembang malam ini, dengan sejumlah rumah dilaporkan terbakar. Semoga setiap keluarga dapat keluar dengan selamat dan petugas pemadam kebakaran segera dapat mengendalikan api. 
#Palembang #Indonesia #SumatraSelatan #PeringatanKebakaran https://t.co/2QkkM4rdxx","2053719646596153756","https://pbs.twimg.com/amplify_video_thumb/2053719095615664128/img/GlLCAYeueseKT7Ok.jpg","","in","","0","0","0","https://x.com/titik_terang018/status/2053719646596153756","1859519065141936130","titik_terang018"
"2053737738361540793","2026-05-11T07:23:28.000Z","0","Bengkel kereta musnah kebakaran di Kangar

https://t.co/VJjqLjMnHU","2053737738361540793","","","in","","0","0","0","https://x.com/MalaysiaGazette/status/2053737738361540793","1600369057","MalaysiaGazette"
"2053732406902055063","2026-05-11T07:02:16.000Z","0","📢 MAKLUMAN PENUTUPAN SEMENTARA

Dimaklumkan bahawa Aplikasi Sistem e-Tanah, Portal Rasmi dan Portal Awam akan ditutup sementara bagi tujuan penyelenggaraan dan penambahbaikan sistem.

🗓️ Tarikh: 16 Mei 2026 (Sabtu)
⏰ Masa: 9.00 pagi - Selesai

Sehubungan itu, semua urusan yang","2053732406902055063","","","in","","0","1","0","https://x.com/pptg_wp/status/2053732406902055063","2460793375","pptg_wp"
"2053141073447580093","2026-05-10T11:31:41.000Z","5","@dramacoKR Ternyata cita² dia jadi Damkar 😭","2053437818773582316","","dramacoKR","in","","0","0","0","https://x.com/Ini__Mimi/status/2053437818773582316","756643247695335424","Ini__Mimi"
"2053431473160761821","2026-05-10T11:06:28.000Z","1","Didenda Rp 875 Juta Buntut DC Prank Damkar, Indosaku Buka Suara https://t.co/AEqwIAU1Tj","2053431473160761821","","","in","","0","0","0","https://x.com/detikfinance/status/2053431473160761821","135795460","detikfinance"
"2053418015643889848","2026-05-10T10:13:00.000Z","0","Kebakaran melanda SMK Muhammadiyah 1 Purwokerto dini hari tadi, menyebabkan kerusakan pada kantin dan pos sekolah. Berkat respon cepat petugas damkar dan masyarakat, api berhasil dipadamkan tanpa korban jiwa. Penyebab awal diduga korsleting listrik. https://t.co/z9icP623zJ","2053418015643889848","https://pbs.twimg.com/media/HH8rtdzbsAAKkQw.jpg","","in","","0","0","0","https://x.com/radarmasnetwork/status/2053418015643889848","3245882905","radarmasnetwork"
"2051659099688034381","2026-05-05T13:43:42.000Z","0","ᅠ

ᅠ

ᅠ

ᅠ

ᅠ

ᅠ

ᅠ

ᅠ

ᅠ

ᅠ

ᅠ
ᅠ
ᅠ

ᅠ

ᅠ

ᅠ
ᅠ

ᅠ

ᅠ

ᅠ

ᅠ

ᅠ

ᅠ

ᅠ

ᅠ

ᅠ

ᅠ
ᅠ
ᅠ

ᅠ

ᅠ

ᅠ
ᅠ

ᅠ

ᅠ

ᅠ

ᅠ

ᅠ

ᅠ

ᅠ

ᅠ

ᅠ

ᅠ
ᅠ
ᅠ

ᅠ

ᅠ

ᅠ
ᅠ

ᅠ

ᅠ

ᅠ

ᅠ

ᅠ

ᅠ

ᅠ

ᅠ

pembersihan tl 8 https://t.co/cmuqkIclTN","2051659099688034381","https://pbs.twimg.com/media/HHj1E_nbUAA09RN.jpg","","in","","0","0","0","https://x.com/paakminju/status/2051659099688034381","1288356997725687809","paakminju"
"2052390273142161495","2026-05-07T14:09:07.000Z","3","Amerika serius TOLOL nya...

Dalam video tersebut, narasi yang dibangun adalah ""AS meminta bantuan demi kemanusiaan dan keamanan jalur perdagangan"". 

Namun, saya melihat ini sebagai strategi ""Firefighter vs. Arsonist"" (Pemadam Kebakaran vs. Pembakar):

​Pembakar: 
AS menarik https://t.co/xXtBBYO8WF","2052390273142161495","https://pbs.twimg.com/ext_tw_video_thumb/2052390210013630464/pu/img/yn6dyhhFu4g4QfLY.jpg","","in","","0","0","3","https://x.com/WeKa_Ronin/status/2052390273142161495","1383295518374121475","WeKa_Ronin"
"2053611690730865120","2026-05-10T23:02:35.000Z","18","pasal 312 KUHP Baru (UU No. 1 Tahun 2023) : setiap orang yang merintangi pekerjaan pemadam kebakaran saat terjadi kebakaran termasuk menyembunyikan atau membuat alat penadam tidak dapat dipakai, dapat dipidana penjara maksimal 6 tahun.
lokasi di kota palembang. https://t.co/CiuQLc0kfL","2053611690730865120","https://pbs.twimg.com/amplify_video_thumb/2053611593557270528/img/UzDdoK5TrvJiO9Wj.jpg","","in","","0","1","17","https://x.com/LittleScrett_/status/2053611690730865120","2975300857","LittleScrett_"
"2053427082575896707","2026-05-10T10:49:01.000Z","0","siapa yg nolongin DamKar..??
yaa DamKar juga... https://t.co/PbN1aPgjYc","2053427082575896707","https://pbs.twimg.com/ext_tw_video_thumb/2053427041383616512/pu/img/sVCmprgbwyIrXBsE.jpg","","in","","0","0","0","https://x.com/liradianta/status/2053427082575896707","187235531","liradianta"
"2053733317066059887","2026-05-11T07:05:53.000Z","0","MESYUARAT JAWATANKUASA PEMANDU KAJIAN KEBOLEHLAKSANAAN RANG UNDANG-UNDANG EKONOMI KITARAN BIL. 2/2026 https://t.co/TH0j3qw6F0","2053733317066059887","https://pbs.twimg.com/media/HIBTj_1awAAVhF5.jpg","","in","","0","0","0","https://x.com/kpkt_gov/status/2053733317066059887","120319820","kpkt_gov"
"2053162795374719088","2026-05-09T17:18:50.000Z","8","menurut gue udh saatnya damkar diem di istana https://t.co/jJFRXv4DRt","2053162795374719088","","","in","","0","1","0","https://x.com/165daily/status/2053162795374719088","770000797597855746","165daily"
"2052020110450467110","2026-05-06T13:38:22.000Z","14","Offline Storenya :  

📍Store Pusat : Jln. KS Tubun ( Depan Pemadam Kebakaran ) Tegal, Debong Randugunting.

📍Cabang 1 : Jln. Raya Banjaran ( Dekat Basa Toserba Banjaran ) Adiwerna, Tegal.

📍Cirebon : Cipto Park Kosambi Cirebon, Blok E No : 02","2052020147905601690","","natshels","in","","0","1","0","https://x.com/natshels/status/2052020147905601690","1631695915366121472","natshels"
"2053472054880715084","2026-05-11T04:00:47.000Z","0","@zengshunx1 aku telpon damkar buat bantuin nyari","2053686735050277033","","zengshunx1","in","","0","0","0","https://x.com/lalicyi/status/2053686735050277033","1509863997222240257","lalicyi"
"2052677552448451057","2026-05-08T09:10:40.000Z","244","damkar pun segan mau misahin mereka berdua jir https://t.co/J0eCPn2FUK","2052677552448451057","https://pbs.twimg.com/ext_tw_video_thumb/2052566955866099712/pu/img/QZGMdm6CNfEEBx1e.jpg","","in","","0","0","20","https://x.com/botekmu/status/2052677552448451057","1423080272401113094","botekmu"
"2053066009393897614","2026-05-10T12:41:04.000Z","0","@tlktmyhndt Damkar damn kebakar","2053455277643698522","","tlktmyhndt","in","","0","0","0","https://x.com/zonapigeon/status/2053455277643698522","795669309183950848","zonapigeon"
"2053117795861491862","2026-05-09T16:07:54.000Z","17","@dramacoKR Udh sering kebakaran knp damkar nya ngga dibikinin pos khusus istana? Mana lokasinya berundak2 dan dipagerin semua. Kapan padamnya klo cm siram pk ember?? Kesel masa ngga ada apar di istana","2053144940549661017","","dramacoKR","in","","0","0","0","https://x.com/FormiIndon60206/status/2053144940549661017","1962128911653097473","FormiIndon60206"
"2053395269853778288","2026-05-10T11:38:03.000Z","0","@anaketigaaa_ @h_a85_xx Ini video respons tim pemadam kebakaran Kawasaki di stasiunnya. Ada laporan semprotan (mungkin kimia/irritan) disemprotkan di dalam kereta Tokaido Line, jadi mereka lagi siap-siap dengan baju hazmat &amp; peralatan buat investigasi bareng polisi.","2053439418954838524","","anaketigaaa_","in","","0","0","0","https://x.com/grok/status/2053439418954838524","1720665183188922368","grok"
"2052194408725152089","2026-05-07T01:10:49.000Z","0","laah 😭 kgk jelas jir udah 2026 masih aja ada manusia begini","2052194408725152089","","","in","","0","1","0","https://x.com/terminsungitis/status/2052194408725152089","1645105068151291904","terminsungitis"
"2053437231315206612","2026-05-10T11:29:21.000Z","0","kata gua mah itu istana sedia apar deh soalnya kebakaran mulu anjir 😭 dan sedia damkar juga","2053437231315206612","","","in","","0","0","0","https://x.com/naraindays/status/2053437231315206612","1915411666763997193","naraindays"
"2053343567498944548","2026-05-10T05:17:10.000Z","1","udah aku tilfum damkar tunggu aja minggu depan ya @biliadr  🙇🏻‍♀️🙇🏻‍♀️ https://t.co/yIOIQOZed8","2053343567498944548","https://pbs.twimg.com/amplify_video_thumb/2053302176202784768/img/bne2s0kO2DyY5WdO.jpg","","in","","0","1","1","https://x.com/leejieunia/status/2053343567498944548","767720572016996353","leejieunia"
"2053497233899991189","2026-05-10T15:27:47.000Z","0","ㅤ️️ ️️
ㅤ️️ ️️
Adanya tampar tampar Dallen, pisang nya habis 
 ️️
ㅤ️️","2053497233899991189","","","in","","0","0","0","https://x.com/guratiIusi/status/2053497233899991189","551897736","guratiIusi"
"2053345522027737256","2026-05-10T05:24:56.000Z","2","andai si dirga bajunya baju damkar yang literal pahlawan rakyat sehari-hari","2053345522027737256","","","in","","0","1","1","https://x.com/varkaglazer/status/2053345522027737256","1615348999959220227","varkaglazer"
"2053715092232089949","2026-05-11T05:53:28.000Z","0","https://t.co/MU3jYKs0rS","2053715092232089949","","","zxx","","0","0","0","https://x.com/kalbar_news/status/2053715092232089949","1041431952362954752","kalbar_news"
"2053420532058739069","2026-05-10T10:23:00.000Z","0","Tim Pemadam Kebakaran Satpol PP Cilacap berhasil mengatasi masalah pintu rolling yang macet di toko modern. Hanya dalam 15 menit, pintu bisa ditutup kembali setelah perbaikan. Penanganan cepat dan edukasi untuk toko menjadi bagian penting dari layanan mereka. https://t.co/bmsSvVEHgW","2053420532058739069","https://pbs.twimg.com/media/HH8q2fPbUAAQhNk.jpg","","in","","0","0","0","https://x.com/radarmasnetwork/status/2053420532058739069","3245882905","radarmasnetwork"
"2053721412075127099","2026-05-11T06:18:35.000Z","0","Tingkatkan Kesiapsiagaan Bencana, Asosiasi Pemadam Kebakaran Kalbar Akan Gelar Seminar Besar https://t.co/JtEMJwhLIs","2053721412075127099","","","in","","0","0","0","https://x.com/kalbar_news/status/2053721412075127099","1041431952362954752","kalbar_news"
"2053101627809366415","2026-05-10T05:12:39.000Z","2","@KapudS640 @b1ttluv gaji damkar harusnya di atas 20jt krna resiko yg dihadapi selama tugas tu ga main².","2053342429332623653","","KapudS640","in","","0","0","0","https://x.com/theblanc___/status/2053342429332623653","1943608560145055745","theblanc___"
"2053536091920273662","2026-05-10T18:02:11.000Z","0","ambulan dan mobil damkar adalah prioritas
karena ada situasi darurat
tp yah mana mereka paham
palang pintu rel kreta api aja
sama mereka masih di trobos kok","2053536091920273662","","","in","","0","0","0","https://x.com/Houreyam_Teuing/status/2053536091920273662","1921984958308212736","Houreyam_Teuing"
"2053395761883386327","2026-05-10T08:44:34.000Z","60","Innalilahi Wa Innailaihi Rojiun.........
Selamat Jalan Pak Rudi Indratna 
Terimakasih atas semua jasa""mu 
Semoga Almarhum Khusnul khatimah....Aminnn Aminnn Aminnnn

Beberapa hari yg lalu......
Petugas damkar warga Gadungsari,Wonosari,Gunung Kidul ini sempat pingsan dan terjatuh https://t.co/6nePiD9eKm","2053395761883386327","https://pbs.twimg.com/ext_tw_video_thumb/2053395653771055104/pu/img/DhaSQ4W9m0Lt9zfD.jpg","","in","","0","15","25","https://x.com/LexMarteg/status/2053395761883386327","335212065","LexMarteg"
"2053123017749016981","2026-05-09T17:06:35.000Z","0","@ayammencret Ian daegun kudu nyediain damkar kalo dah jadi raja wkwk","2053159710162030691","","ayammencret","in","","0","0","0","https://x.com/blueming_day/status/2053159710162030691","1132271747519008768","blueming_day"
"2051393139106349216","2026-05-05T06:48:50.000Z","156","@sofyatw @jodohtiwai bego emg. trend Vagueposting memang kntl.

Masa nanti dia kalau liat kebakaran, terus pas tlpn damkar

""Halo, pak? tlg cpt ksini, ih takuut itu apa ya disana, astaga itu kenapa, jujur serem sih pak, cpt kesini""

kan tlul. Klo mau komplen ya komplen aja gt kan hrusnya...","2051554695353888786","","sofyatw","in","","0","1","2","https://x.com/O_azayakan_/status/2051554695353888786","1265414345036464128","O_azayakan_"
"2053307348803109018","2026-05-10T04:04:23.000Z","4","@Iyangapril_ Jangan pakai perasaan. Prioritas kendaraan yang wajib didahulukan diatur di Pasal 134 UU No. 22/2009 tentang LLAJ. 

1. Pemadam kebakaran yang sedang bertugas .
2. Ambulans yang mengangkut orang sakit.
3. Kendaraan untuk memberikan pertolongan pada Kecelakaan Lalu Lintas. 
4.","2053325252772725075","","Iyangapril_","in","","0","0","1","https://x.com/Navpem/status/2053325252772725075","1230485443780571136","Navpem"
"2053092097662894339","2026-05-09T12:37:55.000Z","2","@unchainment @unchainments #unchatubulan ★ telepon kudapat, pemadam kebakaran datang tuk padamkan api cinta mendals dan exces, lalu damkar menyerah mundur karena apinya terlalu susah dipadamkan. alias celamat catu buyan oa keyen athu yang supel dupel lual biaca muach. ❤️ https://t.co/QzhR1Zi6G6","2053092097662894339","https://pbs.twimg.com/media/HH4MYhCaUAEFAKF.jpg","unchainment","in","","0","0","0","https://x.com/Sunwookiom/status/2053092097662894339","1337797601261887491","Sunwookiom"
"2053524048144109741","2026-05-10T17:14:20.000Z","0","Karena dia tidak ditinju while pdhl deserve banget sudah selayaknya polisi mencari org ini 

Biar ga terus terusan org org menyepelekan urgensi ambulance dan damkar","2053524048144109741","","","in","","0","0","0","https://x.com/QueenImaIsBack/status/2053524048144109741","1915314237058293760","QueenImaIsBack"
"2053661645201875068","2026-05-11T02:21:06.000Z","0","Toko kelontong di Sukorejo Kecamatan Sutojayan Kabupaten Blitar terbakar, satu mobil, toko dan ruang tamu hangus.

Teddy Prasojo, Kasi Pemadam Kebakaran Penyelamatan dan Sarpras Satpol PP dan Damkar Kabupaten Blitar mengatakan satu toko kelontong di Sukorejo Kecamatan Sutojayan https://t.co/2L9FJD7HwO","2053661645201875068","https://pbs.twimg.com/amplify_video_thumb/2053661562163089408/img/ENX7Cmozmq-E9NGu.jpg","","in","","0","1","0","https://x.com/radiopatria/status/2053661645201875068","100132119","radiopatria"
"2053036846595420643","2026-05-09T08:58:22.000Z","4","OJK Denda Indosaku Rp875 Juta Buntut Kasus DC Pinjol Prank Damkar https://t.co/Eb7MNdlsOx","2053036846595420643","","","in","","0","1","0","https://x.com/CNNIndonesia/status/2053036846595420643","17128975","CNNIndonesia"
"2053409884083986621","2026-05-10T09:40:41.000Z","0","udah 2x harusnya bangun gedung damkar sebelah istana, heran gak belajar dr yg udah2 😣","2053409884083986621","","","in","","0","0","0","https://x.com/dl_know_no/status/2053409884083986621","1782378500198113280","dl_know_no"
"2053464118443786509","2026-05-10T13:16:12.000Z","0","Itu tempat buat kaki ya gak sih? 😭😭#povnetz #damkar #damkarcore https://t.co/f99ozSQ3El","2053464118443786509","https://pbs.twimg.com/amplify_video_thumb/2053463819159216128/img/WpNqtCK9UTU-LpgO.jpg","","in","","0","0","0","https://x.com/povnetz/status/2053464118443786509","2044270852934385664","povnetz"
"2053736935743791292","2026-05-11T07:20:16.000Z","10","Gak habis pikir sama orang SDM rendah gini, apa susahnya mikir sebentar gak ada  5 menit. 

Ada 3 kendaraan yang wajib diutamakan dijalan raya ; 
1.Pemadam kebakaran
2.Ambulan
3 Tukang paket yang membawa paket gua! ✅🤐 https://t.co/Ue4gkRw3k7","2053736935743791292","https://pbs.twimg.com/ext_tw_video_thumb/2053736870308450304/pu/img/o8Q4smAsGRFsBBoX.jpg","","in","","0","3","11","https://x.com/noboru42256/status/2053736935743791292","2020052433272205319","noboru42256"
"2053157078441906362","2026-05-09T16:56:07.000Z","1","tiap balai di istana kudu punya damkar 1 deh","2053157078441906362","","","in","","1","0","0","https://x.com/regaldnwm/status/2053157078441906362","464532933","regaldnwm"
"2053730076068560909","2026-05-11T06:53:01.000Z","0","Persipan bakar” di tanggal 27 Mei besok nihhhh, gass 🔥🔥
Panggangan Portable Bakaran Sate Ikan Ayam Sosis Bakar Arang
https://t.co/8w5Xxf1N2C","2053730076068560909","","","in","","0","2","0","https://x.com/yaputrisalju/status/2053730076068560909","525018238","yaputrisalju"
"2053645315698532844","2026-05-11T01:16:12.000Z","0","Petugas Damkar Induk Purwodadi kembali melaksanakan tugas evakuasi hewan peliharaan berupa seekor kucing di area Rumah Dinas Bupati 🐱🚒

Evakuasi berhasil dilakukan dengan aman dan lancar oleh personel Damkar yang sigap membantu warga maupun lingkungan sekitar. https://t.co/6YiD8sYNoX","2053645315698532844","https://pbs.twimg.com/media/HIADhevbUAAqxPu.jpg","","in","","0","0","0","https://x.com/Satpolgrobogan/status/2053645315698532844","1377249470996303882","Satpolgrobogan"
"2053101627809366415","2026-05-10T04:04:35.000Z","22","@bassbuzz_ @KapudS640 Guru, nakes, dosen, damkar, itu ASN. Kadang mereka kegeprek terutama buat bayar UKT anak.","2053325303674798230","","bassbuzz_","in","","0","0","2","https://x.com/gooawaee/status/2053325303674798230","1239802181831671815","gooawaee"
"2051930394032025956","2026-05-06T07:41:43.000Z","2","dulu pas keluarga lg jaya ada yg minjem duit sekian juta (menurut gw besar), sekarang ditagih sampe ada opsi gpp dicicil seadanya tiap bulan jg tp tau ga jawabannya apa “nanti aja bayar di akhirat”

cocoknya gue masukin 2 truk damkar atau suluh api neraka ya ke mulutnya????","2051930394032025956","","","in","","0","5","0","https://x.com/ajuyunpad/status/2051930394032025956","1419664276256563207","ajuyunpad"
"2053272018620133522","2026-05-10T00:32:51.000Z","0","saran aja kantor damkar harusnya ada di sebelah kerajaan biar gak kebakaran mulu","2053272018620133522","","","in","","0","0","0","https://x.com/isonghaa/status/2053272018620133522","99221059","isonghaa"
"2053382628418764950","2026-05-10T07:52:23.000Z","0","Bis sekolah di Amerika statusnya mirip mobil Damkar atau Ambulans kalau disini, prioritas utama. Mobil hitam tak mengurangi kecepatan dan menabrak dari belakang, kemungkinan besar lihat atau main HP","2053382628418764950","","","in","","0","0","0","https://x.com/blekriver/status/2053382628418764950","1504487055975362566","blekriver"
"2052562491667054826","2026-05-08T01:33:40.000Z","0","termasuk menyediakan sarana pengendalian kebakaran, menjaga kesuburan tanah, serta mencegah kerusakan lingkungan.  Melalui langkah pencegahan dan pengawasan yang optimal, diharapkan risiko karhutla dapat diminimalkan sehingga keselamatan masyarakat, kualitas lingkungan,","2052562547715530785","","KantahKabbogor","in","","0","0","0","https://x.com/KantahKabbogor/status/2052562547715530785","1148448595395223552","KantahKabbogor"
"2053735424942907393","2026-05-11T07:14:16.000Z","0","Cuaca Jateng Sepekan, Waspada Pancaroba Ekstrem, Siang Terik Malam Hujan https://t.co/QQmp223zUm","2053735424942907393","","","in","","0","0","0","https://x.com/IDNTimesJateng/status/2053735424942907393","1318855369641263105","IDNTimesJateng"
"2053097268744491224","2026-05-09T12:58:28.000Z","2","Sebagai pemain game Theotown, industri bisa maju ketika:

1. Adanya koneksi antara residensi dan komersial.
2. Tersedianya supply: air, listrik, dan pengelolaan sampah.
3. Tersedianya basic support: pendidikan, kesehatan, pulici, pemadam kebakaran.
4. Punya area Taman/Sport yang","2053097268744491224","","","in","","0","0","0","https://x.com/dosenhukumnotes/status/2053097268744491224","2037776163335024640","dosenhukumnotes"
"2053706746510860675","2026-05-11T05:20:19.000Z","0","Kebakaran Gudang Hengeur di Tasikmalaya Bikin Damkar Putar Arah Dua Kali https://t.co/zfsnKdsSqp","2053706746510860675","","","in","","0","0","0","https://x.com/notizia_id/status/2053706746510860675","1871942929037864960","notizia_id"
"2053143762063466597","2026-05-10T02:18:21.000Z","0","@is_pelssy trs nelpon damkar
😪","2053298567310352892","","is_pelssy","in","","0","0","0","https://x.com/langitxketujuh/status/2053298567310352892","1783804383756800000","langitxketujuh"
"2053117795861491862","2026-05-09T15:40:43.000Z","156","@dramacoKR Sepertinya istana butuh kantor pemadam kebakaran taewon yang ada bong dojin sama song seol nya  (bonus Jin hogae) biar makin sat set","2053138100470350212","","dramacoKR","in","","3","1","4","https://x.com/Yeppa18/status/2053138100470350212","369943157","Yeppa18"
"2053736498198122776","2026-05-11T07:18:32.000Z","2","PADA KENAPA ANJGGGGGGG KOK SEMUA TEMEN GUE MAU BLOK GUEEEEEEE😭😭😭😭😭💔💔💔💔💔💔💔💔💔💔💔💔💔💔💔💔💔😭😭💔💔💔💔😭💔😭😭💔😭😭💔💔😭😭💔😭💔😭😭💔😭💔😭💔😭😭","2053736498198122776","","","in","","0","1","0","https://x.com/chatiwos/status/2053736498198122776","1810900147276324864","chatiwos"
"2053307949716742638","2026-05-10T04:01:02.000Z","11","@BudiBukanIntel 1. Ambulance 
2. Damkar
3-7. Sepeda motor ntu ada 5 biji
8. Tukang jus katanya mau jemput anaknya
9. Tukang siomay mau nyebrang
10. Embege
11. Mobil polis","2053324407733645477","","BudiBukanIntel","in","","0","0","0","https://x.com/hehendasmu/status/2053324407733645477","71182776","hehendasmu"
"2053534917443891497","2026-05-10T17:57:31.000Z","0","👎👎👎👎👎👎👎👎👎👎👎👎👎👎👎👎👎👎👎👎👎👎👎👎👎👎👎👎👎","2053534917443891497","","","art","","0","0","0","https://x.com/Wangkung_Ds/status/2053534917443891497","890106919599439872","Wangkung_Ds"
"2053378673840115782","2026-05-10T11:24:31.000Z","8","@KangManto123 Bu, bagus orang kek saya cuma 1 di muka bumi. Kalo ada 10 aja kebetulan deket rumah ibu, mungkin malem2 rumah ibu dikerubutin mobil damkar karena asbun","2053436015080358368","","KangManto123","in","","0","0","0","https://x.com/tadi_udah/status/2053436015080358368","235889317","tadi_udah"
"2053492034993094845","2026-05-10T15:07:07.000Z","0","Kok bisa ada nakes nyerah ngeluarin cincin yang tersangkut di ""cincin"" kemudian manggil Damkar wkwk. Aturan emang harusnya manggil aja Damkar sedari awal.🤣🤌🏻
Awkward bat dah paling nakesnya aduuh aneh-aneh bet","2053492034993094845","","","in","","0","0","0","https://x.com/iendinink/status/2053492034993094845","1534046346281644033","iendinink"
"2052235936126390451","2026-05-07T03:55:50.000Z","56","Bule meksiko ini terkagum ma bentukan markas damkar bukittinggi

Sc. SUDUT BUKITTINGGI https://t.co/O07I7xkJ7Q","2052235936126390451","https://pbs.twimg.com/ext_tw_video_thumb/2052235903599558656/pu/img/8IkxnUfOTJhwHK8h.jpg","","in","","0","4","9","https://x.com/JanissaryD_Last/status/2052235936126390451","1016416136152268800","JanissaryD_Last"
"2051694784184799713","2026-05-05T17:04:43.000Z","2","@Alfidini27 tak panggilin damkar mau?","2051709688362967048","","Alfidini27","in","","0","0","0","https://x.com/_awheels/status/2051709688362967048","1984180823806152704","_awheels"
"2053740930126299564","2026-05-11T07:36:09.000Z","0","Senin, 11 Mei 2026.

Kepala Kejaksaan Negeri Kampar, Bapak Dwianto Prihartono, S.H., M.H., mengikuti Upacara HUT ke-107 Damkar, HUT ke-76 Sat Pol PP, HUT ke-64 Satlinmas, Kabupaten Kampar Tahun 2026 di Lapangan Pelajar Bangkinang.

#kejaksaanri #kejaksaan #kejatiriau https://t.co/2hd8OwPLmH","2053740930126299564","https://pbs.twimg.com/media/HIBaeshaEAAypSA.jpg","","in","","0","0","0","https://x.com/KamparKejari/status/2053740930126299564","1359690234091376641","KamparKejari"
"2053551706760487416","2026-05-10T19:04:14.000Z","0","Setelah KUA &amp; imigrasi akhirnya damkar yg paling masuk sama alur ceritanya ikutannnn 😭😭😭😭😭","2053551706760487416","","","in","","0","0","0","https://x.com/deargalaxyskies/status/2053551706760487416","1197087342009257984","deargalaxyskies"
"2053037506606891200","2026-05-09T12:23:11.000Z","8","@ketrupuk KAK PLIS LANJUT YANG DAMKAR KECIL KECILAN ITU, GEMES BANGET GA KUAATTTT","2053088392121069646","","ketrupuk","in","","0","0","0","https://x.com/asy4_khsh/status/2053088392121069646","2045170493091700736","asy4_khsh"
"2053739490347462848","2026-05-11T07:30:25.000Z","0","nitrogen UHP semikonduktor, oksigen medis rumah sakit, green hydrogen Indonesia, gas industri manufaktur, gas food grade Indonesia, supplier gas terpercaya

https://t.co/Cynmiplgc1","2053739490347462848","","","in","","0","0","0","https://x.com/MediaCorpora/status/2053739490347462848","231741047","MediaCorpora"
"2053306402056376624","2026-05-10T02:49:29.000Z","0","Lg nongkrong di jendela tbtb ada king kobra remaja mendekat, kayaknya dia gak sadar ada aku. Aku bilang ""hayo mau kemana, sana puter balik kalo enggak aku panggilin damkar lho..""
Dia kek melotot 😳, terus muter balik wkwkwk. Gatau dia takut ada aku apa takut ditelponin damkar. 😂","2053306402056376624","","","in","","0","0","0","https://x.com/moonstellar__/status/2053306402056376624","1109996304514449408","moonstellar__"
"2046152883822010807","2026-04-20T09:03:57.000Z","0","Tim RESCUE Pemadam Kebakaran Bengkulu Selatan menindak lanjuti laporan Bapak Lekani untuk mengevakuasi sapi yang masuk ke sumur pada hari Senin, 20 April 2026 pukul 14.00 WIB. 

Lokasi sapi tersebut berada di Tebat Kubu, Kota Manna

https://t.co/wBDVKnfHNU","2046152883822010807","","","in","","0","0","0","https://x.com/damkarbs/status/2046152883822010807","1390080853569458177","damkarbs"
"2053276270293856529","2026-05-10T00:49:45.000Z","0","SETUJU 100%  ...kalo perlu POLISI dibubarkan saja, ganti ama Damkar+Satpam BCA","2053276270293856529","","","in","","0","0","0","https://x.com/kebolehjadian/status/2053276270293856529","2034385744844988416","kebolehjadian"
"2053429711456686194","2026-05-10T10:59:28.000Z","1","harusnya damkar aja ya, atau sar","2053429711456686194","","","in","","0","0","0","https://x.com/platinumddisco/status/2053429711456686194","1201849648043839488","platinumddisco"
"2053436525157728747","2026-05-10T11:26:33.000Z","19","Mengharukan, kisah petugas damkar Iran yg mengevakuasi jenazah Syahid Ali Khamenei dan keluarganya. https://t.co/B0LMEliaQr","2053436525157728747","https://pbs.twimg.com/ext_tw_video_thumb/2053436321503281155/pu/img/XmOIuGwH_iNGiDC6.jpg","","in","","0","1","8","https://x.com/NurazizaShima/status/2053436525157728747","1172059682568990720","NurazizaShima"
"2053444478879600908","2026-05-10T11:58:09.000Z","0","CEKIKIKAN, emg sebelah istana harusnya dibangun damkar aja njir antisipasi kebakaran mulu","2053444478879600908","","","in","","0","0","0","https://x.com/luchypelaa/status/2053444478879600908","1524562513295151104","luchypelaa"
"2053588806801281314","2026-05-10T21:31:40.000Z","0","Dramanya sih kerajaan jaman modern. Tp mirip2 joseon time kayanya, madamin air pake ember. Plislah. Damkar mane damkar istana mledug ga kliatan2.
Dan berkali2 kebakaran. 🙃","2053588806801281314","","","in","","0","1","0","https://x.com/chya26/status/2053588806801281314","1086547639754051584","chya26"
"2051378199532114044","2026-05-04T19:07:30.000Z","0","👏👏👏👏👏👏👏👏👏👏👏👏👏👏👏👏👏👏👏👏👏👏👏👏👏👏👏👏👏👏👏👏👏👏👏👏👏👏👏👏👏👏👏👏👏👏👏👏👏👏👏👏👏👏👏
👏
👏
👏
👏
♾️","2051378199532114044","","","art","","0","0","0","https://x.com/dilekemek1/status/2051378199532114044","518940906","dilekemek1"
"2053109835584114754","2026-05-09T13:48:31.000Z","29","Gsnr : WOI ISAGI!! KAISER LO APAIN?!
🪄  : ANJIR ANJIR ANJIR TELPON 911!
Gsnr : Halo polisii, iniii temen saayaa *jelasin hal yg terjadi ke polisi*
🪄 : HALOO?!! TOLONGG INI TEMEN SAYA TIBA2 GADA REAKSI APA2! HAH?! MASA DAMKAR GABISA BANTU?! BANTU TELPON AMBULANS KEK ATAU APA GT!","2053109867096019242","","queenfreyaz","in","","0","1","0","https://x.com/queenfreyaz/status/2053109867096019242","811249722765676545","queenfreyaz"
"2050860227285917919","2026-05-03T08:49:15.000Z","929","Park Jihoon disuruh milih profesi berseragam yang paling pengen dia coba, mulai dokter, polisi, sampai pendeta. Terus dia heran, kenapa ga ada pilihan pemadam kebakaran di situ?

Ternyata dari kecil sampai sekarang, Jihoon kagum banget sama pemadam kebakaran. Dia punya memori","2050860227285917919","","","in","","15","1","165","https://x.com/ch_sj2013/status/2050860227285917919","3107072970","ch_sj2013"
"2053122513455153404","2026-05-10T05:18:16.000Z","0","@kenggmylove mau ke lapas sendiri atau aku seret bareng damkar by","2053343846441042249","","kenggmylove","in","","0","0","0","https://x.com/missyudai/status/2053343846441042249","1052054898970320897","missyudai"
"2053358889899565322","2026-05-10T06:18:03.000Z","0","jujus damkar sibuk🙏🏼","2053358889899565322","","","in","","0","0","0","https://x.com/morephinee/status/2053358889899565322","1143331786048409600","morephinee"
"2053448687464878136","2026-05-10T12:14:52.000Z","0","King Kobra 3 Meter Masuk Rumah Warga di Garut, Penghuni Panik Minta Bantuan Damkar https://t.co/pmz27k6PUe","2053448687464878136","","","in","","0","0","0","https://x.com/harapanrakyat_/status/2053448687464878136","239873274","harapanrakyat_"
"2052981002101010793","2026-05-09T11:55:58.000Z","9","@ojkindonesia Sangsi? Enak aja. Batal lah kontrak. Kita telat aja kena denda sekian persen per hari. Kalo udah sebar data, ancaman, bahkan sampai kirim ambulance/pemadam kebakaran buat hiburan itu pidana blok. Pake otak lah OJK. Yang rugi ga custnya doang, orang lain kena grgr lu gabecus","2053081542562595017","","ojkindonesia","in","","0","0","0","https://x.com/mudaa_13/status/2053081542562595017","1380592243","mudaa_13"
"2053736683896795205","2026-05-11T07:19:16.000Z","0","IKLAN JAWATAN KOSONG (TARIKH TUTUP : 25 MEI 2026)
https://t.co/MlD8E3qasJ https://t.co/nSwUG2fL6r","2053736683896795205","https://pbs.twimg.com/media/HIBWlh2aMAAvYmB.jpg","","in","","0","0","0","https://x.com/MDJerantut/status/2053736683896795205","273170114","MDJerantut"
"2053458822283595810","2026-05-10T12:55:09.000Z","0","minimal mah neh bisa kali pasang smoke detector, fire water sprinkler, klo perlu petugas damkar juga ngantor di istana aja lahh sekalian

masa istana segede gt?? kebakaran 3x?? apa gak belajar dr yg udah²?? omaigaddd....

ini siapa yg nyawit seh??

damkar be lyke: istana itu lg??","2053458822283595810","","","in","","0","0","0","https://x.com/ling_2490/status/2053458822283595810","595163548","ling_2490"
"2053141910076928376","2026-05-09T15:55:51.000Z","0","kami☝🏼dari🚷 27🌜bulan🙈 mei😅 bulan🌝mei😁ayo👊🏻donk🤨bantai⁉️kami🤣ayo🤳🏻donk🤙banh🕺🏻kalo🥴elo👿punya🤑nyali💢 ga❌punya🤽‍♂️nyali💢ye🤣tongkrongan😘kami💪bukan❌tongkrongan👹pecundankk 🙏🏻pecundank🤘pecundanKK👀👎","2053141910076928376","","","in","","0","0","1","https://x.com/JamaIikdarwan/status/2053141910076928376","792983347530240000","JamaIikdarwan"
"2053741368296796575","2026-05-11T07:37:53.000Z","0","BMKG: Sejumlah Wilayah Jawa Barat Berpotensi Diguyur Hujan Lebat pada 11–17 Mei 2026

https://t.co/EvDfMvYKxp","2053741368296796575","","","in","","0","0","0","https://x.com/KompasTV/status/2053741368296796575","71436318","KompasTV"
"2053742053637693464","2026-05-11T07:40:36.000Z","1","Kejarlah ilmu sampai ke negeri semarang 😭😭😭😭😭😭😭😭😭😭😭😭😭😭😭😭😭😭😭😭😭😭😭😭😭😭😭😭😭😭😭😭😭😭😭😭😭😭😭😭😭😭😭😭😭😭😭😭😭😭😭😭😭😭😭😭😭😭😭😭😭😭😭😭😭😭😭😭😭😭😭😭😭😭😭😭😭😭😭😭😭😭😭😭😭😭😭😭😭😭😭😭😭😭😭😭😭😭😭😭😭😭😭😭😭😭😭😭😭😭😭😭😭😭😭😭😭😭😭😭","2053742053637693464","","","in","","0","0","0","https://x.com/lomangjaya/status/2053742053637693464","1985700358870757376","lomangjaya"
"2053742385587503327","2026-05-11T07:41:56.000Z","0","Update Peringatan Dini Cuaca Wilayah - Papua Tgl. 11 Mei 2026 pkl. 17:10 WIT
Prakirawan - BMKG - Papua
https://t.co/BT858NkVe2 https://t.co/7aVdR8Y1XH","2053742385587503327","https://pbs.twimg.com/media/HIBb0EjbkAAmJUm.jpg","","in","","0","0","0","https://x.com/infoBMKG/status/2053742385587503327","108543358","infoBMKG"
"2053737293283012618","2026-05-11T07:41:14.000Z","0","@jjkkth131 Selamat melangitkan doa kakak, sehat dan bahagia selalu 💋🎀💗💃🏻🤏🏻🎂🧚🏻‍♂️✨🙌🏻💥👶🏻🎉🎊🥳🎈🥂🌷🍭🧁🍰💌💅🏻🎁💐🙆🏻‍♀️","2053742209854562382","","jjkkth131","in","","0","0","0","https://x.com/junkyukieliya/status/2053742209854562382","1519694677469196288","junkyukieliya"
"2053741515395256638","2026-05-11T07:38:28.000Z","1","Update Peringatan Dini Cuaca Wilayah - Jawa Barat Tgl. 11 Mei 2026 pkl. 14:45 WIB
Prakirawan - BMKG - Jawa Barat
https://t.co/wg0xYyoZf2 https://t.co/odkisD8wgL","2053741515395256638","https://pbs.twimg.com/media/HIBbBZzbAAAIpa3.jpg","","in","","0","0","0","https://x.com/infoBMKG/status/2053741515395256638","108543358","infoBMKG"
"2053742220952719646","2026-05-11T07:41:16.000Z","0","🌊🚢 Beraktivitas di pelabuhan dalam waktu dekat?
Prakiraan Cuaca Pelabuhan 12 - 14 Mei 2026 untuk Tanjung Wangi, Ketapang, Boom, Muncar, Grajagan, dan Gilimanuk telah dirilis.
Cek info sebelum beraktivitas.
#Banyuwangi #SelatBali #Prakiraan #Cuaca #Maritim #BMKG https://t.co/uE9hceYmfD","2053742220952719646","https://pbs.twimg.com/media/HIBbaMLbgAEtWAO.jpg","","in","","0","1","0","https://x.com/BMKG_bwi/status/2053742220952719646","767551014916325377","BMKG_bwi"
"2053741475746439527","2026-05-11T07:38:19.000Z","1","Update Peringatan Dini Cuaca Wilayah - Jabodetabek Tgl. 11 Mei 2026 pkl. 14:40 WIB
Prakirawan - BMKG - Pusat
https://t.co/Tqqc02KowW https://t.co/mKMxKUhUQR","2053741475746439527","https://pbs.twimg.com/media/HIBa_GfbUAAH1Lf.jpg","","in","","0","0","0","https://x.com/infoBMKG/status/2053741475746439527","108543358","infoBMKG"
"2053110682082766915","2026-05-09T14:21:35.000Z","7","@AyundaSalm78222 damkar di sg nya, ehh 1000% malah dan disuruh skip malming buat nonton sinet 🥱","2053118187617841537","","AyundaSalm78222","in","","0","3","0","https://x.com/SecretU38356/status/2053118187617841537","2034899419381080065","SecretU38356"
"2053090990186205261","2026-05-09T12:33:31.000Z","3","guys, Tumbler Frieren Tomoro merk coating yang bagus apa ya? Sama aku tuh bingung base coating, after coating, dan resin uv sepenting itu kah.... https://t.co/yjV6JCaNWp","2053090990186205261","https://pbs.twimg.com/media/HH4LX__bgAAO_8P.jpg","","in","","0","2","0","https://x.com/dhamn_/status/2053090990186205261","1291397082675208192","dhamn_"
"2053137141786665072","2026-05-09T15:36:54.000Z","6","Respons darurat  terhadap kebakaran yang terjadi di Gereja Katolik St. Dominic, salah satu gereja tertua di Washington, DC.

Stasiun pemadam terdekat hanya berjarak satu blok, mencegah kobaran api yang lebih buruk.

Penyebab kebakaran belum diketahui. https://t.co/9TZeo503VE","2053137141786665072","https://pbs.twimg.com/amplify_video_thumb/2053094791089434626/img/bciBYhsMvwBBUNTn.jpg","","in","","0","0","1","https://x.com/vianratulangi/status/2053137141786665072","2547126362","vianratulangi"
"2051562390987374672","2026-05-05T13:11:44.000Z","19","@Xbacottetangga Ya Allah Terharu lihat video ini, semoga bapak damkar lekas pulih dan buat orang² baik semoga panjang umur sehat selalu banyak rezeki amiiinnn","2051651058531975198","","Xbacottetangga","in","","0","0","0","https://x.com/LosariSokin/status/2051651058531975198","1737184804054142976","LosariSokin"
"2053312304490729857","2026-05-10T03:12:56.000Z","0","saatnya bangun pos damkar tiap jarak 5 meter","2053312304490729857","","","in","","0","0","0","https://x.com/chickflicksoul/status/2053312304490729857","871583650625708032","chickflicksoul"
"2053735149893026295","2026-05-11T07:13:10.000Z","0","ㅤㅤㅤㅤ
ㅤㅤㅤㅤ
𝐊𝐎𝐋𝐎𝐌 𝐊𝐎𝐍𝐅𝐈𝐑𝐌𝐀𝐒𝐈 𝐊𝐄𝐇𝐀𝐃𝐈𝐑𝐀𝐍
ㅤㅤ
🖇️Sejarah Sihir Jepang (5年生)
ㅤㅤ(https://t.co/Lc2yFgf8oN)

𝐁𝐚𝐭𝐚𝐬 𝐏𝐞𝐧𝐠𝐮𝐦𝐩𝐮𝐥𝐚𝐧:
✎  2026年05月12日
✎ 07.00 WIB (GMT+7)
ㅤㅤㅤㅤ
ㅤㅤㅤ https://t.co/DwqTssbsfe","2053735149893026295","https://pbs.twimg.com/media/HIBVOxPbgAAsbUB.jpg","","ko","","0","0","0","https://x.com/tsuitcru/status/2053735149893026295","1949526747051081728","tsuitcru"
"2053699460442792023","2026-05-11T04:51:21.000Z","7","Kalau dari bentuk gedungnya, aku lagi di mana coba? 😄

A. Kantor Polisi
B. Rumah Sakit
C. Penjara
D. Damkar
E. Badan Karantina (Barantin) https://t.co/7PS4Sh4bDP","2053699460442792023","https://pbs.twimg.com/media/HIA0v9XawAA9Ssx.jpg","","in","","0","17","0","https://x.com/SaulRaja/status/2053699460442792023","20766580","SaulRaja"
"2053739875430760473","2026-05-11T07:31:57.000Z","0","😔😔😔😔semua orang sayang kalian loh☹️😔😔😔😔☹️☹️☹️","2053739875430760473","","","in","","0","0","0","https://x.com/lukasjakal/status/2053739875430760473","1909939486412427264","lukasjakal"
"2052708019365167199","2026-05-08T11:11:43.000Z","1","kok 😭😭😭😭 gk 😭😭😭😭😭 ada😭😭😭 yg 😭😭😭bilang 😭😭😭😭klu 😭😭😭😭jatuh 😭😭😭cinta 😭😭😭😭semantep 😭😭😭😭 ini😭😭😭😭😭","2052708019365167199","","","in","","0","0","0","https://x.com/asckurajo/status/2052708019365167199","1810730525784690689","asckurajo"
"2053101627809366415","2026-05-10T02:33:00.000Z","943","@KapudS640 Hal yang seharusnya tidak mahal: 
1. Pendidikan 
2. Daging, susu, buah 
3. Penerbangan domestik
4. bbm
5. minyak goreng
6. buku

Yang harusnya mahal: 
1. Gaji guru 
2. Gaji nakes
3. gaji damkar
4. saptam BCA
5. Anggota Tim Sar","2053302255177363755","","KapudS640","in","","1","1","78","https://x.com/Yoerikoe/status/2053302255177363755","927370944800100353","Yoerikoe"
"2053406978932916297","2026-05-10T09:29:08.000Z","0","taro deh damkar di masing masing gedung","2053406978932916297","","","in","","0","0","0","https://x.com/dunkindunky/status/2053406978932916297","2019700743473864704","dunkindunky"
"2053356896766333150","2026-05-10T06:10:08.000Z","2","Di kira cari kucing ilang kah manggil damkar??, pda ilang berdua kmna ni? Jngn aneh"" pliess gue jga pnya trauma yg sama kek anak kosan duran setiap baca cerita kosan duren ka miaa 😭 dah ya kaa paew dn koko jngn di bikin rollercoaster lagi. Pngn liat mrka happy dn nikah akutu 😭","2053356896766333150","","","in","","0","0","1","https://x.com/No_m_be_r/status/2053356896766333150","1797734778386751489","No_m_be_r"
"2053377179468345519","2026-05-10T07:30:44.000Z","0","Daebi Mama (pemadam kebakaran)      also Daebi Mama (pembuat kebakaran) 

🥺🥺🥺🥺

#perfectcrown https://t.co/JhtyHMYZJ3","2053377179468345519","https://pbs.twimg.com/media/HH8Pm3SakAAbCK_.jpg","","in","","0","0","0","https://x.com/mynameprada/status/2053377179468345519","1152110797293670401","mynameprada"
"2053693837793697853","2026-05-11T04:29:01.000Z","21","Tgl 13 mei bang arief rianto
Tgl 15 mei bang firmansyah
Tgl 17 mei korwil pondok gede
Tgl 18 mei korwil jatinegara kaum
Tgl 24 mei korwil kebagusan
Tgl 25 mei korwil tomang
Tgl 29 mei bang dede
Tgl 30 mei korwil pondok ungu
Tgl 31 mei bang santo","2053693837793697853","","","in","","0","4","21","https://x.com/hikmatkali_/status/2053693837793697853","1448667335540150274","hikmatkali_"
"2053289919079125280","2026-05-10T01:43:59.000Z","0","Damkar telat dateng auto jadi ubi ini Ian daegun😌","2053289919079125280","","","in","","0","0","0","https://x.com/_anakorg/status/2053289919079125280","1159851372457553925","_anakorg"
"2053459986181996553","2026-05-10T12:59:46.000Z","0","Padahal daebi mama di kehidupan sebelumnya jadi paramedis pemadam kebakaran https://t.co/JBnZ7udtQk","2053459986181996553","https://pbs.twimg.com/media/HH9a-IwbgAEpiN2.jpg","","in","","0","0","0","https://x.com/icydaleia/status/2053459986181996553","1327323548503851013","icydaleia"
"2051248097523847294","2026-05-04T10:30:31.000Z","2","mungkin petugas damkar dia mawny","2051248097523847294","","","in","","0","0","0","https://x.com/incandecsent/status/2051248097523847294","1232851805345734656","incandecsent"
"2053153096075735179","2026-05-09T16:40:18.000Z","1","Beginilah Kami di Belanda Memberikan Jalan kepada AMBULANCE &amp; PEMADAM KEBAKARAN serta POLISI kalau sdg Darurat sesuatu.

Kalo PEJABAT, TIDAK ada yg PAKE GINIAN, kecuali TAMU NEGARA SELEVEL PRESIDEN.","2053153096075735179","","","in","","0","0","0","https://x.com/BattoAjax/status/2053153096075735179","394675941","BattoAjax"
"2053303586478842092","2026-05-10T02:38:18.000Z","0","kenapa pas istana kebakaran daebi mama ga berubah jadi songseol, kan beliau nih pemadam kebakaran https://t.co/UmXvJGRMNR","2053303586478842092","https://pbs.twimg.com/media/HH7MuvRa4AAXCW3.jpg","","in","","0","0","0","https://x.com/lovelyhachu/status/2053303586478842092","1874221260705849344","lovelyhachu"
"2053742208092913740","2026-05-11T07:41:13.000Z","0","ANAK KESAYANGANKU YUMENGGGKUUUUUU 🥹🥹🫶🏻🫶🏻 AAA YUMEENGGG😩😩😩🤩🤩🥰🥰🥰🥰","2053742208092913740","","","in","","0","0","0","https://x.com/Bellanuraa/status/2053742208092913740","901941271","Bellanuraa"
"2053742470866071638","2026-05-11T07:42:16.000Z","0","💸  [HIMAKI SHOP - DINAS EKONOMI KREATIF HIMAKI FMIPA UNRI TAHUN 2026]💸
Senin, 11 Mei 2026 https://t.co/RqRxu0uJME","2053742470866071638","https://pbs.twimg.com/media/HIBb5L1bEAAbUMf.jpg","","in","","0","1","0","https://x.com/himakifmipaunri/status/2053742470866071638","785421258980601856","himakifmipaunri"
"2052981002101010793","2026-05-09T10:23:56.000Z","3","@ojkindonesia Jangan lupa, di kasus Indosaku ini salah satu Pejabat @ojkindonesia biadab yg bilang kasus damkar kmrn dri pinjol ilegal bhkan sblm ada pengusutan, harus di penjara karena telah membuat kebohongan publik, apa perlu massa gerudug rumahnya? 😆","2053058382190555185","","ojkindonesia","in","","0","1","0","https://x.com/seekracle/status/2053058382190555185","1798649788868833280","seekracle"
"2053399030730993973","2026-05-10T08:57:33.000Z","0","Damkar kerajaan udh muak banget adegan bakar bakar ini gk selesai selesai","2053399030730993973","","","in","","0","0","0","https://x.com/zeushenderine/status/2053399030730993973","1337953440064946178","zeushenderine"
"2053362873850892308","2026-05-10T06:33:53.000Z","0","sebrang istana harusnya damkar","2053362873850892308","","","in","","0","0","0","https://x.com/yayangke/status/2053362873850892308","1199857044","yayangke"
"2053316346772140535","2026-05-10T03:29:00.000Z","0","Kata gue kudunya damkar ditaruh sebelah istana sih, biar gercep gaada yang metong kebakar mulu","2053316346772140535","","","in","","0","0","0","https://x.com/caraperneIia/status/2053316346772140535","1340225894632198144","caraperneIia"
"2051327767472705636","2026-05-04T15:47:06.000Z","3","Aku habis bacain dongeng buat ponakan aku kn ceritanya ttg rusa dan babi hutan yg mencari sumber mata air.
Terus ponakan aku masa blg ""kenapa dia gak panggil damkar aja minta air""

Ya Allahhhhhhhhhhhh 😭😭😭😭😭","2051327767472705636","","","in","","0","0","0","https://x.com/____jennnn/status/2051327767472705636","1206121009448751104","____jennnn"
"2053145756094398611","2026-05-09T17:08:49.000Z","3","@ketrupuk @edjjuist BRENGSGSHAHA INI ADALAH VIBE DHIKA DAMKAR BANGET GILAK","2053160272408564003","","ketrupuk","in","","0","0","0","https://x.com/taegguqiesz/status/2053160272408564003","1435642282204536833","taegguqiesz"
"2053740327823925418","2026-05-11T07:33:45.000Z","0","sayang! aloo aku izin naikin ini yaaaaa🙇🏻‍♀️🙇🏻‍♀️
https://t.co/gLNUN6L014","2053740327823925418","","","in","","0","0","0","https://x.com/bermuara_sayang/status/2053740327823925418","4906262121","bermuara_sayang"
"2052178430524068332","2026-05-07T00:07:20.000Z","13","Baru tau klo skrg Bea Cukai kerja 24 jam
Kirain hanya Damkar Polisi Dokter

Petugas Bea Cukai (ngakunya) tengah sidak di warung Madura,nth utk apa
Krn sepengetahuan gw toko kelontong kecil jual barang yg sdh ada pajaknya dari  distributor yg nitip barang ato dia jual putus
Pagiii https://t.co/4ox431581B","2052178430524068332","https://pbs.twimg.com/ext_tw_video_thumb/2052178367982845952/pu/img/_ES2VqrmLWd21kSJ.jpg","","in","","1","8","8","https://x.com/AiraNtiePuspa/status/2052178430524068332","1428002673815482369","AiraNtiePuspa"
"2050844354043125877","2026-05-03T07:46:11.000Z","0","Tim RESCUE Pemadam Kebakaran Bengkulu Selatan menindak lanjuti laporan Bapak Hengki Nopian untuk mengevakuasi sarang tawon Vespa Affinis pada hari Minggu, 3 Mei 2026 pukul 14.00 WIB. 

Lokasi sarang tawon tersebut berada di Jl. Raya Padang Panjang

https://t.co/HYxHvcvGq4","2050844354043125877","","","in","","0","0","0","https://x.com/damkarbs/status/2050844354043125877","1390080853569458177","damkarbs"
"2051575124810486110","2026-05-05T08:10:00.000Z","0","Satgas Pemadam Kebakaran menerima laporan terjadinya kebakaran sekam di Desa Sukaraja, Seginim dari Bapak Wahyudi pada hari Selasa, 5 Mei 2026 pukul 13.19 WIB dan langsung menuju lokasi untuk memadamkan kebakaran tersebut. 

https://t.co/Dd1KvGnWBW","2051575124810486110","","","in","","0","0","0","https://x.com/damkarbs/status/2051575124810486110","1390080853569458177","damkarbs"
"2052043982637867240","2026-05-06T15:13:05.000Z","40","harry yang KATANYA cuman ngukutin script tanpa improve aja sampe di PUJI orang luar, apalagi kalau IMPROVE. kayanya langsung pada manggil damkar https://t.co/8dLs7wRHmL","2052043982637867240","https://pbs.twimg.com/tweet_video_thumb/HHpTHolacAACNWv.jpg","","in","","1","0","6","https://x.com/moolyce_/status/2052043982637867240","1928015993382785028","moolyce_"
"2051231386296824139","2026-05-04T09:24:07.000Z","0","ᅠ

ᅠ

ᅠ

ᅠ

ᅠ

ᅠ

ᅠ

ᅠ

ᅠ

ᅠ

ᅠ
ᅠ
ᅠ

ᅠ

ᅠ

ᅠ
ᅠ

ᅠ

ᅠ

ᅠ

ᅠ

ᅠ

ᅠ

ᅠ

ᅠ

ᅠ

ᅠ
ᅠ
ᅠ

ᅠ

ᅠ

ᅠ
ᅠ

ᅠ

ᅠ

ᅠ

ᅠ

ᅠ

ᅠ

ᅠ

ᅠ

ᅠ

ᅠ
ᅠ
ᅠ

ᅠ

ᅠ

ᅠ
ᅠ

ᅠ

ᅠ

ᅠ

ᅠ

ᅠ

ᅠ

ᅠ

ᅠ

pembersihan tl 🐈‍⬛️ 2 https://t.co/zFkLD7BQjX","2051231386296824139","https://pbs.twimg.com/media/HHdwE1LaIAI73MJ.jpg","","in","","0","0","0","https://x.com/RAMUDAsuka/status/2051231386296824139","1256443559210708992","RAMUDAsuka"
"2048087302489116980","2026-04-25T17:10:39.000Z","468","Tentara punya unit pemadam kebakaran ya normal, di US juga ada, coba cari aja MOS 12-MIKE (12M) https://t.co/pUDoW57exy","2048087302489116980","https://pbs.twimg.com/media/HGxEi-6bYAE7qYD.jpg","","in","","2","11","49","https://x.com/frontyardmt/status/2048087302489116980","1790231178303479808","frontyardmt"
"2051286646692389179","2026-05-04T13:25:19.000Z","2","pov jadi voice over suara hati yumi alias GAK KUATTTTT PANGHIL AMBULANS SEKAMRANG JUGA DAMKAR SAR BMKG ANY FIRST RESPONDERS PLIS TOLONGIN 😭😭😭😭😭😭😭🏳🏳🏳🏳🏳🆘️🆘️🆘️🆘️

(feat kucingku ebun yg syok mendengar reaksiku 😭🙏)
#YumisCells3Ep7
#YumisCells3 https://t.co/Ge5mjXo3EQ","2051292085874266610","https://pbs.twimg.com/ext_tw_video_thumb/2051292068849594370/pu/img/Wzel5zy3lHZpIEG6.jpg","therapyphany","in","","0","2","0","https://x.com/therapyphany/status/2051292085874266610","1103543636866691072","therapyphany"
"2051514035531845942","2026-05-05T04:07:16.000Z","1","PACARAN ANJIR AH, TOLONG GENGGAM TANGAN GW. TLONG TOLONG DAMKAR https://t.co/uH3uIQoUYQ","2051514035531845942","https://pbs.twimg.com/media/HHhxDSTaUAEANCq.jpg","","in","","1","0","0","https://x.com/cat5utp/status/2051514035531845942","2007450628134785024","cat5utp"
"2044079481787428905","2026-04-14T15:45:00.000Z","0","Tim gabungan Satreskrim Polres Metro Jakarta Pusat berhasil mengamankan sejumlah pelaku pencurian dengan kekerasan (curas) yang sempat viral karena menimpa seorang anggota pemadam kebakaran di kawasan Gambir, Jakarta Pusat, pada 2 April lalu.

Setelah melalui penyelidikan https://t.co/uTrghENutP","2044079481787428905","https://pbs.twimg.com/amplify_video_thumb/2044039906209738752/img/s4eJP27T1JTPr9u5.jpg","","in","","0","0","0","https://x.com/SINDOnews/status/2044079481787428905","231355136","SINDOnews"
"2051868111394185228","2026-05-06T03:34:14.000Z","0","Kafe di Jalan Kuini Pekanbaru Terbakar, Damkar Kerahkan Lima Mobil Pemadam https://t.co/21gnAvKVH2","2051868111394185228","","","in","","0","0","0","https://x.com/GoRiauCom/status/2051868111394185228","1632918924","GoRiauCom"
"2050231078468849973","2026-05-01T15:09:15.000Z","0","Petugas pemadam kebakaran memadamkan pos polisi yang dibakar oleh kelompok perusuh di persimpangan Jalan Tamansari - Cikapayang, Kota Bandung, Jumat (1/5/2026) malam.

https://t.co/RDPm10xgKl","2050231078468849973","","","in","","0","0","0","https://x.com/jpnncom/status/2050231078468849973","79130206","jpnncom"
"2047625136556421542","2026-04-24T10:34:10.000Z","0","Kepala Bidang Penanggulangan Bencana Dinas Pemadam Kebakaran dan Penyelamatan (DPKP) Kota Depok, Deni Romulo Hutauruk, mengungkapkan bahwa insiden tersebut dipicu oleh kondisi struktur bangunan yang tidak memadai. Lapisan tanah dan rangka penutup septic tank yang berada tepat di","2047625136556421542","","","in","","0","0","0","https://x.com/mediaindonesia/status/2047625136556421542","68930552","mediaindonesia"
"2049995136436933069","2026-04-30T23:31:42.000Z","14","Siapa yang nyangka dengan gerak gerik dan muka selembut ini ternyata pemadam kebakaran (masih aktif) sambil jd idol😭","2049995136436933069","","","in","","1","3","0","https://x.com/KieruKiel/status/2049995136436933069","1229341086063087616","KieruKiel"
"2047486608161821003","2026-04-24T01:23:42.000Z","1","Kebakaran melanda rumah tinggal yang berlokasi di Jalan Jembatan Besi 2, Jembatan Besi, Tambora, Jakarta Barat. 

#KebakaranJembatanBesi #PemadamJakarta #JagaJakarta #JAKI #JS112 - @dkijakarta https://t.co/VtIcMDBQjL","2047486608161821003","https://pbs.twimg.com/amplify_video_thumb/2047486529988362240/img/15jh0MeKMw81lAqP.jpg","","in","","0","1","1","https://x.com/humasjakfire/status/2047486608161821003","555862521","humasjakfire"
"2049824839980957762","2026-04-30T12:15:00.000Z","0","Sebuah apartemen di kawasan Tanjung Duren, Jakarta Barat, mengalami kebakaran pada Kamis (30/4/2026) pagi.

Tim Pemadam Kebakaran DKI Jakarta langsung diterjunkan untuk memadamkan api.

Puluhan penghuni apartemen pun dievakuasi melalui tangga darurat di jendela.

Sebanyak 13 unit https://t.co/Ws8zndhfJc","2049824839980957762","https://pbs.twimg.com/amplify_video_thumb/2049817022511697920/img/UGs9ZS-peCgZ6jTf.jpg","","in","","0","0","0","https://x.com/akuratco/status/2049824839980957762","786549338818224128","akuratco"
"2047174878097539353","2026-04-23T04:45:00.000Z","0","Sebanyak 65 personel Suku Dinas Penanggulangan Kebakaran dan  Penyelamatan (Sudin Gulkarmat) Jakarta Timur memadamkan kebakaran yang  melanda empat bangunan kios di Jalan Raya Pulogebang, Cakung, Jakarta  Timur (Jaktim), Kamis dini hari.

""Total sebanyak 13 unit mobil  pemadam https://t.co/tUpLUrYEAL","2047174878097539353","https://pbs.twimg.com/media/HGjSOLeacAAFkHS.jpg","","in","","0","0","0","https://x.com/akuratco/status/2047174878097539353","786549338818224128","akuratco"
"2042817266006573180","2026-04-11T04:09:24.000Z","0","Kebakaran hebat terjadi di sebuah gudang pabrik plastik di Margaasih pada Sabtu (11/4) sekitar pukul 04.30 WIB. 
 Api dengan cepat membesar hingga melalap bangunan, sementara petugas pemadam kebakaran langsung melakukan penanganan di lokasi.  #kebakaran https://t.co/fY3LG6bWxZ","2042817266006573180","https://pbs.twimg.com/amplify_video_thumb/2042816979539779584/img/aAHQx0XXd2ScCiVL.jpg","","in","","0","0","0","https://x.com/inilahkoran_id/status/2042817266006573180","243040577","inilahkoran_id"
"2044671323235086716","2026-04-16T06:56:46.000Z","0","Kapolres Paser Hadiri Upacara Peringatan HUT Damkar, Satpol PP dan Satlinmas Tingkat Provinsi Kaltim 2026

Tanah Grogot – Kapolres Paser AKBP Novy Adi Wibowo, S.I.K., M.H menghadiri kegiatan Upacara Peringatan HUT ke-107 Pemadam Kebakaran dan Penyelamatan, HUT ke-76 Satuan Polisi https://t.co/PWoHOScA8B","2044671323235086716","https://pbs.twimg.com/media/HGAhueHbcAAjglc.jpg","","in","","0","0","0","https://x.com/PolsekBangau/status/2044671323235086716","1455023671123136515","PolsekBangau"
"2048754668101399024","2026-04-27T13:22:31.000Z","1","Dinas Pemadam Kebakaran dan Penyelamatan (Damkarmat) Kabupaten Banyuwangi dalam penanganan kejadian non kebakaran. Kali ini, Tim Regu Brama 2 melakukan penanganan terhadap kemunculan ular weling di area Sekolah Rakyat (SR) yang berada di Balai Diklat ASN, Kecamatan Licin https://t.co/mQ7XGMoEzs","2048754668101399024","https://pbs.twimg.com/ext_tw_video_thumb/2048754401045831680/pu/img/uhI5F82DpYl9KglX.jpg","","in","","0","0","0","https://x.com/BwiDamkar/status/2048754668101399024","1620611682069544970","BwiDamkar"
"2047192005793775618","2026-04-23T05:53:03.000Z","3","Lebih dari 600.000 orang dikirim untuk mengatasi dampak bencana Chornobyl. Rezim Soviet mengirimkan petugas pemadam kebakaran, insinyur, dan tentara pada tahap awal setelah bencana terjadi, namun mereka tidak menyadari skala bahaya yang sebenarnya. https://t.co/MrjUugoO2A","2047192005793775618","https://pbs.twimg.com/media/HGkWAWUbkAA5hF-.jpg","","in","","1","1","0","https://x.com/UKRinIDN/status/2047192005793775618","2396300118","UKRinIDN"
"2047962356731519129","2026-04-25T08:54:09.000Z","0","Kronologi Debt Collector Nekat Buat Panggilan Palsu Pemadam Kebakaran demi Tagih Utang Warga
 
https://t.co/kKX5R86o2h lewat @tribunnews","2047962356731519129","","","in","","0","0","0","https://x.com/tribunmedan/status/2047962356731519129","142305302","tribunmedan"
"2047725524211085483","2026-04-24T17:13:04.000Z","0","Bukan Damkar, justru Pemerintah berikan 100 unit mobil pemadam kebakaran ke TNI Kodam V Brawijaya. #Militer #TNI #Hukum #Damkar #TrukDamkar #Kodam #Kudeta #Oknum #Keparat #supremasisipil #tolakmiliterisasi #Fyp #Viral https://t.co/1e5Se218ae","2047725524211085483","https://pbs.twimg.com/amplify_video_thumb/2047724478185213952/img/UeIybuSJAp78qFOs.jpg","","in","","0","0","0","https://x.com/NakoHata22211/status/2047725524211085483","1930993422741143552","NakoHata22211"
"2046108736830517256","2026-04-20T06:08:32.000Z","0","Kemarau di depan mata, kesiapsiagaan harus kita perkuat.

Pemerintah Kota Makassar melalui Dinas Pemadam Kebakaran dan Penyelamatan menyiagakan 7 posko di berbagai titik strategis serta sekitar 60 armada untuk mengantisipasi risiko kebakaran &amp; kekeringan akibat fenomena El Nino. https://t.co/3c16t5uLvX","2046108736830517256","https://pbs.twimg.com/media/HGU9C_abcAA6-zk.jpg","","in","","0","1","0","https://x.com/munafri_arfdn/status/2046108736830517256","1416751270665232384","munafri_arfdn"
"2046562636511559918","2026-04-21T12:12:10.000Z","6","Kalau harus viral dulu baru ada keadilan, berarti negara lagi tidur, bukan bekerja. Jangan bangga klaim berpihak ke rakyat  kalau geraknya nunggu netizen ribut. DPR dan pemerintah itu digaji buat peka dari awal, bukan jadi pemadam kebakaran setelah api besar. Ini bukan prestasi https://t.co/3OKqU4WRk9","2046562636511559918","https://pbs.twimg.com/media/HGbZ31dbwAA2Eyx.jpg","","in","","0","1","2","https://x.com/Dara_Cega/status/2046562636511559918","1478245047841660930","Dara_Cega"
"2045091804715081983","2026-04-17T10:47:36.000Z","0","Pelaku Begal Petugas Damkar di Gambir Ditangkap Polisi
Pelarian pelaku begal yang menyasar petugas pemadam kebakaran di Gambir akhirnya berakhir di sebuah kamar hotel.
#sahabatpropam #kriminal #viral #fyp #polripresisi https://t.co/TKc6MG9a27","2045091804715081983","https://pbs.twimg.com/ext_tw_video_thumb/2045091643670609920/pu/img/LhQ8HU7ZqcKCb1a5.jpg","","in","","0","0","0","https://x.com/sahabatpropamid/status/2045091804715081983","1969314201480151042","sahabatpropamid"
"2042965924354129975","2026-04-11T14:00:07.000Z","1","POV jadi damkar , bisa naik truk damkar loh ya 😹 . merasakan sensasi dalam kabin truk pemadam kebakaran . 

Giicomvec 2026 Demo Unit 
Hino 300 163 HDX
Water Tender 3.000 Liter Fire truck buatan kajama . #hino #toyota #damkar #firefighter #morita #firetruck #automobiles https://t.co/cn9L8CHYkV","2042965924354129975","https://pbs.twimg.com/media/HFoSlSqasAAH-BD.jpg","","in","","0","0","1","https://x.com/archie62865/status/2042965924354129975","1896439064909520896","archie62865"
"2045033696366084606","2026-04-17T06:56:42.000Z","2","Kapolres Metro Tangerang Kota melakukan pengecekan langsung lokasi kebakaran di Asrama Polri Ciledug.

Dalam kejadian tersebut, personel gabungan bersama petugas pemadam kebakaran bergerak cepat melakukan penanganan hingga api berhasil dipadamkan. https://t.co/TwUtjjJMJ5","2045033696366084606","https://pbs.twimg.com/ext_tw_video_thumb/2045033621132840960/pu/img/1qX8QI_PzeUNw9Xa.jpg","","in","","0","0","0","https://x.com/restrotangkot/status/2045033696366084606","4722542119","restrotangkot"
"2049037757474021434","2026-04-28T08:07:25.000Z","0","Anggota satgas DAMKAR BS menerima laporan dari Ibu Oktavia yang datang langsung ke Kantor SATPOL PP &amp; DAMKAR BS untuk meminta bantuan evakuasi cincin pada hari Selasa, 28 April 2026 pukul 14.00 WIB. 
  
https://t.co/Z97b6qD7hw","2049037757474021434","","","in","","0","0","0","https://x.com/damkarbs/status/2049037757474021434","1390080853569458177","damkarbs"
"2044960928756908244","2026-04-17T02:07:33.000Z","0","Kebakaran hebat melanda pabrik isolasi di kawasan Margomulyo, Surabaya, Kamis petang (16/4/2026), mengerahkan puluhan armada hingga robot pemadam untuk menjangkau titik api. #surabaya #breakingnews #kebakaran #damkar #margomulyo https://t.co/BCRg8ZqCI1","2044960928756908244","https://pbs.twimg.com/amplify_video_thumb/2044960864802127872/img/7Q4urgfAyMZ_kZ1S.jpg","","in","","0","0","0","https://x.com/SentraPos/status/2044960928756908244","1973751307778600961","SentraPos"
"2043207420382707839","2026-04-12T05:59:44.000Z","0","Petugas Pemadam Kebakaran Jaksel Damkar Jaksel berhasil mengevakuasi 10 ... https://t.co/kHwleGW1Zy via @YouTube","2043207420382707839","","","in","","0","0","0","https://x.com/lokatvnews/status/2043207420382707839","1921502098061135872","lokatvnews"
"2048452670235816190","2026-04-26T17:22:29.000Z","4","Tiba2 mobil pemadam ngeraung2 dekat rumah. Ada kebakaran, dan ada ledakan petasan banyak bgt 🥲😱😱","2048452670235816190","","","in","","1","3","0","https://x.com/iamHadaJZ/status/2048452670235816190","90314368","iamHadaJZ"
"2048745459435594013","2026-04-27T12:45:56.000Z","1","Dalam rangka memperingati HUT Damkar ke-107, Dinas Gulkarmat Provinsi DKI Jakarta menyelenggarakan rangkaian perlombaan yang meliputi Pekan Olahraga Pegawai dan Dharma Wanita Persatuan, serta lomba kebersihan dan ketahanan pangan kantor.

#PemadamJakarta  - @dkijakarta https://t.co/ivJfXebUgQ","2048745459435594013","https://pbs.twimg.com/media/HG6bIcAaEAAWb1J.jpg","","in","","0","1","0","https://x.com/humasjakfire/status/2048745459435594013","555862521","humasjakfire"
"2045050034643931431","2026-04-17T08:01:38.000Z","1","Petugas pemadam kebakaran sempat terkendala saat berusaha memadamkan dan mengevakuasi korban kebakaran rumah di Jalan Rambutan Timur VI, Tanjung Duren, Grogol Petamburan, Jakarta Barat, Jumat (17/4/2026) dini hari.

Baca Selengkapnya di: https://t.co/SncO6yTCA5

~AC #Korban https://t.co/IXxzZLshrd","2045050034643931431","https://pbs.twimg.com/amplify_video_thumb/2045049717135175680/img/247af1HOwukVXTmj.jpg","","in","","0","0","0","https://x.com/kompascom/status/2045050034643931431","23343960","kompascom"
"2044962677118943612","2026-04-17T02:14:30.000Z","2","Wargi Bandung, simpan dan bagikan Nomor darurat Kota Bandung 🚨

Mulai layanan darurat terpadu, pemadam kebakaran, medis, hingga penanganan bencana dan gangguan listrik.

Langkah sederhana, bisa jadi penyelamat. Siaga hari ini, selamatkan esok hari! 🙏🏻🙌🏻

#BandungUTAMA https://t.co/lzBuqSVnCo","2044962677118943612","https://pbs.twimg.com/media/HGEqtp9bAAEf9kj.jpg","","in","","0","0","0","https://x.com/halo_bandung/status/2044962677118943612","1933882213","halo_bandung"
"2041538882974658691","2026-04-07T15:29:34.000Z","1159","🇺🇲 Sementara Amerika menantikan terjadinya malapetaka di Iran, kobaran api yang mengerikan di sebuah gudang seluas Satu Juta Kaki persegi di California, Ontario, di mana para petugas pemadam kebakaran berupaya keras untuk mengendalikannya. https://t.co/0Ufxhn1PR6","2041538882974658691","https://pbs.twimg.com/ext_tw_video_thumb/2041538825248456704/pu/img/ADFtlzmvwgPiFXUr.jpg","","in","","3","8","221","https://x.com/yo2thok/status/2041538882974658691","497234852","yo2thok"
"2045778715364479290","2026-04-19T08:17:09.000Z","0","Lucu juga melihat LBH yang biasanya jadi benteng terakhir kebebasan berpendapat malah jadi yang pertama bikin laporan polisi. Kalau diibaratkan, ini seperti melihat pemadam kebakaran yang lapor ke polisi karena tetangganya main korek api. Bukannya adu argumen di mimbar akademik, https://t.co/f3o0M50vsa","2045778715364479290","https://pbs.twimg.com/media/HGQQ5oQaMAAszUt.jpg","","in","","1","0","0","https://x.com/jengkolholic/status/2045778715364479290","545834468","jengkolholic"
"2046614494231843001","2026-04-21T15:38:14.000Z","0","Peringatan Hari Kartini pada Selasa (21/4/2026) menghadirkan sosok perempuan tangguh yang berkiprah sebagai petugas pemadam kebakaran. Mereka menunjukkan semangat perjuangan Kartini lewat profesi yang penuh risiko dan tantangan. https://t.co/6XVXIHw6cO","2046614494231843001","https://pbs.twimg.com/ext_tw_video_thumb/2046614418533056512/pu/img/KWCL-rLRSa-dVbZA.jpg","","in","","0","1","0","https://x.com/btvidofficial/status/2046614494231843001","364790696","btvidofficial"
"2046944944280215755","2026-04-22T13:31:19.000Z","1","Tim Rescue Dinas Pemadam Kebakaran dan Penyelamatan (Damkarmat) Kabupaten Banyuwangi kembali menunjukkan respons cepat. Kali ini, personel Sektor Genteng diturunkan untuk mengamankan satwa liar yang masuk ke pemukiman, Rabu (22/04/2026). https://t.co/h4ZcIpcu8W","2046944944280215755","https://pbs.twimg.com/ext_tw_video_thumb/2046944894271582209/pu/img/SighjpVljrgu-nQc.jpg","","in","","0","0","0","https://x.com/BwiDamkar/status/2046944944280215755","1620611682069544970","BwiDamkar"
"2039427715963699684","2026-04-01T19:40:32.000Z","5","Kebakaran hebat SPBE Gas LPG Cimuning, Kecamatan Mustikajaya, Kota Bekasi,1 April 2026.
Belasan mobil pemadam kebakaran dan juga ambulans turun di lokasi. Hingga sampai pukul 23.40, api masih berkobar di titik lokasi kebakaran.
📹 warganet https://t.co/KUZoC3Hrr3","2039427715963699684","https://pbs.twimg.com/ext_tw_video_thumb/2039427655590940672/pu/img/rGWLtka2WnprLni3.jpg","","in","","0","0","1","https://x.com/NaraSenyap/status/2039427715963699684","1988892798054199296","NaraSenyap"
"2046152187768893877","2026-04-20T09:01:11.000Z","12","Kebakaran terjadi di Gedung Ditjen Bina Pemerintahan Desa Kementerian Dalam Negeri (Kemendagri) di Jalan Raya Pasar Minggu, Jakarta Selatan pada Senin (20/4) siang.

Sebanyak 18 unit mobil pemadam kebakaran (damkar) dan 75 personel dikerahkan ke lokasi untuk memadamkan api. https://t.co/ma3PEvGJex","2046152187768893877","https://pbs.twimg.com/amplify_video_thumb/2046152000652623872/img/Hio4nqYGd6z6D5nZ.jpg","","in","","2","0","3","https://x.com/RadioElshinta/status/2046152187768893877","121640063","RadioElshinta"
"2048403606236451109","2026-04-26T14:07:31.000Z","1","Dinas Pemadam Kebakaran dan Penyelamatan (Damkarmat) Kabupaten Banyuwangi kembali menunjukkan respons cepat dalam penanganan kebakaran. Peristiwa terjadi di lahan kosong yang berlokasi di Dusun Gebang, Desa Benelan Kidul, Kecamatan Singojuruh, Kabupaten Banyuwangi (26/04/2026). https://t.co/u54dv5GGLP","2048403606236451109","https://pbs.twimg.com/ext_tw_video_thumb/2048403533029109760/pu/img/eSzwgdZ5G_Izy5ze.jpg","","in","","0","0","0","https://x.com/BwiDamkar/status/2048403606236451109","1620611682069544970","BwiDamkar"
"2046834903921336685","2026-04-22T06:14:04.000Z","0","Babinsa Dan Warga Berjibaku Padamkan Kebakaran Rumah.

SOLOK_ Babinsa Koramil 04/Payung Sekaki Kodim 0309/Solok Serda Andi Guntara bergerak cepat membantu petugas Pemadam Kebakaran (Damkar) memadamkan api https://t.co/4DBGieBitx","2046834903921336685","https://pbs.twimg.com/media/HGfRfZ7acAAbgOp.jpg","","in","","0","0","0","https://x.com/kodim0309/status/2046834903921336685","1664068865813512197","kodim0309"
"2044358919989215327","2026-04-15T10:15:23.000Z","1","Dinas Pemadam Kebakaran dan Penyelamatan (Damkarmat) Kabupaten Banyuwangi menangani insiden kebakaran yang melalap lahan bambu di Dusun Krajan, Desa Bajulmati, Kecamatan Wongsorejo, Kabupaten Banyuwangi pada Rabu, 15 April 2026. https://t.co/aimFzS4Se5","2044358919989215327","https://pbs.twimg.com/ext_tw_video_thumb/2044358841136189440/pu/img/25kgcr54M6_SXRjH.jpg","","in","","0","0","0","https://x.com/BwiDamkar/status/2044358919989215327","1620611682069544970","BwiDamkar"
"2046181113115349248","2026-04-20T11:30:44.000Z","1","@arbi_blues @iPoopBased Karena mobil MBG lagi nganterin makanan bergizi gratis buat anak-anak. Kalo telat, generasi penerus bisa kekurangan gizi, yang nanti malah bikin ambulans &amp; pemadam kebakaran kebanjiran pasien di masa depan. Prioritas pencegahan jangka panjang &gt; penanganan darurat sesaat. Logis","2046189820053950603","","arbi_blues","in","","0","1","0","https://x.com/grok/status/2046189820053950603","1720665183188922368","grok"
"2047601685661643026","2026-04-24T09:00:59.000Z","0","Aksi cepat dan berani ditunjukkan oleh petugas pemadam kebakaran di Kutai Timur saat menghadapi situasi tak biasa. Seekor buaya dilaporkan muncul di sebuah parit, yang tentu membahayakan warga sekitar.

Tanpa menunggu lama, petugas Damkar langsung merespons laporan tersebut dan https://t.co/zHFrFOBfyd","2047601685661643026","https://pbs.twimg.com/ext_tw_video_thumb/2047601612055846912/pu/img/ziv1YVwglHc2R1-w.jpg","","in","","0","0","0","https://x.com/owritedotid/status/2047601685661643026","1964554328649453576","owritedotid"
"2043009662111596878","2026-04-11T16:53:55.000Z","0","Seorang petugas pemadam kebakaran (damkar) Pos Pinang, BPBD Kota Tangerang, mengalami luka di bagian kepala setelah menjadi korban penganiayaan oleh seorang warga saat sedang menjalankan tugas piket.https://t.co/YPwphUAkk5","2043009662111596878","","","in","","0","0","0","https://x.com/wartaxpress/status/2043009662111596878","1903300427501953024","wartaxpress"
"2047565553431388194","2026-04-24T06:37:24.000Z","1","🔥 *Belajar Aman Sejak Dini!* 🔥

Tawa ceria adik-adik TK Al Hikmah Kabat hari ini berpadu dengan semangat belajar keselamatan di Mako Dinas Pemadam Kebakaran dan Penyelamatan Kabupaten Banyuwangi.

Damkarmat BWI kembali menghadirkan edukasi kebakaran sejak usia dini 👨‍🚒✨ https://t.co/wK5c8zZ7QT","2047565553431388194","https://pbs.twimg.com/ext_tw_video_thumb/2047565526126505984/pu/img/jTimlqBW_-S0SgCo.jpg","","in","","0","0","0","https://x.com/BwiDamkar/status/2047565553431388194","1620611682069544970","BwiDamkar"
"2044092162774814836","2026-04-14T16:35:23.000Z","0","Aksi heroik petugas pemadam kebakaran di Gunungsitoli menuai pujian warganet.

Tenang berada di atas atap bangunan, berhadapan langsung dengan kobaran api dan asap tebal. Dengan perlengkapan terbatas, ia terus berupaya memadamkan api agar tidak meluas. 

#damkar https://t.co/u5BehD8XVm","2044092162774814836","https://pbs.twimg.com/amplify_video_thumb/2044092073230643202/img/zTKzhwgcft2eGxBD.jpg","","in","","0","0","0","https://x.com/mudanewscom/status/2044092162774814836","817446331119587328","mudanewscom"
"2044599635533275257","2026-04-16T02:32:55.000Z","1","@HSoekma23 @abid0588 Menurut UU No. 22 Tahun 2009 tentang Lalu Lintas dan Angkutan Jalan Pasal 134, urutan prioritas kendaraan darurat di jalan adalah:

1. Mobil pemadam kebakaran yang sedang bertugas.
2. Ambulans yang mengangkut orang sakit.

Jadi, mobil pemadam kebakaran harus didahulukan lebih","2044604925972300142","","HSoekma23","in","","0","0","0","https://x.com/grok/status/2044604925972300142","1720665183188922368","grok"
"2048251890815926392","2026-04-26T04:04:40.000Z","0","Anggota Satgas DAMKAR BS menindaklanjuti laporan Bapak Jemi Kurniawan untuk membersihkan saluran pembuangan air yang tersumbat pada hari Minggu, 26 April 2026 pukul 09.20 WIB. 

Lokasi saluran pembuangan air tersebut berada di Jl. Veteran, Padang Kapuk

https://t.co/GcgUWe1gzh","2048251890815926392","","","in","","0","0","0","https://x.com/damkarbs/status/2048251890815926392","1390080853569458177","damkarbs"
"2046149763670888533","2026-04-20T08:51:33.000Z","0","BREAKING NEWS..!

🔥 Kebakaran Gudang Kimberly-Clark di California
Ini rangkuman beritanya:

》Kejadian:
Kebakaran besar melanda gudang produk kertas Kimberly-Clark pada Selasa, 7 April 2026 di Ontario, California, AS. Pemadam kebakaran berjibaku memadamkan api selama berjam-jam. https://t.co/zIgCWcMVCI","2046149763670888533","https://pbs.twimg.com/ext_tw_video_thumb/2046149218092662784/pu/img/zC-ptlYqeayrCd_Z.jpg","","in","","0","0","0","https://x.com/boxquare/status/2046149763670888533","2001051473871036417","boxquare"
"2044307555980325040","2026-04-15T06:51:17.000Z","0","Jajaran Polres Metro Jakarta Pusat bersama Unit Reskrim Polsek Gambir berhasil menggulung komplotan begal brutal yang menyasar seorang petugas Pemadam Kebakaran (Damkar). 

Penangkapan dilakukan pada Senin 13 April 2026 malam di sebuah penginapan di kawasan Pluit, Penjaringan, https://t.co/J63ST6eYtl","2044307555980325040","https://pbs.twimg.com/media/HF7Wo3JbQAAE4Q1.jpg","","in","","0","0","0","https://x.com/suaradotcom/status/2044307555980325040","2340155395","suaradotcom"
"2044596645107577179","2026-04-16T02:00:01.000Z","0","Polisi Tangkap 5 Pelaku Begal Petugas Damkar di Gambir, 4 Masih Buron

Polres Metro Jakarta Pusat berhasil mengungkap kasus pencurian dengan kekerasan (curas) yang menimpa seorang petugas pemadam kebakaran (damkar) di kawasan Gambir.

Dalam pengungkapan ini, polisi menangkap lima https://t.co/d4IbpZ33Yc","2044596645107577179","https://pbs.twimg.com/media/HF-4VTebEAUlFZn.jpg","","in","","0","0","0","https://x.com/akuratco/status/2044596645107577179","786549338818224128","akuratco"
"2044663152328266157","2026-04-16T06:24:18.000Z","0","Harian Tanjungbalai — Sebuah momen evakuasi ular sanca menjadi perhatian warga setelah tim pemadam kebakaran (Damkar) turun langsung ke lokasi untuk melakukan penanganan. Proses penangkapan berlangsung cukup menegangkan karena ukuran ular yang cukup besar dan berada di area https://t.co/rrbmtFtocB","2044663152328266157","https://pbs.twimg.com/amplify_video_thumb/2044654665607135232/img/_2a0dOeUmQ8Ci7dI.jpg","","in","","0","0","0","https://x.com/h_tanjungbalai/status/2044663152328266157","2027218682930470912","h_tanjungbalai"
"2043329633005760719","2026-04-12T14:05:22.000Z","0","Dua petugas pemadam tewas dalam kebakaran gudang di Korea Selatan 

https://t.co/FPJ5KnMsL2","2043329633005760719","","","in","","0","0","0","https://x.com/AnadoluAgencyID/status/2043329633005760719","894492750070022144","AnadoluAgencyID"
"2044345012138414231","2026-04-15T09:20:07.000Z","1","🚒🔥 **Damkar Hadir untuk Edukasi &amp; Aksi Nyata!** 🔥🚒

Dinas Pemadam Kebakaran dan Penyelamatan  (Damkarmat) turut hadir dalam kegiatan pengawasan di TPA Desa Tambong dengan memberikan edukasi penting kepada masyarakat terkait penanganan kebakaran. https://t.co/FAPbETJ1On","2044345012138414231","https://pbs.twimg.com/ext_tw_video_thumb/2044344808555335680/pu/img/ybHMktKEVz-Ekw6W.jpg","","in","","0","0","0","https://x.com/BwiDamkar/status/2044345012138414231","1620611682069544970","BwiDamkar"
"2041439320683565365","2026-04-07T08:53:56.000Z","10","ini deket banget sm rumah aku.. pantesan td berangkat kerja udh ada pemadam kebakaran berjejer :(","2041439320683565365","","","in","","0","0","0","https://x.com/praditdita/status/2041439320683565365","61713426","praditdita"
"2044317550662791534","2026-04-15T07:31:00.000Z","3","Terjadi kebakaran di Jl. Dipatiunus, Kecamatan Cibodas, Kota Tangerang pada tanggal 15 April 2026, pukul 13:03 WIB . Pemadam kebakaran sudah berada di lokasi. (ig:@about.perumtng) https://t.co/qjDXqWa1a6","2044317550662791534","https://pbs.twimg.com/amplify_video_thumb/2044317301219176450/img/szTp-5wSst0Z1_ry.jpg","","in","","0","0","0","https://x.com/SonoraFM92/status/2044317550662791534","180696019","SonoraFM92"
"2043966942726488233","2026-04-14T08:17:48.000Z","1","🚒 *KEGIATAN EDUKASI &amp; SOSIALISASI KEBAKARAN* 🔥

Dinas Pemadam Kebakaran dan Penyelamatan (Damkarmat) Kabupaten Banyuwangi melalui Bidang Pencegahan kembali melaksanakan kegiatan edukasi dan sosialisasi kebakaran kepada para pelajar. https://t.co/BzXKc7MTTs","2043966942726488233","https://pbs.twimg.com/ext_tw_video_thumb/2043965756581502978/pu/img/-nQ6guYPGglDBw5Y.jpg","","in","","0","0","0","https://x.com/BwiDamkar/status/2043966942726488233","1620611682069544970","BwiDamkar"
"2048396325595881611","2026-04-26T13:38:36.000Z","1","Dinas Pemadam Kebakaran dan Penyelamatan (Damkarmat) Kabupaten Banyuwangi kembali sigap menangani kebakaran yang terjadi di Dusun Sumberdadi, Desa Tegaldlimo, Kecamatan Tegaldlimo, Kabupaten Banyuwangi, pada Minggu (26/04/2026). https://t.co/xV2z8TFRGr","2048396325595881611","https://pbs.twimg.com/ext_tw_video_thumb/2048396174139531264/pu/img/G2Hz95swpEsdktRx.jpg","","in","","0","0","0","https://x.com/BwiDamkar/status/2048396325595881611","1620611682069544970","BwiDamkar"
"2042442310177243317","2026-04-10T03:19:28.000Z","0","Damkar Kendari Evakuasi Sarang Tawon di Rumah Warga Korumba

Petugas pemadam kebakaran (Damkar) Kota Kendari bergerak cepat menindaklanjuti laporan warga terkait keberadaan sarang tawon di salah satu rumah di kawasan Korumba. Keberadaan sarang tersebut dinilai 
#jumat #pagii","2042442310177243317","","","in","","0","0","0","https://x.com/wawasan_kendari/status/2042442310177243317","1958017218060664832","wawasan_kendari"
"2041907229838995885","2026-04-08T15:53:15.000Z","8","DRONE PEMADAM KEBAKARAN RESMI DIGUNAKAN DI CHINA GEDUNG SUPER TINGGI TAK LAGI JADI MASALAH

China menghadirkan sistem baru drone khusus yang bisa memadamkan api di gedung pencakar langit yang tak terjangkau tangga pemadam

Dengan kemampuan menyemprotkan air langsung dari udara ke https://t.co/lkpBBizQq2","2041907229838995885","https://pbs.twimg.com/amplify_video_thumb/2041907133768495105/img/3tNvGD1AByfct5Au.jpg","","in","","0","0","2","https://x.com/syfaeth/status/2041907229838995885","1886647765406736384","syfaeth"
"2043269171463749986","2026-04-12T10:05:07.000Z","0","Petugas Damkar Kota Bandung menerima laporan mengenai seekor monyet yang tersangkut di kabel listrik di kawasan Jalan Ciwaruga, Kelurahan Gegerkalong, Kecamatan Sukasari pada Minggu (12/4/2026). Informasi tersebut masuk ke pihak pemadam kebakaran sekitar pukul 08.55 WIB. https://t.co/gzzJCp3kfa","2043269171463749986","https://pbs.twimg.com/ext_tw_video_thumb/2043269132465127424/pu/img/YbN0lrvkQZsimXCV.jpg","","in","","0","0","0","https://x.com/spiritsid_/status/2043269171463749986","2008437998288072705","spiritsid_"
"2041407203538809119","2026-04-07T06:46:19.000Z","4","Hujannya kek disiram pemadam kebakaran","2041407203538809119","","","in","","0","0","0","https://x.com/Sorley_amsan/status/2041407203538809119","1480395755026223104","Sorley_amsan"
"2045802193346056457","2026-04-19T09:50:26.000Z","55","Lagi nonton ini cukup seru soal pemadam kebakaran 🍿

-lucunya ada banget
-tiap episode beda case
-bisa sambil jebejebe https://t.co/UN87KKxrnl","2045802193346056457","https://pbs.twimg.com/media/HGQmP9uawAAqJrW.jpg","","in","","0","37","2","https://x.com/Rebuby/status/2045802193346056457","1808825099883352064","Rebuby"
"2046181113115349248","2026-04-20T11:20:19.000Z","94","@iPoopBased 1. Mobil MBG.
2. Polisi.
3. Pemadam Kebakaran.
4. Ambulance.

Ngapain tanya alasan? Kau antek-antek asing ya tanya-tanya alasan?","2046187201466388559","","iPoopBased","in","","0","1","12","https://x.com/niwseir/status/2046187201466388559","104411351","niwseir"
"2044600732280881226","2026-04-16T02:16:16.000Z","2","Mobil pemadam kebakaran lah masa mobil MBG","2044600732280881226","","","in","","0","0","0","https://x.com/Setyo69243017/status/2044600732280881226","1066034642350788608","Setyo69243017"
"2044911557335994843","2026-04-16T22:51:22.000Z","0","JATIM24JAM - Robot Damkar milik Dinas Pemadam Kebakaran Surabaya, ikut diterjunkan langsung guna untuk memadamkan api di titik kobaran api yang sulit dijangkau.

🎥 : damkar112suroboyo 

#jatim24jam #jawatimur #damkar #kebakaran #surabayahits https://t.co/9LcRiyjcDB","2044911557335994843","https://pbs.twimg.com/ext_tw_video_thumb/2044911504269721600/pu/img/hrywAyvB6awAYkZW.jpg","","in","","0","0","0","https://x.com/Jawatimur24jam/status/2044911557335994843","1980924096151257088","Jawatimur24jam"
"2041449921266807234","2026-04-07T09:36:04.000Z","8","Bimo Margo Hutomo (30), petugas pemadam kebakaran (damkar) yang menjadi korban begal di Cideng, Gambir, Jakarta Pusat, sempat dihantam konblok di bagian kepala oleh pelaku.

Sumber: https://t.co/rgZ7Qsps9m.

~AC #Damkar #Begal #Korban https://t.co/UehRyol6e0","2041449921266807234","https://pbs.twimg.com/amplify_video_thumb/2041449164480102400/img/L3hJzggcLEdJ4X1M.jpg","","in","","0","0","5","https://x.com/kompascom/status/2041449921266807234","23343960","kompascom"
"2043142635951636874","2026-04-12T01:42:18.000Z","1","Sobat Pemadam, pernah nggak lagi santai di rumah tiba-tiba tercium bau gas?

Kondisi ini perlu diwaspadai loh! 
Kebocoran gas bisa memicu kebakaran jika tidak ditangani dengan tepat. 

Yuk, simak video berikut!

#PemadamJakarta #JagaJakarta #CegahKebakaran #JAKI - @dkijakarta https://t.co/YNoDplCQgU","2043142635951636874","https://pbs.twimg.com/amplify_video_thumb/2043142486798049280/img/9cRn98AackG4MkOx.jpg","","in","","0","0","0","https://x.com/humasjakfire/status/2043142635951636874","555862521","humasjakfire"
"2041442468550562151","2026-04-07T09:06:27.000Z","0","Api melahap dua unit rumah di Gang Horas, Jalan Dahlia, Kota Pekanbaru, Selasa (7/4/2026). 

Tim dari Dinas Pemadam Kebakaran dan Penyelamatan (DPKP) Kota Pekanbaru langsung bergegas menuju lokasi.

#infoPKU #kebakaranPekanbaru https://t.co/cpqB3nJCy0","2041442468550562151","https://pbs.twimg.com/ext_tw_video_thumb/2041442428864126976/pu/img/EjkhZhcPVUXA7ogR.jpg","","in","","1","1","2","https://x.com/infoPKU/status/2041442468550562151","168590064","infoPKU"
"2041430263138537546","2026-04-07T08:17:57.000Z","0","Seorang petugas pemadam kebakaran (damkar) bernama Bimo Margo Hutomo (30) menjadi korban begal di Jalan KH Hasyim Ashari, Gambir, Jakarta Pusat (Jakpus), hingga motor dan ponselnya raib.
Selengkapnya baca;
https://t.co/DsKhHQpUEN https://t.co/sd7c1rA2nI","2041430263138537546","https://pbs.twimg.com/media/HFSeAYnaQAE6Zyh.jpg","","in","","0","0","0","https://x.com/lawjustice_co/status/2041430263138537546","1899398008418217984","lawjustice_co"
"2041349055645933994","2026-04-07T02:55:15.000Z","1","𝐏𝐞𝐭𝐮𝐠𝐚𝐬 𝐃𝐚𝐦𝐤𝐚𝐫 𝐉𝐚𝐝𝐢 𝐊𝐨𝐫𝐛𝐚𝐧 𝐁𝐞*𝐚𝐥 𝐝𝐢 𝐆𝐚𝐦𝐛𝐢𝐫, 𝐉𝐚𝐤𝐚𝐫𝐭𝐚 𝐏𝐮𝐬𝐚𝐭

Petugas pemadam kebakaran berinisial BM menjadi korban begal di Jalan KH Hasyim Asy’ari, Cideng, Gambir, Jakarta Pusat, Kamis (2/4/2026) sekitar pukul 03.00 WIB saat melintas https://t.co/RGyOEbySjG","2041349055645933994","https://pbs.twimg.com/amplify_video_thumb/2041348912553025536/img/hPqWda92-5Fyjhwz.jpg","","in","","0","1","0","https://x.com/garudatvnews/status/2041349055645933994","502140136","garudatvnews"
"2043724822031835232","2026-04-13T16:15:42.000Z","0","Numpang Ngopi', Pria Mengaku Wartawan Aniaya Petugas Damkar di Pinang

Seorang anggota pemadam  kebakaran (Damkar) menjadi korban dugaan penganiayaan oleh pria yang mengaku sebagai wartawan saat berada di Pos Damkar Pinang, Kota Tangerang,  Jumat (10/4/2026) siang.

Korban https://t.co/JHw7WfLOM2","2043724822031835232","https://pbs.twimg.com/media/HFzE4-zaIAADyja.jpg","","in","","0","0","0","https://x.com/Nadia29504883/status/2043724822031835232","1434741265401200645","Nadia29504883"
"2041288873972736102","2026-04-06T22:56:07.000Z","8","Petugas SPBU di Semarang menolak menggunakan alat pemadam kebakaran ke sepeda motor yang sedang terbakar karena belum mendapat ijin dari atasannya.

Ada yang salah dengan IQ orang Indonesia dan sistem pendidikannya. https://t.co/6LxWgLVQ2i","2041288873972736102","https://pbs.twimg.com/ext_tw_video_thumb/2041288709941903360/pu/img/n9qaBIHdMUhX8IGI.jpg","","in","","1","1","2","https://x.com/IDNPict/status/2041288873972736102","872602664592220160","IDNPict"
"2040580004938223761","2026-04-04T23:59:19.000Z","374","Diduga Tak Dapat Izin Manajer Gunakan APAR, Motor Warga Hangus di SPBU Sriwijaya (4/4/2026)
📍Semarang

Pernah mengikuti pelatihan penggunaan APAR, dan saya sangat ingat pesan dari petugas pemadam kebakaran,
di mana pun dan kapan pun kita melihat atau mengalami kebakaran, segera https://t.co/6XRQUIL7WV","2040580004938223761","https://pbs.twimg.com/ext_tw_video_thumb/2040579955256651776/pu/img/Wmxlln45qO0sNBYp.jpg","","in","","9","92","129","https://x.com/Heraloebss/status/2040580004938223761","1251824880967774208","Heraloebss"
"2044685527627313630","2026-04-16T07:53:12.000Z","10","Sebuah rumah di kawasan Perumahan Tanah Kusir, Jakarta Selatan, dilaporkan terbakar. Hingga saat ini, petugas pemadam kebakaran masih berjibaku memadamkan api untuk mencegah kobaran meluas ke bangunan lain di sekitarnya, Kamis (16/4). 🎥Ris https://t.co/ihmlTlATqT","2044685527627313630","https://pbs.twimg.com/amplify_video_thumb/2044685262962438144/img/LsF7T9FZ6J2OhcAd.jpg","","in","","2","0","2","https://x.com/RadioElshinta/status/2044685527627313630","121640063","RadioElshinta"
"2044625386680799393","2026-04-16T03:54:14.000Z","0","Dalam upaya memadamkan api, pihaknya mengerahkan sembilan unit armada kebakaran yang terdiri dari 3 unit armada Damkar BPBD Aceh Besar, Pos Peukan Bada 1 unit,Pos Induk 2  unit  ikut dibantu 3 unit armada pemadam DPKP kota Banda Aceh.
 #AcehBesar 

https://t.co/fBjOzqLuGg","2044625386680799393","","","in","","0","0","0","https://x.com/serambinews/status/2044625386680799393","64635651","serambinews"
"2039654814959968577","2026-04-02T10:42:57.000Z","7","Kebakaran hebat melanda gudang penyimpanan mobil di Jalan Sisingamangaraja Kisaran, Kabupaten Asahan, Sumatera Utara, Kamis (2/4/2026). Api dengan cepat melahap bangunan dan belasan kendaraan di dalamnya hingga menimbulkan kepulan asap hitam pekat. Petugas pemadam kebakaran https://t.co/j9TsOfne32","2039654814959968577","https://pbs.twimg.com/amplify_video_thumb/2039654754562039808/img/__f73uChzJ6zEDtK.jpg","","in","","0","1","0","https://x.com/Beritasatu/status/2039654814959968577","154102750","Beritasatu"
"2038544489070166298","2026-03-30T09:10:55.000Z","1","Kebakaran di Gunung Putri Bogor

Petugas Pemadam Kebakaran (Damkar) Kabupaten Bogor, berjibaku memadamkan api yang menghanguskan pabrik PT CDP di Jalan Jampang, Wanaherang, Gunung Putri, Bogor, Minggu sore (29/3/2026). 

#reels 
#trending https://t.co/AbfVpWP5zW","2038544489070166298","https://pbs.twimg.com/ext_tw_video_thumb/2038544459001180160/pu/img/O37xJj0CKY7IXDU8.jpg","","in","","0","0","0","https://x.com/ABBITV_id/status/2038544489070166298","2005309355563048960","ABBITV_id"
"2041454026689233241","2026-04-07T09:52:23.000Z","11","Sebuah depot di Jalan Tanjung Sadari Surabaya mengalami kebakaran pada Selasa (7/4/2026) sekira pukul 16.30 WIB.

Yosie Prastiyan Arfianto, pendengar Suara Surabaya melaporkan mobil pemadam kebakaran sudah berada di lokasi dan melakukan pemadaman.

Romi, petugas Command Center https://t.co/BQsLpWlei0","2041454026689233241","https://pbs.twimg.com/amplify_video_thumb/2041453400764841984/img/1LgdDil-UsmFXlf8.jpg","","in","","0","0","1","https://x.com/e100ss/status/2041454026689233241","848614550","e100ss"
"2040063435032187271","2026-04-03T13:46:40.000Z","0","Dinas Pemadam Kebakaran (Damkar) Kabupaten Rejang Lebong, Provinsi Bengkulu, mewaspadai peningkatan kasus kebakaran baik di permukiman maupun lahan saat memasuki musim kemarau di wilayah itu.https://t.co/9K1W62ez7M","2040063435032187271","","","in","","0","0","0","https://x.com/ANTARABengkulu/status/2040063435032187271","423220305","ANTARABengkulu"
"2041347719676178504","2026-04-07T02:49:57.000Z","1","🔥 Kebakaran terjadi di BTN Teluk Mulus Blok E4, Selasa (7/4).

Api dilaporkan membakar salah satu bangunan dan mengundang perhatian warga sekitar. Sejumlah relawan pemadam kebakaran dan warga setempat berupaya memadamkan api. 

#PontianakPost #Kebakaran #Pontianak #KubuRaya https://t.co/n7nKBYsc1e","2041347719676178504","https://pbs.twimg.com/ext_tw_video_thumb/2041347665699778561/pu/img/_BuWAkLmiGe6morg.jpg","","in","","0","1","0","https://x.com/pontianakpost1/status/2041347719676178504","4619136320","pontianakpost1"
"2040235447809704171","2026-04-04T01:10:11.000Z","212","🎥 Video dari Israel Hayom yang menunjukkan rudal Iran dengan mudah menghantam Beersheba

Channel 12 Israel: Banyak tim pemadam kebakaran telah dikirim ke lokasi kecelakaan https://t.co/2XvugD8gPo","2040235447809704171","https://pbs.twimg.com/amplify_video_thumb/2040235050269310977/img/G1oV93kIgrgUfXBx.jpg","","in","","1","3","61","https://x.com/SoftWarNews/status/2040235447809704171","2256063276","SoftWarNews"
"2039141500714733605","2026-04-01T00:43:13.000Z","648","Detik-detik seorang petugas damkar ditempeleng oleh rekan kerja lainnya karena tak becus cara menggunakan alat pemadam 🚨🚨🚨
Lokasi: Jalan Makmur, Siborongborong, Tapanuli Utara, Sumatera Utara. Indonesia.
Selasa, 31/3/2026 sekitar pukul 12:00 WIB

Satu unit rumah warga terbakar https://t.co/pazeKlaGw1","2039141500714733605","https://pbs.twimg.com/ext_tw_video_thumb/2039140538310619136/pu/img/PWGqoIuH_jeNT5K9.jpg","","in","","4","41","54","https://x.com/sharpandshark/status/2039141500714733605","1628338800362672128","sharpandshark"
"2043324060394983579","2026-04-12T13:43:13.000Z","4","Kebakaran melanda sebuah rumah tinggal di kawasan Petemon, Kota Surabaya pada Minggu (12/4/2026) sore. Peristiwa tersebut diduga dipicu oleh korsleting listrik.

Berdasarkan data yang disampaikan Dinas Pemadam Kebakaran dan Penyelamatan (DPKP) Kota Surabaya, kabar kebakaran https://t.co/a8ZxPgTHY5","2043324060394983579","https://pbs.twimg.com/amplify_video_thumb/2043323734090752001/img/goP_fc0iL1C5iFdM.jpg","","in","","0","0","0","https://x.com/e100ss/status/2043324060394983579","848614550","e100ss"
"2040655731293393298","2026-04-05T05:00:14.000Z","0","Merespon kejadian tersebut, Polresta Jayapura Kota langsung ""Fast Respon"" dengan mendatangi lokasi kejadian guna melakukan pengamanan serta membantu proses penanganan kebakaran, penanganan dilakukan secara bersinergi dengan Dinas Pemadam Kebakaran Kota Jayapura dan personel https://t.co/SPhPoMg6jc","2040655731293393298","https://pbs.twimg.com/media/HFHdi2xbgAArABK.jpg","","in","","0","0","0","https://x.com/HmsPoldaPapua/status/2040655731293393298","808547021821005825","HmsPoldaPapua"
"2053743023435976999","2026-05-11T07:44:28.000Z","0","͏

͏

͏

͏

͏

͏

͏

͏

͏

͏

͏

͏

͏

͏

͏

͏

͏

͏

͏

͏

͏

͏

͏

͏

͏

͏

͏

͏

͏

͏

͏

͏

͏

͏

͏

͏

͏

͏

͏

͏

͏

͏

͏

͏

͏

͏

͏

͏

͏

͏

͏

͏

͏

͏

͏

͏

͏

͏͏

͏

͏

͏

͏

͏

͏

͏

͏

͏

͏

͏

͏

͏

͏

͏

͏

͏

͏

͏

͏

͏

͏

͏

͏

Pembersihan tl","2053743023435976999","","","und","","0","0","0","https://x.com/___Dwi/status/2053743023435976999","854135521","___Dwi"
"2039210341549363511","2026-04-01T05:16:46.000Z","1","Duka datang dari barisan petugas pemadam kebakaran hutan dan lahan (karhutla). Muharmizan, anggota Manggala Agni Daops Sumatera VI/Siak, meninggal dunia usai menjalankan tugas pemadaman di Pulau Bengkalis, Senin (30/3/2026).

#infoRIAU #karhutlaRIAU https://t.co/fRqhCJqjhx","2039210341549363511","https://pbs.twimg.com/media/HEy6_hUa8AAIe9f.jpg","","in","","0","1","3","https://x.com/infoRIAU/status/2039210341549363511","172425532","infoRIAU"
"2041474234522972614","2026-04-07T11:12:40.000Z","0","Kebakaran melanda rumah tinggal yang berlokasi di Jalan Pepaya IV, Jagakarsa, Jakarta Selatan.

#PemadamJakarta #KebakaranJagakarsa #JagaJakarta #JAKI #JS112 @DKIJakarta https://t.co/10DvyNkd3h","2041474234522972614","https://pbs.twimg.com/amplify_video_thumb/2041474030755344384/img/z7GKde862rhl_9zR.jpg","","in","","0","1","1","https://x.com/humasjakfire/status/2041474234522972614","555862521","humasjakfire"
"2040327642923319362","2026-04-04T07:16:32.000Z","0","Badan Penanggulangan Bencana Daerah dan Pemadam Kebakaran (BPBD Damkar) Riau, mendapatkan laporan bahwa per hari Jumat (3/4/2026) sore ditemukan 233 hotspot atau titik panas di Provinsi Riau.

#infoRIAU #karhutlaRIAU https://t.co/FPXR8elMBR","2040327642923319362","https://pbs.twimg.com/media/HFCzLMeaAAAEtth.jpg","","in","","0","1","2","https://x.com/infoRIAU/status/2040327642923319362","172425532","infoRIAU"
"2039330523278082306","2026-04-01T13:14:20.000Z","4","#SobatJaktim! Jangan asal pakai! Pastikan Alat Pemadam Api Ringan (APAR) sesuai kelas kebakaran. 🔥🧯

Risiko kebakaran memang tak bisa diprediksi, tapi dapat dicegah dan ditangani lebih cepat dengan kesiapsiagaan dan APAR yang tepat. https://t.co/T7zI3r7CQu","2039330523278082306","https://pbs.twimg.com/media/HE0oINqaMAA-Kl-.jpg","","in","","0","1","1","https://x.com/kotajaktim/status/2039330523278082306","3273958142","kotajaktim"
"2037169051051712544","2026-03-26T14:05:25.000Z","0","Kebakaran melanda tumpukan kayu sisa banjir seluas satu hektare di Aceh Utara, memicu kepanikan warga. Api yang belum diketahui penyebabnya masih menyala dan mengancam gubuk penyintas yang berjarak dekat. PMI, pemadam, serta aparat berjibaku memadamkan api hingga distribusi air https://t.co/9cNPoN8fEa","2037169051051712544","https://pbs.twimg.com/media/HEV6Uh0bYAMEFcs.jpg","","in","","0","0","1","https://x.com/kompascom/status/2037169051051712544","23343960","kompascom"
"2042564585564299403","2026-04-10T11:25:20.000Z","1","🔥 Kegiatan Monitoring &amp; Inspeksi Proteksi Kebakaran 🔥

Dinas Pemadam Kebakaran dan Penyelamatan (Damkarmat) Kabupaten Banyuwangi melalui Bidang Pencegahan melaksanakan kegiatan monitoring dan inspeksi alat proteksi kebakaran https://t.co/WfVBi7tisk","2042564585564299403","https://pbs.twimg.com/ext_tw_video_thumb/2042564531940098048/pu/img/szxWOOwDknpUnsar.jpg","","in","","0","0","0","https://x.com/BwiDamkar/status/2042564585564299403","1620611682069544970","BwiDamkar"
"2038463458673631591","2026-03-30T03:48:56.000Z","0","Kebakaran hebat melanda sebuah pabrik plastik di Gunung Putri, Bogor, Minggu (29/3). 

Pemadam  Kebakaran Kabupaten Bogor mengerahkan sebanyak 10 unit mobil pemadam,  satu unit SCBA mobile, dua unit rescue, serta sejumlah ambulans untuk  menangani kebakaran.
 
 SCBA merupakan https://t.co/3dVC0tLv37","2038463458673631591","https://pbs.twimg.com/amplify_video_thumb/2038463297830502400/img/WSfqEuNOXCk2BcSs.jpg","","in","","0","1","0","https://x.com/akuratco/status/2038463458673631591","786549338818224128","akuratco"
"2036759515639808106","2026-03-25T10:58:04.000Z","0","Sebuah tempat laundry di kawasan Kelapa Gading mengalami kebakaran, namun petugas pemadam kebakaran bergerak cepat untuk melokalisir api agar tidak meluas.

Baca Selengkapnya di https://t.co/Lm4279H2F5

~AC #Kebakaran #KelapaGading #Damkar https://t.co/wwOL4j6Bzw","2036759515639808106","https://pbs.twimg.com/amplify_video_thumb/2036758453231013888/img/YbkY5hpfMwFGBuyY.jpg","","in","","0","0","0","https://x.com/kompascom/status/2036759515639808106","23343960","kompascom"
"2042450744037851220","2026-04-10T03:52:58.000Z","2","Puluhan petugas pemadam kebakaran dikerahkan untuk mengatasi kebakaran besar yang melanda Velodrome di kawasan Olympic Park Velodrome, Rio de Janeiro, pada Rabu (9/4/2026).

Sekitar 80 personel bersama 20 unit mobil pemadam diterjunkan untuk menjinakkan api, baik dari dalam https://t.co/EVUuSNLTNC","2042450744037851220","https://pbs.twimg.com/amplify_video_thumb/2042450650764869632/img/ALSCIO-BqJLYhZp1.jpg","","in","","0","0","0","https://x.com/inilahdotcom/status/2042450744037851220","46693036","inilahdotcom"
"2042534749869346874","2026-04-10T09:26:47.000Z","0","#KawanJaKita, ada loh relawan yang membantu petugas pemadam kebakaran (Damkar) menolong warga. Salah satunya Redkar alias Relawan Damkar.

Tak cuma bantu padamkan api, tapi juga aktivitas lain yang dibutuhkan warga seperti usir ular di pemukiman, menolong kucing masuk selokan, https://t.co/qJg20v6fLM","2042534749869346874","https://pbs.twimg.com/amplify_video_thumb/2042534649508040706/img/3uMDsh3_TkOhgXCp.jpg","","in","","0","1","0","https://x.com/majalahjakita/status/2042534749869346874","1349779426653818881","majalahjakita"
"2040580004938223761","2026-04-05T00:43:56.000Z","12","@mrcorleoneeeeee Setiap petugas SPBU wajib mendapatkan pelatihan pemadam kebakaran (damkar) dan sertifikasi peran kebakaran. Itu sudah
 standar prioritas keamanan @pertamina , cabut saja sertifikatnya","2040591230283960495","","mrcorleoneeeeee","in","","0","1","3","https://x.com/Heraloebss/status/2040591230283960495","1251824880967774208","Heraloebss"
"2039492725201117612","2026-04-01T23:58:52.000Z","0","Plt Kepala Dinas Pemadam Kebakaran Kota Bekasi Heriyanto mengatakan, upaya pemadaman masih terus dilakukan oleh petugas. Di sisi lain, warga setempat, Bayu menyebut, kebakaran merembet ke permukiman penduduk di sana. Ketika api besar, penghuni rumah mengungsi lebih dulu","2039492725201117612","","","in","","0","0","0","https://x.com/mediaindonesia/status/2039492725201117612","68930552","mediaindonesia"
"2044316588095221804","2026-04-15T07:27:10.000Z","1","Polisi menangkap sejumlah pelaku pencurian dengan kekerasan (curas) atau begal terhadap seorang anggota pemadam kebakaran di kawasan Jakarta Pusat. Bahkan, peristiwa yang dialami korban sempat menjadi perhatian publik setelah videonya viral di media sosial. Ada sebanyak 5 pelaku https://t.co/45esaRQ4Xg","2044316588095221804","https://pbs.twimg.com/media/HF7fFsSaUAAAicR.jpg","","in","","0","0","1","https://x.com/RadioElshinta/status/2044316588095221804","121640063","RadioElshinta"
"2039002402880180303","2026-03-31T15:30:30.000Z","9","Kebakaran besar melanda kawasan industri Ne'ot Hovav industrial zone di dekat Beersheba, setelah serangan dari Iran ke wilayah selatan Israel.

Asap tebal terlihat membumbung tinggi saat petugas pemadam berupaya mengendalikan api. 

Otoritas setempat langsung mengaktifkan https://t.co/Ph8BRrTg6b","2039002402880180303","https://pbs.twimg.com/amplify_video_thumb/2038908915187167232/img/oEViO178p62-ywtC.jpg","","in","","0","0","1","https://x.com/SINDOnews/status/2039002402880180303","231355136","SINDOnews"
"2042525824277189005","2026-04-10T08:51:19.000Z","0","Puluhan petugas dikerahkan memadamkan kebakaran di Olympic Park Velodrome, Rio de Janeiro, Rabu (9/4/2026).

Sebanyak 80 personel dan 20 mobil pemadam berhasil mengendalikan api.

-

Inilah Arena adalah bagian dari Grup Media @inilah_com | Dapatkan informasi selengkapnya dengan https://t.co/Oc1tzeIr9F","2042525824277189005","https://pbs.twimg.com/amplify_video_thumb/2042525723597139968/img/ma2mLV-bpmTsCq1L.jpg","","in","","0","0","0","https://x.com/inilahdotcom/status/2042525824277189005","46693036","inilahdotcom"
"2036666733239632265","2026-03-25T04:49:23.000Z","0","Insiden pesawat Air Canada Express bertabrakan dengan truk pemadam kebakaran (damkar) di landasan pacu 4 Bandara LaGuardia New York, Amerika Serikat (AS) sekitar pukul 23.40, Minggu waktu setempat. Dalam insiden ini pilot dan kopilot dilaporkan tewas, berserta 13 orang.. https://t.co/x92gFYyjGe","2036666733239632265","https://pbs.twimg.com/ext_tw_video_thumb/2036666692244516864/pu/img/E2zmbP8N-wn1IOfx.jpg","","in","","0","1","0","https://x.com/IndiraNews/status/2036666733239632265","1816136300145303553","IndiraNews"
"2039304267962650685","2026-04-01T11:30:00.000Z","0","Kebakaran besar melanda depo kendaraan pribadi di kawasan San Antonio, Acapulco, Meksiko, pada Selasa.

Api dengan cepat menyebar dan menghanguskan sekitar 700 kendaraan, diperparah oleh angin kencang dan kondisi vegetasi yang kering.

Petugas pemadam kebakaran dikerahkan untuk https://t.co/qTdP5vaCL9","2039304267962650685","https://pbs.twimg.com/amplify_video_thumb/2039226552194670592/img/32oyolEpxZEzim5e.jpg","","in","","0","1","0","https://x.com/SINDOnews/status/2039304267962650685","231355136","SINDOnews"
"2042804958291202372","2026-04-11T03:20:30.000Z","1","Dinas Pemadam Kebakaran dan Penyelamatan Kabupaten Banyuwangi melalui Bidang Pencegahan melaksanakan kegiatan monitoring dan inspeksi alat proteksi kebakaran sebagai upaya memastikan kesiapan sarana proteksi kebakaran di lingkungan bangunan. https://t.co/QG3yC64fsG","2042804958291202372","https://pbs.twimg.com/ext_tw_video_thumb/2042804914674634753/pu/img/bV4YXW8ZfiK2SEKV.jpg","","in","","0","0","0","https://x.com/BwiDamkar/status/2042804958291202372","1620611682069544970","BwiDamkar"
"2043680592227955082","2026-04-13T13:19:57.000Z","1","Humas dan Operator Komunikasi Dinas Pemadam Kebakaran dan Penyelamatan (Damkarmat) Kabupaten Banyuwangi menerima laporan melalui telepon WA pada Senin, 13 April 2026, pukul 15.14 WIB. Pelapor menginformasikan adanya kebakaran di area dapur wilayah Kalipuro. https://t.co/bMizqS9WuP","2043680592227955082","https://pbs.twimg.com/media/HFycqccawAAMQ2f.jpg","","in","","0","0","0","https://x.com/BwiDamkar/status/2043680592227955082","1620611682069544970","BwiDamkar"
"2037764118321443173","2026-03-28T05:30:00.000Z","2","Dunia maya kembali dihebohkan dengan berbagai fenomena. Mulai dari munculnya lubang raksasa di Desa Pondok Balik, Aceh Tengah yang kian meluas, hingga video viral yang diklaim sebagai meteor jatuh di area persawahan. Di sisi lain, kinerja Pemadam Kebakaran mendapat apresiasi https://t.co/duTxzMMxTi","2037764118321443173","https://pbs.twimg.com/amplify_video_thumb/2037472542613737472/img/rQLwYtePTKgdnZ1C.jpg","","in","","0","0","1","https://x.com/KompasTV/status/2037764118321443173","71436318","KompasTV"
"2036502646752944485","2026-03-24T17:57:22.000Z","14","Gw punya 1 wishlist gatau menurut kalian aneh atau enggak, tapi gw pengen banget main ke kantor pemadam kebakaran.. sepengen itu.. please kalo ada damkar atau yang tau, boleh gak sih main ke kantor damkar buat liat liat? 😭😭","2036502646752944485","","","in","","0","7","0","https://x.com/bluevelyz/status/2036502646752944485","1177131317881737216","bluevelyz"
"2040976885644222619","2026-04-06T02:16:23.000Z","0","𝐊𝐨𝐤 𝐁𝐢𝐬𝐚? 𝐏𝐫𝐢𝐚 𝐝𝐢 𝐒𝐚𝐥𝐚𝐭𝐢𝐠𝐚 𝐍𝐲𝐚𝐧𝐠𝐤𝐮𝐭 𝐝𝐢 𝐊𝐮𝐫𝐬𝐢 𝐓𝐚𝐦𝐚𝐧, 𝐃𝐚𝐦𝐤𝐚𝐫 𝐓𝐮𝐫𝐮𝐧 𝐓𝐚𝐧𝐠𝐚𝐧

Kejadian tak biasa terjadi di Salatiga. Seorang pria bernama Iwan harus dievakuasi petugas pemadam kebakaran setelah tubuhnya terjebak di kursi https://t.co/VARiZY3Zwr","2040976885644222619","https://pbs.twimg.com/amplify_video_thumb/2040976751191592960/img/qII77UZvMSVlwfc3.jpg","","in","","0","0","0","https://x.com/garudatvnews/status/2040976885644222619","502140136","garudatvnews"
"2038967950930235837","2026-03-31T13:13:36.000Z","3","Ada kebakaran dimana deh ini, suara sirine pemadam dari tadi banyak bgt sekitar mangarai","2038967950930235837","","","in","","0","2","0","https://x.com/urcoffeemate/status/2038967950930235837","1119287104037511168","urcoffeemate"
"2041893303206211817","2026-04-08T14:57:54.000Z","1","Hari ini, Rabu (8 April 2026), Dinas Pemadam Kebakaran dan Penyelamatan Kabupaten Banyuwangi melaksanakan kegiatan edukasi dan sosialisasi kebencanaan kepada adik-adik TK di Mako Damkarmat. https://t.co/C3cGNWabyq","2041893303206211817","https://pbs.twimg.com/ext_tw_video_thumb/2041893247757512706/pu/img/w4EKA6DtT_5Rhe0-.jpg","","in","","0","0","0","https://x.com/BwiDamkar/status/2041893303206211817","1620611682069544970","BwiDamkar"
"2037475605852356792","2026-03-27T10:23:33.000Z","0","𝐃𝐑𝐀𝐌𝐀𝐓𝐈𝐒! 𝐃𝐞𝐭𝐢𝐤-𝐝𝐞𝐭𝐢𝐤 𝐇𝐞𝐥𝐢𝐤𝐨𝐩𝐭𝐞𝐫 𝐉𝐚𝐭𝐮𝐡  𝐒𝐚𝐚𝐭 𝐏𝐚𝐝𝐚𝐦𝐤𝐚𝐧 𝐊𝐞𝐛𝐚𝐤𝐚𝐫𝐚𝐧

Helikopter pemadam kebakaran jatuh saat berusaha memadamkan api di Afrika Selatan. Rekaman dramatis memperlihatkan helikopter kehilangan kendali usai melakukan https://t.co/15lXjIAFQa","2037475605852356792","https://pbs.twimg.com/amplify_video_thumb/2037473895511715840/img/K4Lv5FtVoE5ENBDn.jpg","","in","","0","0","0","https://x.com/garudatvnews/status/2037475605852356792","502140136","garudatvnews"
"2036434560578363538","2026-03-24T13:26:49.000Z","0","Kebakaran Rumah di Meruya, 75 Petugas Pemadam Diterjunkan
https://t.co/qKThRzUE9T","2036434560578363538","","","in","","0","0","0","https://x.com/rmol_id/status/2036434560578363538","990237626","rmol_id"
"2041082231976788193","2026-04-06T09:15:00.000Z","0","Seorang pria bernama Iwan harus meminta pertolongan petugas pemadam kebakaran setelah mengalami kejadian yang tak biasa.
 
 Pasalnya,  tubuhnya tersangkut di sebuah kursi taman di kawasan Markas Polres  Salatiga, Jawa Tengah, Minggu (5/4/2026) sekitar pukul 03.00 WIB.
 
 Petugas https://t.co/FOKsJyMa1A","2041082231976788193","https://pbs.twimg.com/amplify_video_thumb/2041000425118392320/img/7oT46C0UvXgvQhyO.jpg","","in","","0","0","0","https://x.com/akuratco/status/2041082231976788193","786549338818224128","akuratco"
"2041556542982603155","2026-04-07T16:39:44.000Z","1","Dinas Pemadam Kebakaran dan Penyelamatan Kabupaten Banyuwangi (Damkarmat) merespons laporan warga terkait keberadaan seekor ular yang diduga jenis kobra di dalam rumah. Kejadian tersebut terjadi pada Selasa, 07 April 2026, di Dusun Lugjag, Pengatigan, Rogojampi, Banyuwangi. https://t.co/OLeJ0WtoFn","2041556542982603155","https://pbs.twimg.com/ext_tw_video_thumb/2041556484019171328/pu/img/kCn3ZedAxOf3SsR9.jpg","","in","","0","0","0","https://x.com/BwiDamkar/status/2041556542982603155","1620611682069544970","BwiDamkar"
"2043560954718482503","2026-04-13T05:24:33.000Z","4","Kebakaran besar melanda sebuah gudang ekspedisi di Jalan Jati, Kecamatan Medan Timur, Kota Medan, pada Minggu siang (12/4). 

Api dengan cepat membesar hingga petugas mengerahkan sembilan unit mobil pemadam kebakaran serta dua unit water cannon untuk membantu proses pemadaman. https://t.co/jiENfoG6eg","2043560954718482503","https://pbs.twimg.com/ext_tw_video_thumb/2043560756311171072/pu/img/vmyG8DDrQy0IizKc.jpg","","in","","0","0","2","https://x.com/antaranews/status/2043560954718482503","18071520","antaranews"
"2042444282293010753","2026-04-10T03:27:18.000Z","0","Tim RESCUE Pemadam Kebakaran Bengkulu Selatan menindak lanjuti laporan Bapak dr. Emrusmadi, Sp.B (Plt. Dirut RSUD Hasanuddin Damrah) untuk mengevakuasi hewan liar di RSUD HD pada hari Jumat, 10 April 2026
#damkar #pemadamkebakaran #bengkuluselatan #membara
https://t.co/dK5apmD0B1","2042444282293010753","","","in","","0","0","0","https://x.com/damkarbs/status/2042444282293010753","1390080853569458177","damkarbs"
"2042929781210255579","2026-04-11T11:36:30.000Z","234","Tangkap dan Usut pelaku pemukulan terhadap anggota piket Damkar pos Pinang Kota Tangerang.

Terduga pelaku datang bersama seorang pria dan seorang wanita ke pos damkar pinang sekitar pukul 14.30 langsung masuk dan bilang numpang ngopi ya, dijawab oleh Hidayat anggota pemadam yang https://t.co/goYJfrqrUy","2042929781210255579","https://pbs.twimg.com/ext_tw_video_thumb/2042929652386402306/pu/img/P9slLjPOaav_DCcF.jpg","","in","","4","43","122","https://x.com/B3doel___/status/2042929781210255579","1351138416088510467","B3doel___"
"2043203385571353081","2026-04-12T05:43:42.000Z","1","Dinas Pemadam Kebakaran dan Penyelamatan (Damkarmat) Kabupaten Banyuwangi bertindak cepat merespons laporan darurat terkait keberadaan ular berbisa yang telah mengakibatkan korban. Insiden terjadi di Jalan wilayah Kelurahan Pengantigan, Kecamatan Banyuwangi, Kabupaten Banyuwangi https://t.co/nX41ceGMxC","2043203385571353081","https://pbs.twimg.com/ext_tw_video_thumb/2043203324246417408/pu/img/iA17VtDP88i2C6mW.jpg","","in","","0","0","0","https://x.com/BwiDamkar/status/2043203385571353081","1620611682069544970","BwiDamkar"
"2036745000789148139","2026-03-25T10:00:23.000Z","1","NTSB telah memulai investigasi mendalam terhadap insiden fatal di landasan pacu Bandara LaGuardia yang melibatkan pesawat Air Canada Express dan truk pemadam kebakaran. 

Dua pilot pesawat tewas, sementara puluhan penumpang dan petugas darurat luka-luka, dengan cuaca yang tidak https://t.co/scAp9RdFCs","2036745000789148139","https://pbs.twimg.com/ext_tw_video_thumb/2036744951321489408/pu/img/9qaN3CUfK82t5Dlh.jpg","","in","","0","0","0","https://x.com/VIVAcoid/status/2036745000789148139","41730943","VIVAcoid"
"2043622892525736078","2026-04-13T09:30:40.000Z","1","Dinas Pemadam Kebakaran dan Penyelamatan (Damkarmat) Kabupaten Banyuwangi melalui Sektor Genteng kembali menangani kasus penyelamatan non-kebakaran. Kali ini, petugas membantu melepaskan jari seorang remaja yang tersangkut ring besi di Jalan Raya Genteng Wetan, Kecamatan Genteng https://t.co/z7BxzY6BeF","2043622892525736078","https://pbs.twimg.com/ext_tw_video_thumb/2043622819263823872/pu/img/wrNQNjOunTdXZvn9.jpg","","in","","0","0","0","https://x.com/BwiDamkar/status/2043622892525736078","1620611682069544970","BwiDamkar"
"2042794264783130824","2026-04-11T02:38:00.000Z","0","Tim Rescue DAMKAR BS menindak lanjuti laporan Ibu Desy untuk mengevakuasi ular piton pada hari Sabtu, 11 April 2026 pukul 08.18 WIB. 

Lokasi Ular Piton tersebut berada di Jl. SMA Karya, Kota Manna, tepatnya di kandang ayam belakang rumah pelapor.
 https://t.co/0NQuRFDR8o","2042794264783130824","","","in","","0","0","0","https://x.com/damkarbs/status/2042794264783130824","1390080853569458177","damkarbs"
"2044026441424335085","2026-04-14T12:14:14.000Z","0","Anggota Satgas DAMKAR BS menindaklanjuti laporan warga Batu Kuning untuk membersihkan Jl. Iskandar Baksir yang licin akibat tumpahan minyak pada hari Selasa, 14 April 2026 pukul 17.35 WIB. 

#damkar #pemadamkebakaran #bengkuluselatan #membara

https://t.co/aiySUhHs5d","2044026441424335085","","","in","","0","0","0","https://x.com/damkarbs/status/2044026441424335085","1390080853569458177","damkarbs"
"2041833867347468638","2026-04-08T11:01:44.000Z","13","Pemadam kebakaran di Indonesia merupakan urusan wajib pelayanan dasar yang dikelola pemerintah daerah (Kabupaten/Kota), sehingga tidak memiliki satu ""pemimpin tertinggi"" tunggal seperti militer. 

Secara struktural, kebijakan Damkar secara nasional dibina oleh Menteri Dalam https://t.co/Gll9CManPq","2041833867347468638","https://pbs.twimg.com/media/HFYNEvqbUAAVkXO.jpg","","in","","0","3","2","https://x.com/LambeSahamjja/status/2041833867347468638","1772323119111487490","LambeSahamjja"
"2039516362696200363","2026-04-02T01:32:47.000Z","2","🚨 Ledakan hebat terjadi di Stasiun Pengisian Bulk Elpiji (SPBE) Cimuning, Mustikajaya, Kota Bekasi, Rabu malam (1/4).

Diduga akibat kebocoran gas saat proses pengisian, 10 orang mengalami luka bakar serius dan langsung dilarikan ke rumah sakit.

Tim pemadam kebakaran masih https://t.co/gRLngvNLHW","2039516362696200363","https://pbs.twimg.com/media/HE3RTU2acAAotzY.png","","in","","0","1","0","https://x.com/AchmadFahar/status/2039516362696200363","88183885","AchmadFahar"
"2042165178234773945","2026-04-09T08:58:14.000Z","10","Yuk bantu !!!!

Susunlah kalimat dengan sehingga menjadi rangkain satu peristiwa.

Mobil polisi berjalan terlebih dahulu memberikan pengawalan mobil ambulan karena sedang membawa pasien darurat, sedangkan selanjutnya mobil pemadam kebakaran krn  mau mengisi BBm di Pom bensin, https://t.co/ZkMYMfSnWg","2042165178234773945","https://pbs.twimg.com/media/HFc48w8a4AAI67c.png","","in","","0","4","5","https://x.com/Gendoet3G/status/2042165178234773945","1938076244492619777","Gendoet3G"
"2053743170094297419","2026-05-11T07:45:03.000Z","0","͏

͏

͏

͏

͏

͏

͏

͏

͏

͏

͏

͏

͏

͏

͏

͏

͏

͏

͏

͏

͏

͏

͏

͏

͏

͏

͏

͏

͏

͏

͏

͏

͏

͏

͏

͏

͏

͏

͏

͏

͏

͏

͏

͏

͏

͏

͏

͏

͏

͏

͏

͏

͏

͏

͏

͏

͏

͏͏

͏

͏

͏

͏

͏

͏

͏

͏

͏

͏

͏

͏

͏

͏

͏

͏

͏

͏

͏

͏

͏

͏

͏

͏

Pembersihan tl 5","2053743170094297419","","","und","","0","0","0","https://x.com/___Dwi/status/2053743170094297419","854135521","___Dwi"
"2037737694000763332","2026-03-28T03:45:00.000Z","1","Dunia maya kembali dihebohkan dengan berbagai fenomena. Mulai dari munculnya lubang raksasa di Desa Pondok Balik, Aceh Tengah yang kian meluas, hingga video viral yang diklaim sebagai meteor jatuh di area persawahan. Di sisi lain, kinerja Pemadam Kebakaran mendapat apresiasi https://t.co/nMxuGYwumH","2037737694000763332","https://pbs.twimg.com/amplify_video_thumb/2037471959580319745/img/JKD301IfXzGN2FnV.jpg","","in","","0","0","2","https://x.com/KompasTV/status/2037737694000763332","71436318","KompasTV"
"2034469329153167753","2026-03-19T03:17:41.000Z","0","Petugas pemadam kebakaran membantu para pengendara yang kepanasan di kawasan Pelabuhan Gilimanuk dengan menyemprotkan air menggunakan selang pemadam. 
#inilahNews #Mudik #PelabuhanGilimanuk #Damkar #kenzobet https://t.co/66WABSglv2","2034469329153167753","https://pbs.twimg.com/amplify_video_thumb/2034468910561685504/img/3Nw5kHRrXWiVHMcL.jpg","","in","","0","0","0","https://x.com/Adindamaya17715/status/2034469329153167753","2017454898233937923","Adindamaya17715"
"2040391434713641022","2026-04-04T11:30:01.000Z","1","(Sabtu, 4 April 2026)—Kepala Dinas Gulkarmat Provinsi DKI Jakarta, Bayu Meghantara, memimpin langsung operasi pemadaman kebakaran yang terjadi di Jalan Cendrawasih Raya No. 68, Cengkareng, Jakarta Barat.

#KebakaranCengkareng #PemadamJakarta #JagaJakarta – @dkijakarta https://t.co/asHzI3nor8","2040391434713641022","https://pbs.twimg.com/media/HFDtMC3bUAAxg_j.jpg","","in","","0","1","1","https://x.com/humasjakfire/status/2040391434713641022","555862521","humasjakfire"
"2036659338316546456","2026-03-25T04:20:00.000Z","7","Pesawat Air Canada Express alami insiden tabrakan dengan kendaraan pemadam kebakaran di New York, AS. Rekaman ATC bandara tunjukkan momen adanya teriakan ""stop"" sebelum tabrakan itu terjadi. https://t.co/8OP0k59Jaa","2036659338316546456","","","in","","0","1","0","https://x.com/detikcom/status/2036659338316546456","69183155","detikcom"
"2037476660690461098","2026-03-27T10:27:45.000Z","8","Seorang kanak-kanak lelaki berusia empat tahun maut selepas lori tanpa muatan yang dinaiki bersama bapanya terbakar dalam kejadian di Iskandar Halal Park, Cahaya Baru, Pasir Gudang, pagi tadi.

Orang awam dilaporkan cuba memadam kebakaran menggunakan beberapa alat pemadam api https://t.co/TnZ13OCq1c","2037476660690461098","https://pbs.twimg.com/amplify_video_thumb/2037476289385574400/img/yc638_g-5yJvFasu.jpg","","in","","2","0","4","https://x.com/Scoopdotmy/status/2037476660690461098","1681325271750955008","Scoopdotmy"
"2032705165938274410","2026-03-14T06:27:32.000Z","5","Satu Tujuan Semua Selamat di Pelintasan

#Railfriends, bagi petugas pemadam kebakaran, setiap detik adalah pertaruhan nyawa. Mereka terbiasa berlari saat orang lain menjauh dari bahaya. Namun ada satu tempat di mana mereka memilih berhenti sejenak yaitu pelintasan sebidang kereta https://t.co/6xeRqQlCsN","2032705165938274410","https://pbs.twimg.com/amplify_video_thumb/2032704978746486791/img/wvyUIPt37P7LOHBg.jpg","","in","","0","0","1","https://x.com/keretaapikita/status/2032705165938274410","378403540","keretaapikita"
"2037813506809163945","2026-03-28T08:46:15.000Z","116","Akan menyaingi pemadam kebakaran https://t.co/T1ETiBkjfF","2037813506809163945","https://pbs.twimg.com/media/HEfElSabYAA7pWU.jpg","","in","","0","20","15","https://x.com/myshawti/status/2037813506809163945","1156869918370873344","myshawti"
"2039392839453573260","2026-04-01T17:21:57.000Z","0","aneh anying warga""idiot tbtb hujat pemadam kebakaran anying dikira telat dateng, dia bukan telat dateng cok toh damkar bukan dukun yg bisa tebak kapan kebakaran terjadi🙄","2039392839453573260","","","in","","0","0","0","https://x.com/sukayupi_/status/2039392839453573260","1226517801378050049","sukayupi_"
"2041055886228251126","2026-04-06T07:30:18.000Z","1","Dalam rangka mendukung Gerakan Banyuwangi ASRI (Aman, Sehat, Resik, dan Indah), serta mendukung efisiensi dan hemat energi, ASN Dinas Pemadam Kebakaran Dan Penyelamatan Kabupaten Banyuwangi mengawali aktivitas kerja dengan Ngantor Sehat Go To Damkarmat. https://t.co/yEr2q3Ej3Q","2041055886228251126","https://pbs.twimg.com/ext_tw_video_thumb/2041055839256223744/pu/img/99QHu_w7ZemVMmhq.jpg","","in","","0","0","0","https://x.com/BwiDamkar/status/2041055886228251126","1620611682069544970","BwiDamkar"
"2039366300942913747","2026-04-01T15:36:30.000Z","27","22.34 : Terjadi kebakaran di sebuah gudang gas SPBE di jalan Cinyosog, Kel. Cimuning, Kec. Mustikajaya, Bekasi Timur. Saat ini petugas pemadam sudah dilokasi kejadian, dan sebanyak 6 unit sedang melakukan pemadaman. (P. Zulkarnain) https://t.co/OBpugnwFZY","2039366300942913747","https://pbs.twimg.com/amplify_video_thumb/2039365811572469760/img/HciEaaXon99pn5Tf.jpg","","in","","0","1","11","https://x.com/RadioElshinta/status/2039366300942913747","121640063","RadioElshinta"
"2040687774983155847","2026-04-05T07:07:34.000Z","1","Dinas Pemadam Kebakaran dan Penyelamatan Kabupaten Banyuwangi kembali melaksanakan tugas penyelamatan non-kebakaran berupa penanganan sarang lebah yang berada di lingkungan warga. https://t.co/XMFi5Sxiab","2040687774983155847","https://pbs.twimg.com/ext_tw_video_thumb/2040687656976437248/pu/img/DYwwQUBQ3fDY84zY.jpg","","in","","0","0","0","https://x.com/BwiDamkar/status/2040687774983155847","1620611682069544970","BwiDamkar"
"2039684197334303153","2026-04-02T12:39:42.000Z","1","Dinas Pemadam Kebakaran dan Penyelamatan (Disdamkarmat) Kota Bekasi menyatakan kebakaran di area SPBE Jalan Cinyosog, Kelurahan Cimuning, Kecamatan Mustika Jaya, Kota Bekasi, Rabu (1/4) malam, diduga dipicu kebocoran gas.

Peristiwa tersebut juga mengakibatkan 12 orang menjadi https://t.co/efiC5yuNQK","2039684197334303153","https://pbs.twimg.com/amplify_video_thumb/2039684081001357312/img/QnMU4U1s61PjC91g.jpg","","in","","0","0","0","https://x.com/antaranews/status/2039684197334303153","18071520","antaranews"
"2040264367779053632","2026-04-04T03:05:06.000Z","0","Tinggal di lantai 47 memang jadi bisa melihat beberapa kejadian kebakaran di kejauhan. Pagi ini ramai lagi suara sirine pemadam kebakaran. Semoga lekas terkendali dan tidak ada korban jiwa 🙏 https://t.co/5BdIJW5Oh8","2040264367779053632","https://pbs.twimg.com/media/HFB5oDBb0AEc6Or.jpg","","in","","0","1","0","https://x.com/IgnatiusAryono/status/2040264367779053632","538122224","IgnatiusAryono"
"2042207342599840246","2026-04-09T11:45:47.000Z","1","18.45: Kebakaran sekitar 5 toko di Pasar Kota Gunung Sitoli, dan diperkirakan bisa bertambah karena api masih menyala, sudah ada 2 mobil pemadam dilokasi. P. Hani https://t.co/Ew7MKqzxt8","2042207342599840246","https://pbs.twimg.com/amplify_video_thumb/2042207260940828672/img/t02XF6aTvU7HuTZ2.jpg","","in","","0","0","0","https://x.com/RadioElshinta/status/2042207342599840246","121640063","RadioElshinta"
"2036244116628189523","2026-03-24T00:50:03.000Z","7","Horor Footage : Video menunjukkan penerbangan Air Canada AC8646 bertabrakan dengan truk pemadam kebakaran Otoritas Pelabuhan di Bandara LaGuardia.

Kedua pilot tewas. Puluhan penumpang dan dua orang di truk tersebut terluka.

Bandara LaGuardia tetap ditutup sementara NTSB https://t.co/B4h1f3CK37","2036244116628189523","https://pbs.twimg.com/ext_tw_video_thumb/2036244105135792129/pu/img/FkdivW3m-8ojyB5b.jpg","","in","","0","0","1","https://x.com/ingpoX/status/2036244116628189523","1970364492472291328","ingpoX"
"2042565372872921225","2026-04-10T11:28:28.000Z","0","Kebakaran melanda Velodrome Olimpiade di Rio de Janeiro, Brasil (8/4) dini hari hingga menghanguskan seluruh bagian atap stadion. Sekitar 80 petugas pemadam dan 20 truk dikerahkan untuk memadamkan api.

Tidak ada korban jiwa dalam kejadian ini. Meski bagian atap hangus, lintasan https://t.co/sWNP6XGasE","2042565372872921225","https://pbs.twimg.com/amplify_video_thumb/2042565282309509123/img/hBNi0E8lBgL4e6af.jpg","","in","","0","0","0","https://x.com/antaranews/status/2042565372872921225","18071520","antaranews"
"2042103050563940381","2026-04-09T04:51:22.000Z","2","Surakarta - Kodim 0735/Surakarta bekerja sama dengan Dinas Pemadam Kebakaran (Damkar) Kota Surakarta menggelar sosialisasi dan simulasi pemadaman kebakaran bertempat di Lapangan Apel Makodim, Jln. A Yani No.349, Kelurahan Kerten, Kecamatan Laweyan, Rabu  (08/04/2026). https://t.co/8Z5uLJSsgO","2042103050563940381","https://pbs.twimg.com/media/HFcB4xqa8AMxP95.jpg","","in","","0","1","0","https://x.com/kodim0735/status/2042103050563940381","857424694621818884","kodim0735"
"2039008382687035626","2026-03-31T15:54:16.000Z","1","Dalam upaya menjaga kondusivitas wilayah dan mengantisipasi potensi gangguan keamanan serta bencana, personel Koramil 1420-02/Tellu Limpoe bersama petugas Pemadam Kebakaran (Damkar) menggelar patroli Siskamling terpadu di wilayah Kec Tellu Limpoe, Kab Sidrap, Selasa (31/03/2026). https://t.co/BF6JOoZ0P9","2039008382687035626","https://pbs.twimg.com/media/HEwDUSabwAA8F11.jpg","","in","","0","0","0","https://x.com/1420_sidrap/status/2039008382687035626","1616955567876222976","1420_sidrap"
"2043255023183057035","2026-04-12T09:08:54.000Z","445","Aksi Heroik Pemadam Kebakaran 🔥🔥🔥

Salut dengan para petugas Damkar, Kerjanya lebih dapat dirasakan NYATA oleh masyarakat ketimbang yang onoh 🥱 https://t.co/Z4JjmxmHgH","2043255023183057035","https://pbs.twimg.com/ext_tw_video_thumb/2043254972922675200/pu/img/dvoY5h3wOCNT34Hu.jpg","","in","","1","11","90","https://x.com/BangPino__/status/2043255023183057035","1132425764622675969","BangPino__"
"2053743217871557031","2026-05-11T07:45:14.000Z","0","͏

͏

͏

͏

͏

͏

͏

͏

͏

͏

͏

͏

͏

͏

͏

͏

͏

͏

͏

͏

͏

͏

͏

͏

͏

͏

͏

͏

͏

͏

͏

͏

͏

͏

͏

͏

͏

͏

͏

͏

͏

͏

͏

͏

͏

͏

͏

͏

͏

͏

͏

͏

͏

͏

͏

͏

͏

͏͏

͏

͏

͏

͏

͏

͏

͏

͏

͏

͏

͏

͏

͏

͏

͏

͏

͏

͏

͏

͏

͏

͏

͏

͏

Pembersihan tl 4","2053743217871557031","","","und","","0","0","0","https://x.com/___Dwi/status/2053743217871557031","854135521","___Dwi"
"2053743270099091879","2026-05-11T07:45:26.000Z","0","͏

͏

͏

͏

͏

͏

͏

͏

͏

͏

͏

͏

͏

͏

͏

͏

͏

͏

͏

͏

͏

͏

͏

͏

͏

͏

͏

͏

͏

͏

͏

͏

͏

͏

͏

͏

͏

͏

͏

͏

͏

͏

͏

͏

͏

͏

͏

͏

͏

͏

͏

͏

͏

͏

͏

͏

͏

͏͏

͏

͏

͏

͏

͏

͏

͏

͏

͏

͏

͏

͏

͏

͏

͏

͏

͏

͏

͏

͏

͏

͏

͏

͏

Pembersihan tl 3","2053743270099091879","","","und","","0","0","0","https://x.com/___Dwi/status/2053743270099091879","854135521","___Dwi"
"2036022085362004468","2026-03-23T10:07:47.000Z","3","Sebuah insiden tragis terjadi dalam tabrakan Air Canada di landasan Bandara LaGuardia, New York, Amerika Serikat, Minggu (22/3/2026) malam waktu setempat. 

Pesawat yang membawa puluhan orang menabrak truk pemadam kebakaran saat berada di runway.

https://t.co/8cEyzv4Y3t","2036022085362004468","","","in","","0","0","1","https://x.com/kompascom/status/2036022085362004468","23343960","kompascom"
"2041883702180094030","2026-04-08T14:19:45.000Z","1","Dinas Pemadam Kebakaran dan Penyelamatan (Damkarmat) Kabupaten Banyuwangi bersama Tim SAR Gabungan berhasil menemukan seorang lanjut usia yang sebelumnya dilaporkan hilang saat pergi ke kebun di Desa Tambong, Kecamatan Kabat, pada Rabu (8/4/2026). https://t.co/96XXCKAT72","2041883702180094030","https://pbs.twimg.com/ext_tw_video_thumb/2041883445715202055/pu/img/8DcX7VCuH_NTjZWy.jpg","","in","","0","0","0","https://x.com/BwiDamkar/status/2041883702180094030","1620611682069544970","BwiDamkar"
"2038604941376549335","2026-03-30T13:11:08.000Z","35","Kebakaran hebat melanda zona industri Ne'ot Hovav di dekat Beersheba, Israel Selatan, pada Minggu (29/3) menyusul serangan udara yang dilancarkan oleh Iran. Kepulan asap hitam pekat membubung tinggi dari kompleks gudang saat tim pemadam kebakaran berupaya mengendalikan api. https://t.co/tAiuVWkYyn","2038604941376549335","https://pbs.twimg.com/amplify_video_thumb/2038603876329525248/img/7vQ8A6ScA1xlV42A.jpg","","in","","0","0","4","https://x.com/Metro_TV/status/2038604941376549335","57261519","Metro_TV"
"2038546472975970313","2026-03-30T09:18:48.000Z","2","Kebakaran melanda sebuah pabrik helm di Kecamatan Rumpin, Kabupaten Bogor, pada Senin (30/3) pagi. Asap hitam terlihat membumbung dari lokasi saat api masih berkobar.

Petugas pemadam kebakaran telah dikerahkan untuk menangani kebakaran. Penyebab kejadian dan kemungkinan adanya https://t.co/n79qn8hJUm","2038546472975970313","https://pbs.twimg.com/amplify_video_thumb/2038546376318164992/img/HJatOfZNfmD1NcOA.jpg","","in","","0","0","1","https://x.com/antaranews/status/2038546472975970313","18071520","antaranews"
"2035571788697207006","2026-03-22T04:18:28.000Z","98","Militer Israel menyampaikan sebuah rudal Iran telah menghantam Kota Dimona. Lokasi tersebut merupakan tempat fasilitas nuklir berada.

Petugas pemadam kebakaran Israel melaporkan serangan langsung di sebuah kota di Israel selatan itu menyebabkan kerusakan parah pada beberapa https://t.co/4o5pZSMp9B","2035571788697207006","https://pbs.twimg.com/amplify_video_thumb/2035571674444394497/img/_dPS_36a8-kg59TZ.jpg","","in","","2","7","30","https://x.com/inilahdotcom/status/2035571788697207006","46693036","inilahdotcom"
"2041833500995707242","2026-04-08T11:00:16.000Z","0","Kebakaran besar melanda gudang Kimberly-Clark di Ontario, California, memicu respons darurat besar-besaran dengan lebih dari 100 petugas pemadam kebakaran yang berjuang memadamkan api. Pihak berwenang mengatakan seorang tersangka pembakaran ditangkap. https://t.co/FDlYvOoXQR","2041833500995707242","https://pbs.twimg.com/ext_tw_video_thumb/2041833458910056448/pu/img/C73mK6W9AtdOWBaM.jpg","","in","","0","0","0","https://x.com/TRTindonesia/status/2041833500995707242","1793626602623897601","TRTindonesia"
"2041285646015459335","2026-04-06T22:43:17.000Z","3","Breaking ❗❗
kebakaran hebat melanda rumah mewah sekawanan tawon vespa dan merenggut nyawa semua penghuninya malam hari tadi. 

Api diduga berasal dari petugas pemadam kebakaran setempat. 

Selamat pagi, selamat beraktivitas jangan semangat tetap putus asa https://t.co/WXCUje1IQe","2041285646015459335","https://pbs.twimg.com/ext_tw_video_thumb/2041285596577247232/pu/img/iPOL1LwQTD90ADOz.jpg","","in","","0","6","0","https://x.com/JokoSan93964435/status/2041285646015459335","1075569499363979264","JokoSan93964435"
"2038378418526708012","2026-03-29T22:24:02.000Z","80","🇮🇷🇮🇱⚡️ – Petugas pemadam kebakaran Israel di Be'er Sheva setelah serangan Iran terhadap pabrik kimia:

""Siapa pun yang saat ini berada di jalur aliran asap, harus segera meninggalkan area tersebut karena adanya kebocoran gas berbahaya.""

Ledakan susulan terlihat di belakangnya https://t.co/VcqieFGhEw","2038381696744391048","https://pbs.twimg.com/amplify_video_thumb/2038381497921728512/img/6yDCxhZGqJa4YRZV.jpg","SoftWarNews","in","","0","0","18","https://x.com/SoftWarNews/status/2038381696744391048","2256063276","SoftWarNews"
"2041777428645998981","2026-04-08T07:17:28.000Z","0","Dalam 3 bulan terakhir atau periode Januari hingga Maret kemarin, Pemadam Kebakaran (Damkar) Kota Blitar telah menangani 146 kasus non-kebakaran yang didominasi evakuasi sarang tawon Vespa.

Bayu Wijayanto, Kepala UPT Pemadam Kebakaran (Damkar) Kota Blitar mengatakan Januari

[1] https://t.co/Ka1OcGy746","2041777428645998981","https://pbs.twimg.com/media/HFXZu9Va8AEot2Q.jpg","","in","","0","1","0","https://x.com/radiopatria/status/2041777428645998981","100132119","radiopatria"
"2041456028395409815","2026-04-07T10:00:20.000Z","0","Jembatan Amerika di ibu kota Panama, Panama City, ditutup sementara setelah truk tangki terbakar dan meledak pada tanggal 6 April. 

Dinas pemadam kebakaran kota tersebut mengkonfirmasi bahwa satu orang tewas dan dua petugas pemadam kebakaran terluka dalam insiden tersebut. https://t.co/VKaZn8dbAE","2041456028395409815","https://pbs.twimg.com/ext_tw_video_thumb/2041455992089518080/pu/img/N-iZgoI8MEb5XdEn.jpg","","in","","0","0","0","https://x.com/TRTindonesia/status/2041456028395409815","1793626602623897601","TRTindonesia"
"2043180646873633002","2026-04-12T04:13:21.000Z","1","Dalam upaya meningkatkan kesadaran serta pengetahuan masyarakat mengenai pentingnya keselamatan, Dinas Pemadam Kebakaran dan Penyelamatan (Damkarmat) Kabupaten Banyuwangi turut berpartisipasi dalam kegiatan Car Free Day (CFD). https://t.co/bfGBZHJWGZ","2043180646873633002","https://pbs.twimg.com/ext_tw_video_thumb/2043180600740478976/pu/img/3LOXSgEqHoz6VCOz.jpg","","in","","0","0","0","https://x.com/BwiDamkar/status/2043180646873633002","1620611682069544970","BwiDamkar"
"2039253932778885333","2026-04-01T08:09:59.000Z","0","Selamat HUT ke-6 REDKAR

Enam tahun sudah REDKAR (Relawan Pemadam Kebakaran) mengabdi tanpa lelah, hadir di garis depan untuk melindungi masyarakat dari bahaya kebakaran

Semoga REDKAR semakin solid, profesional, dan terus menjadi garda terdepan dalam pelayanan kemanusiaan https://t.co/udCb5wzUbu","2039253932778885333","https://pbs.twimg.com/media/HEziozyaEAAMEQi.jpg","","in","","0","0","0","https://x.com/radio_kotabatik/status/2039253932778885333","214386161","radio_kotabatik"
"2038097006753710349","2026-03-29T03:32:47.000Z","13","Kebakaran hebat melanda tangki bahan bakar di Bandara Internasional Kuwait setelah serangan drone yang terjadi pada Rabu (25/4). Rekaman yang dirilis pihak militer Kuwait menunjukkan upaya intensif petugas pemadam dalam menjinakkan api yang berkobar di area penyimpanan bahan https://t.co/GhgFRtL63q","2038097006753710349","https://pbs.twimg.com/amplify_video_thumb/2038096638183661568/img/LZBhBXSEKQOBypQB.jpg","","in","","0","0","1","https://x.com/Metro_TV/status/2038097006753710349","57261519","Metro_TV"
"2042979892854428101","2026-04-11T14:55:37.000Z","0","Satuan  Polisi Pamong Praja (Satpol PP) dan Pemadam Kebakaran (Damkar) Padang  Pariaman menangkap 13 perempuan pemandu karaoke di Kecamatan Lubuk Alung  pada Jumat (10/4/2026) dini hari. https://t.co/mPblUk8Xfm","2042979892854428101","https://pbs.twimg.com/media/HFofMzZakAIwJuC.jpg","","in","","0","1","0","https://x.com/sumbarkitaid_/status/2042979892854428101","1886311304702681088","sumbarkitaid_"
"2039312118164636100","2026-04-01T12:01:12.000Z","15","165 cm bukan pemadam kebakaran https://t.co/AzZ6e0LgCk","2039312118164636100","https://pbs.twimg.com/media/HE0Xjx3bAAA1GVY.jpg","","in","","0","10","1","https://x.com/Ahmaadnajib/status/2039312118164636100","994388782467051520","Ahmaadnajib"
"2038427560338657725","2026-03-30T01:26:17.000Z","352","INFO TERKINI PERANG IRAN VS AS-ISRAEL

Pusat kota Tel Aviv malam ini memperlihatkan mobil-mobil terbakar, amunisi tandan berserakan di jalanan, pecahan peluru tertanam di gedung-gedung, petugas pemadam kebakaran menerobos pemandangan neraka apokaliptik berupa api oranye dan asap https://t.co/0tpt13nmxw","2038427560338657725","https://pbs.twimg.com/amplify_video_thumb/2038427112957419520/img/5bPiy23teDHfhwGE.jpg","","in","","2","6","87","https://x.com/Furqanjurdi1/status/2038427560338657725","1058006842444378112","Furqanjurdi1"
"2038449475488997540","2026-03-30T02:53:22.000Z","8","Sebuah gudang di kawasan industri Ne’ot Hovav, dekat Beersheba, terbakar pada Minggu (29/3) setelah terdampak serangan Iran ke wilayah selatan Israel.

Petugas pemadam kebakaran berjibaku memadamkan api, sementara asap tebal membumbung tinggi dari area terdampak.

Tim dari https://t.co/X9nMzlgQyb","2038449475488997540","https://pbs.twimg.com/amplify_video_thumb/2038449378751635456/img/UVfCx5C8GepsGgVm.jpg","","in","","0","0","1","https://x.com/Metro_TV/status/2038449475488997540","57261519","Metro_TV"
"2053743317607956900","2026-05-11T07:45:38.000Z","0","͏

͏

͏

͏

͏

͏

͏

͏

͏

͏

͏

͏

͏

͏

͏

͏

͏

͏

͏

͏

͏

͏

͏

͏

͏

͏

͏

͏

͏

͏

͏

͏

͏

͏

͏

͏

͏

͏

͏

͏

͏

͏

͏

͏

͏

͏

͏

͏

͏

͏

͏

͏

͏

͏

͏

͏

͏

͏͏

͏

͏

͏

͏

͏

͏

͏

͏

͏

͏

͏

͏

͏

͏

͏

͏

͏

͏

͏

͏

͏

͏

͏

͏

Pembersihan tl 2","2053743317607956900","","","und","","0","0","0","https://x.com/___Dwi/status/2053743317607956900","854135521","___Dwi"
"2038086661448540422","2026-03-29T02:51:40.000Z","24","Penyelamatan seorang warga Iran dari reruntuhan akibat serangan udara di sekitar Teheran berkat upaya petugas pemadam kebakaran dan tim penyelamat Bulan Sabit Merah.🥹💔 https://t.co/gAt27Bjs0l","2038086661448540422","https://pbs.twimg.com/ext_tw_video_thumb/2038086629869654016/pu/img/VnVo4mt4hJE5vQb7.jpg","","in","","0","0","10","https://x.com/Basheera_Putry/status/2038086661448540422","1411746201905426434","Basheera_Putry"
"2039287075909021853","2026-04-01T10:21:41.000Z","133","Tribut Timnas Iran untuk Korban AS-Israel

Timnas sepakbola Iran kembali memberikan penghormatan untuk para korban kebiadaban serangan yang dilakukan AS-Israel. Para pemain memegang foto-foto dari para korban seperti petugas Bulan Sabit Merah hingga petugas pemadam kebakaran. https://t.co/8Igqdvfb3l","2039287075909021853","https://pbs.twimg.com/amplify_video_thumb/2039286859344568320/img/tnuDetHtFIeKkrIX.jpg","","in","","0","7","43","https://x.com/mediaindonesia/status/2039287075909021853","68930552","mediaindonesia"
"2037125605100343606","2026-03-26T11:12:46.000Z","0","🔮 TAFSIR MIMPI: mimpi jadi pemadam kebakaran 

Mimpi menjadi pemadam kebakaran (damkar) adalah cita-cita mulia yang didasari keinginan untuk membantu masyarakat dalam penanganan kebakaran, penyelamatan, dan penanggulangan bencana lainnya
#paranormal #spiritualtogel #angkagaib https://t.co/5gT2CWzyKv","2037125605100343606","https://pbs.twimg.com/amplify_video_thumb/2037125011648212992/img/oqfl9gi1wLwuDnk5.jpg","","in","","0","0","0","https://x.com/aman_shiowla/status/2037125605100343606","2024144954009014272","aman_shiowla"
"2038382946399453447","2026-03-29T22:29:00.000Z","381","🇹🇷 ""Serangan demi serangan dari Iran.""

Sebuah saluran televisi Turki merekam momen ketika petugas pemadam kebakaran Israel merunduk ke tanah saat sirene kembali berbunyi ketika berupaya memadamkan api di kompleks kimia Ramat Hovav.

Para pejabat Israel awalnya mengklaim https://t.co/2SxffZwb2G","2038382946399453447","https://pbs.twimg.com/amplify_video_thumb/2038382656078114816/img/2CZ-noPY72ZLzwQn.jpg","","in","","0","1","112","https://x.com/SoftWarNews/status/2038382946399453447","2256063276","SoftWarNews"
"2042885957070807487","2026-04-11T08:42:21.000Z","26","PEMADAM KEBAKARAN JANGAN DIKASIH LEWAT, BIARKAN PASSION MEMBARA HARI INI🔥🔥
ALIASSS BAGUS BGT WOY MV LO!! minus tayang delay TAPI GAPAPA YANG PENTING BAGUS😭😭🔥🔥","2042885957070807487","","","in","","0","0","5","https://x.com/vvotanet/status/2042885957070807487","1394249284736864258","vvotanet"
"2042880860819439903","2026-04-11T08:22:06.000Z","43","Halo BEUS indonesia, untuk merayakan Birthday  HEART, temukan poster HEART ya!🩷

📍 Blok M, Jakarta
Detail lokasi: 
- Blok M Hub depan pintu keluar dan masuk di bawah mrt 
- Pemadam kebakaran samping M hotel 
- tiang listrik Samping m hotel 

jika menemukan jangan lupa untuk https://t.co/kyFRmCaeb8","2042880860819439903","https://pbs.twimg.com/media/HFnFSvvakAkIZ0B.jpg","","in","","3","1","54","https://x.com/HEARTCHUINA/status/2042880860819439903","2039137543048880128","HEARTCHUINA"
"2042473410018885724","2026-04-10T05:23:02.000Z","1","EKSKLUSIF: DAMKAR SEMARANG BINGUNG MELIHAT 'KUCING' BERSISIK DAN BEREKOR TERJEBAK! 

Dinas Pemadam Kebakaran Semarang (DAMKAR) menghadapi penyelamatan paling membingungkan mereka di Taman Bunga Celosia.  Meskipun panggilan darurat melaporkan 'kucing sedih terjebak di pohon,' https://t.co/8lCkonZRiF","2042473410018885724","https://pbs.twimg.com/ext_tw_video_thumb/2042473393413636101/pu/img/mUugr1r6ABXbiZ4i.jpg","","in","","0","0","0","https://x.com/KevinYusuf16/status/2042473410018885724","1300329386097258496","KevinYusuf16"
"2039599749721194545","2026-04-02T07:04:08.000Z","1","Viral! Respon Cepat Tidak Hanya Damkar, Mobil AWC Brimob Jadi Pemadam di NTB Aksi sigap ditunjukkan personel Brimob Polda NTB saat kebakaran melanda kawasan Ampenan, Mataram pada 30 Maret 2026. Kebakaran hebat yang melibatkan gudang oli membuat api cepat membesar dan sulit https://t.co/PqLNRlm0uT","2039599749721194545","https://pbs.twimg.com/amplify_video_thumb/2039599669760933888/img/9tn6LKU66sKZKLSY.jpg","","in","","0","1","0","https://x.com/bukan_fufufafa_/status/2039599749721194545","1448884002186694658","bukan_fufufafa_"
"2053743365108449427","2026-05-11T07:45:49.000Z","0","͏

͏

͏

͏

͏

͏

͏

͏

͏

͏

͏

͏

͏

͏

͏

͏

͏

͏

͏

͏

͏

͏

͏

͏

͏

͏

͏

͏

͏

͏

͏

͏

͏

͏

͏

͏

͏

͏

͏

͏

͏

͏

͏

͏

͏

͏

͏

͏

͏

͏

͏

͏

͏

͏

͏

͏

͏

͏͏

͏

͏

͏

͏

͏

͏

͏

͏

͏

͏

͏

͏

͏

͏

͏

͏

͏

͏

͏

͏

͏

͏

͏

͏

Pembersihan tl 1","2053743365108449427","","","und","","0","0","0","https://x.com/___Dwi/status/2053743365108449427","854135521","___Dwi"
"2033160785309106431","2026-03-15T12:38:00.000Z","1","Sigap dan humanis! Pamapta Polres Ternate bersama personel Samapta Polres Ternate dan petugas Pemadam Kebakaran dan warga bahu-membahu memadamkan kebakaran rumah di RT 03/RW 02, Kelurahan Kampung Pisang, Kecamatan Ternate Tengah, Kota Ternate. https://t.co/dxXK5P0HHx","2033160785309106431","https://pbs.twimg.com/amplify_video_thumb/2033160717525024768/img/1R7NQWjndadPHfw2.jpg","","in","","0","0","0","https://x.com/HumasResTernate/status/2033160785309106431","950548150359441408","HumasResTernate"
"2035200727115563103","2026-03-21T03:44:00.000Z","0","Di Kapuas Hulu, perempuan kini memimpin kegiatan agroforestri, menjadi petugas patroli hutan dan pemadam kebakaran. Melalui proyek Climate Investment Funds &amp; ADB, partisipasi perempuan mencapai hampir 32% dalam 104 kelompok agroforestri. https://t.co/JEn03xVBBz #IntlForestDay https://t.co/hMSnlACHa5","2035200727115563103","https://pbs.twimg.com/media/HCJgcMGbMAAec9Y.jpg","","in","","0","0","0","https://x.com/ADBIndonesia/status/2035200727115563103","1118397098","ADBIndonesia"
"2039645961337929849","2026-04-02T10:07:46.000Z","0","Sobat Pemadam, Quick Submersible Pump menjadi unit andalan untuk menyedot air dari berbagai sumber di lokasi kebakaran.

Yuk, simak review selengkapnya di YouTube Pemadam Jakarta🙌🏻

Tautan YouTube: https://t.co/9Yy9hmIkPf 🙌🏻

#PemadamJakarta  #ReviewUnit - @dkijakarta https://t.co/2HNurdnShY","2039645961337929849","https://pbs.twimg.com/amplify_video_thumb/2039645767489753088/img/3QAckv6nw2WP_1Ja.jpg","","in","","0","0","0","https://x.com/humasjakfire/status/2039645961337929849","555862521","humasjakfire"
"2039156989461450884","2026-04-01T01:44:46.000Z","0","Lagi nganter anak ke daycare tiba2 di depan banyak mobil pemadam yang dateng, ternyata ada kebakaran di deket lampu merah kebon jeruk jalan panjang.
Semoga segera padam, selamat berjuang bapak-bapak. Terima kasih https://t.co/QI4lUIzhXh","2039156989461450884","https://pbs.twimg.com/media/HEyKdi0bkAA40mi.jpg","","in","","0","0","0","https://x.com/gigihadiguna/status/2039156989461450884","337620179","gigihadiguna"
"2036020391869878728","2026-03-23T10:01:03.000Z","8","Sebuah pesawat jet regional milik Air Canada mengalami kecelakaan setelah menabrak kendaraan pemadam kebakaran di landasan pacu Bandara LaGuardia, New York pada Minggu (22/3/2026) malam waktu setempat. Insiden tersebut menyebabkan dua orang meninggal dunia dan sejumlah lainnya https://t.co/SUU4wZVBKP","2036020391869878728","https://pbs.twimg.com/amplify_video_thumb/2036020138986950657/img/asDvwF5yfkUgk1T5.jpg","","in","","0","0","2","https://x.com/Beritasatu/status/2036020391869878728","154102750","Beritasatu"
"2040256197757215189","2026-04-04T02:32:38.000Z","1","Dinas Pemadam Kebakaran dan Penyelamatan (Damkarmat) Kabupaten Banyuwangi menangani kejadian kebakaran yang melalap tumpukan limbah sekam padi di area Pabrik PT. UD Mulya Agung pada Jumat, 03 April 2026. https://t.co/ET5ngORT23","2040256197757215189","https://pbs.twimg.com/ext_tw_video_thumb/2040256111727792128/pu/img/Ga_9ENFQWqeytbHM.jpg","","in","","0","0","0","https://x.com/BwiDamkar/status/2040256197757215189","1620611682069544970","BwiDamkar"
"2041025619212042487","2026-04-06T09:08:12.000Z","6","@screamderita Gawat!! Beliau tau guna nya Pemadam Kebakaran, kan Jagung nya kebakaran itu (mksdnya otw mateng) 😭😭 ya bener aja klo minta bantuan sama damkar","2041080521695142324","","screamderita","in","","0","1","0","https://x.com/imaaluvcutegirl/status/2041080521695142324","1883749875390746625","imaaluvcutegirl"
"2038489317795049867","2026-03-30T05:31:41.000Z","0","Anggota satgas DAMKAR BS menerima laporan dari Ibu Dayanti yang datang langsung ke Pos I Padang Panjang untuk meminta bantuan evakuasi cincin pada hari Senin, 30 Maret 2026 pukul 11.00 WIB. 

Menindaklanjuti laporan tersebut anggota
                 https://t.co/SwZMyDYwpC","2038489317795049867","","","in","","0","0","0","https://x.com/damkarbs/status/2038489317795049867","1390080853569458177","damkarbs"
"2038567118514573397","2026-03-30T10:40:50.000Z","0","Anggota Satgas DAMKAR BS menindaklanjuti laporan Bapak Ibnu Hajar untuk membersihkan saluran pembuangan air yang tersumbat pada hari Senin, 30 Maret 2026 pukul 14.30 WIB. 

Lokasi saluran pembuangan air tersebut berada di Jl. Harapan, Padang Sialang, 

https://t.co/1PoZXD2JVt","2038567118514573397","","","in","","0","0","0","https://x.com/damkarbs/status/2038567118514573397","1390080853569458177","damkarbs"
"2040082564766138599","2026-04-03T15:02:40.000Z","0","Satgas Pemadam Kebakaran menerima laporan terjadinya kebakaran badas di Gunung Kembang, Manna dari anggota Sdr. Elin pada hari Jumat, 3 April 2026 pukul 20.24 WIB dan langsung menuju lokasi untuk memadamkan kebakaran tersebut. 
                 https://t.co/KHS60FWEZm","2040082564766138599","","","in","","0","0","0","https://x.com/damkarbs/status/2040082564766138599","1390080853569458177","damkarbs"
"2040770090413731929","2026-04-05T12:34:39.000Z","1","Dinas Pemadam Kebakaran dan Penyelamatan (Damkarmat) Kabupaten Banyuwangi kembali menunjukkan respons cepat dalam penanganan kejadian non-kebakaran. Kali ini, petugas melakukan evakuasi seekor ular hijau berekor merah yang ditemukan di halaman rumah warga. https://t.co/x9hC2fKpGJ","2040770090413731929","https://pbs.twimg.com/ext_tw_video_thumb/2040769908410380288/pu/img/3rATOFzwwdFLI5Vm.jpg","","in","","0","0","0","https://x.com/BwiDamkar/status/2040770090413731929","1620611682069544970","BwiDamkar"
"2034217131026632788","2026-03-18T10:35:32.000Z","1","Sebanyak 18 unit mobil pemadam berhasil mengatasi kejadian kebakaran lapak usaha perkayuan di Jalan Kamal Raya, RT 12/03 Kelurahan Tegal Alur, Kecamatan Kalideres, Jakarta Barat, Rabu (18/3)

#BacadiBJ 
#beritajakarta 
#dkijakarta 
#jaki 
#welovejakarta 

https://t.co/vGJ4hAXCZj","2034217131026632788","","","in","","0","0","0","https://x.com/BeritaJakarta/status/2034217131026632788","213204035","BeritaJakarta"
"2036257943557951594","2026-03-24T01:45:00.000Z","0","Pesawat Air Canada tabrak truk Damkar di bandara. 

Menurut  Otoritas Bandara New York dan New Jersey, pesawat jenis Bombardier  CRJ-900 itu menabrak kendaraan penyelamat dan pemadam yang sedang  merespons insiden lain.
 
 Dua  orang tewas, yakni pilot dan kopilot pesawat. Selain https://t.co/DXvsJRCKfS","2036257943557951594","https://pbs.twimg.com/amplify_video_thumb/2036225986237440001/img/3WsF6qXf7-1_9Tk-.jpg","","in","","0","0","0","https://x.com/akuratco/status/2036257943557951594","786549338818224128","akuratco"
"2036040970568167547","2026-03-23T11:22:49.000Z","0","Insiden tragis terjadi di Bandara LaGuardia, New York, ketika sebuah pesawat regional milik Air Canada Express bertabrakan dengan truk pemadam kebakaran saat proses pendaratan, Minggu (22 Maret 2026) waktu setempat.

 https://t.co/yZDMwOWs8a","2036040970568167547","","","in","","0","0","0","https://x.com/indozonemedia/status/2036040970568167547","350668803","indozonemedia"
"2034729922409927105","2026-03-19T20:33:11.000Z","13","BREAKING NEWS: 
Si jago merah melahap sebuah gudang rongsok di Kelurahan Kalibaru, Bekasi, Kamis (19/3) siang. Saat ini petugas pemadam kebakaran sudah berada di lokasi dan tengah berupaya memadamkan api agar tidak merambat ke pemukiman sekitar. Tetap waspada bagi warga yang https://t.co/rmJ9uV5ERy","2034729922409927105","https://pbs.twimg.com/ext_tw_video_thumb/2034729895008583680/pu/img/GTBHBAOzrvTk3-AR.jpg","","in","","0","3","2","https://x.com/mrtweepsID/status/2034729922409927105","155157511","mrtweepsID"
"2032413971496702193","2026-03-13T11:10:25.000Z","1","guys catet ya nomer penting ini 
saat kalian mudik nanti.. 

siapa tau bisa membantu saat dibutuhkan

133 - call center Jasa Marga 
135 - Pertamina 
110 - Kepolisian
113 - Pemadam Kebakaran
115 - Basarnas
119 - Ambulan Kemenkes
117 - BNPB
158 - Kemen PU
151 - Kemenhub

contoh","2032413971496702193","","","in","","0","1","0","https://x.com/masbudisam/status/2032413971496702193","416930962","masbudisam"
"2036069200674849107","2026-03-23T13:15:00.000Z","1","Pesawat Air Canada Tabrak Truk Pemadam Kebakaran di AS, Pilot dan Kopilot Dilaporkan Tewas

https://t.co/yjLTqsquKm","2036069200674849107","","","in","","0","0","0","https://x.com/KompasTV/status/2036069200674849107","71436318","KompasTV"
"2036284663833174453","2026-03-24T03:31:10.000Z","14","Pesawat Air Canada alami kecelakaan di Bandara New York. Pesawat itu menabrak truk pemadam kebakaran. Pilot dan kopilot pesawat dilaporkan tewas.

https://t.co/caTc3sSK0q","2036284663833174453","","","in","","0","0","0","https://x.com/detikcom/status/2036284663833174453","69183155","detikcom"
"2036079219974066550","2026-03-23T13:54:49.000Z","3","Sebuah pesawat penumpang Air Canada bertabrakan dengan mobil pemadam kebakaran di landasan pacu Bandara LaGuardia New York, Amerika Serikat, Minggu malam waktu setempat.

🔽🔽🔽
Baca selengkapnya: https://t.co/4Kr35koppn https://t.co/PtEFBrUPpD","2036079219974066550","https://pbs.twimg.com/media/HEGbQfWaIAAeiL8.jpg","","in","","0","0","0","https://x.com/antaranews/status/2036079219974066550","18071520","antaranews"
"2035693189294899405","2026-03-22T12:20:52.000Z","0","Dini hari sunyi berubah bagi keluarga dan rekan pemadam kebakaran di Kabupaten Sumbawa. M. Solikin bin Abdullah, seorang Komandan Regu (Danru) di Pos Damkar Alas, gugur saat berjuang memadamkan kebakaran di Desa Kalimango, Kecamatan Alas, Minggu (22/3).

https://t.co/oDJs4PDBFw","2035693189294899405","","","in","","0","0","0","https://x.com/kabarbaikdotco/status/2035693189294899405","1686593862897426433","kabarbaikdotco"
"2032698355604652533","2026-03-14T06:00:28.000Z","3","Kemarin pagi ada kebakaran di dekat rumah. Sebuah gerai ayam goreng cepat saji terbakar saat karyawannya baru membuka toko.

Yang patut diapresiasi adalah kesigapan petugas pemadam kebakaran. Dalam sekitar 15 menit, beberapa unit mobil PMK sudah tiba dan siap menangani kejadian https://t.co/xAzAAVSgcF","2032698355604652533","https://pbs.twimg.com/media/HDWYQZGaMAIzHpO.jpg","","in","","0","2","0","https://x.com/sinyonamaqu/status/2032698355604652533","66011286","sinyonamaqu"
"2036296314695328065","2026-03-24T04:17:28.000Z","2","Sebuah pesawat milik maskapai Air Canada Express bertabrakan dengan kendaraan pemadam kebakaran. Tabrakan terjadi di landasan pacu Bandara LaGuardia New York, Amerika Serikat (AS). Berikut faktanya! 

https://t.co/PbxWsOGMat","2036296314695328065","","","in","","0","0","0","https://x.com/detikcom/status/2036296314695328065","69183155","detikcom"
"2033828086362607738","2026-03-17T08:49:37.000Z","0","Petugas pemadam kebakaran membantu para pengendara yang kepanasan di kawasan Pelabuhan Gilimanuk dengan menyemprotkan air menggunakan selang pemadam.

Aksi ini dilakukan di tengah cuaca panas dan kemacetan panjang yang kerap terjadi di jalur menuju pelabuhan, terutama saat https://t.co/2VGfK18EiO","2033828086362607738","https://pbs.twimg.com/amplify_video_thumb/2033827986991177728/img/URxXvuxwg4r2wEUz.jpg","","in","","0","0","0","https://x.com/inilahdotcom/status/2033828086362607738","46693036","inilahdotcom"
"2031748229998793189","2026-03-11T15:05:00.000Z","5","Seseorang yg menjadi pemadam ketika aku kebakaran (maklum mode api 🥵), menjadi teman utk bercerita, sharing, pendengar, bijaksana, dan jg sama2 mau berjuang utk kebaikan berdua. Dan paling penting doi lebih mengayomi 😊","2031748229998793189","","","in","","0","0","1","https://x.com/TLD_Survive/status/2031748229998793189","1681443966850596871","TLD_Survive"
"2030491490863206853","2026-03-08T03:51:10.000Z","9","Pelabuhan Haifa terbakar hebat.

Dinas pemadam kebakaran dan lembaga pemerintah Israel telah runtuh. https://t.co/QOu2XJnlYi","2030491490863206853","https://pbs.twimg.com/ext_tw_video_thumb/2030491472525656064/pu/img/aWLIsBGTih-dVAB0.jpg","","in","","2","3","5","https://x.com/Ari_Ak2/status/2030491490863206853","1854844141672484864","Ari_Ak2"
"2038071706871611626","2026-03-29T01:52:15.000Z","0","Satgas Pemadam Kebakaran menerima laporan terjadinya kebakaran rumah Bapak Yapindi di Tanjung Beringin, Air Nipis dari Bapak Abel Trigintara pada hari Minggu, 29 Maret 2026 pukul 04.25 WIB dan langsung menuju lokasi untuk memadamkan kebakaran tersebut. 

https://t.co/QNgWzhmZmU","2038071706871611626","","","in","","0","0","0","https://x.com/damkarbs/status/2038071706871611626","1390080853569458177","damkarbs"
"2036329261829890433","2026-03-24T06:28:23.000Z","363","Definisi 'Tua-tua Keladi'! 🚒 Meskipun sudah bertugas sejak tahun 90-an, unit pemadam kebakaran di Amerika ini masih kinclong dan tangguh banget. Bukti kalau perawatan itu kunci utama! ✨ https://t.co/Dpq6EGYfBs","2036329261829890433","https://pbs.twimg.com/amplify_video_thumb/2036329194314145793/img/dBkcltAb0TXDIT0r.jpg","","in","","0","230","199","https://x.com/_zhyme/status/2036329261829890433","1357226411832954880","_zhyme"
"2036050110296252731","2026-03-23T11:59:08.000Z","0","Sebuah pesawat milik Air Canada mengalami kecelakaan di landasan pacu Bandara LaGuardia, New York, Amerika Serikat, Minggu (22/3/2026) malam waktu setempat. Insiden tersebut melibatkan tabrakan antara pesawat dan kendaraan pemadam kebakaran yang berada di area bandara.

Pesawat https://t.co/LwrR4VKD5Y","2036050110296252731","https://pbs.twimg.com/amplify_video_thumb/2036049959053844481/img/5Go738D14VP98je9.jpg","","in","","0","0","0","https://x.com/SINDOnews/status/2036050110296252731","231355136","SINDOnews"
"2032367958308094413","2026-03-13T08:07:35.000Z","4","Video viral di media sosial memperlihatkan petugas pemadam kebakaran mendapat layanan gratis di salon setelah membantu membuka pintu yang terkunci. Peristiwa itu terjadi di Flow Salon, Kota Serang, Banten, pada Kamis (11/3/2026).

Awalnya, para pegawai panik karena salon yang https://t.co/7TLA2cMqXq","2032367958308094413","https://pbs.twimg.com/amplify_video_thumb/2032367421823336449/img/gt_iOxXS3B2Hljfe.jpg","","in","","0","0","1","https://x.com/inilahdotcom/status/2032367958308094413","46693036","inilahdotcom"
"2034117646862717347","2026-03-18T04:00:13.000Z","0","AKSI DAMKAR  SEMPROTKAN  AIR KE PEMUDIK YANG KEPANASAN DAN  TERJEBAK MACET 

Petugas pemadam kebakaran membantu para pengendara yang kepanasan di kawasan Pelabuhan Gilimanuk dengan menyemprotkan air menggunakan selang pemadam. https://t.co/u8cWTC7bR4","2034117646862717347","https://pbs.twimg.com/amplify_video_thumb/2034116821360771072/img/oFgM6spyXaiOVf28.jpg","","in","","0","0","0","https://x.com/gio_88939929/status/2034117646862717347","1805658062667268096","gio_88939929"
"2037857944369512693","2026-03-28T11:42:50.000Z","4","Astaga..🤣😂 hahaha.. 
ngerti military transport kan? 🤔🧐 Ini penting buat bawa tentara ke garis depan, bawa peralatan perang serta juga bisa evakuasi medis..

Dan bisa juga sebagai tanker untuk air to air refueling..

selain itu Indonesia juga beli kit pemadam kebakaran hutan","2037857944369512693","","","in","","0","2","1","https://x.com/kemlonih/status/2037857944369512693","380962412","kemlonih"
"2032100525051945413","2026-03-12T14:24:54.000Z","2","Jolie wirobrajan kebakaran kah???? Pantes tadi mati lampu di ngabean trs ada mobil pemadam kebakaran lewat","2032100525051945413","","","in","","1","2","0","https://x.com/vikatae1/status/2032100525051945413","1051011131148365826","vikatae1"
"2033218184170688994","2026-03-15T16:26:05.000Z","812","Kebakaran di Mampang Prapatan Malam Ini

Telah terjadi kebakaran yang menghanguskan rumah warga di Jalan Kuningan Barat IV, kawasan Mampang Prapatan, Jakarta Selatan, pada Minggu malam (15/3). Saat ini petugas pemadam kebakaran masih berada di lokasi dan tengah berupaya https://t.co/n71KJlXINo","2033218184170688994","https://pbs.twimg.com/ext_tw_video_thumb/2033218165363396608/pu/img/tzCjn6zH562Pvn0l.jpg","","in","","25","27","157","https://x.com/txtdrjkt/status/2033218184170688994","1252667805947723776","txtdrjkt"
"2034204518481813570","2026-03-18T09:45:25.000Z","3","Kebakaran melanda tumpukan pipa air yang berlokasi di Jalan Dato Tonggara Kramat Jati, Jakarta Timur.

#KebakaranKramatJati #JagaJakarta #JAKI #JS112  - @dkijakarta https://t.co/wziwDc3VU5","2034204518481813570","https://pbs.twimg.com/amplify_video_thumb/2034204450848710656/img/W-0A8ikk7--w-_Xu.jpg","","in","","0","1","3","https://x.com/humasjakfire/status/2034204518481813570","555862521","humasjakfire"
"2034191506320531662","2026-03-18T08:53:43.000Z","4","Kebakaran melanda bangunan semi permanen (lapak) yang berlokasi di Jalan Kamal Raya RT 12/RW 03, Tegal Alur, Kalideres, Jakarta Barat.

#KebakaranTegalAlur #JagaJakarta #JAKI #JS112 #JKTInfo - @dkijakarta https://t.co/JcxDSK3Giw","2034191506320531662","https://pbs.twimg.com/amplify_video_thumb/2034191319296540672/img/B1yojV84m6m9tbyR.jpg","","in","","0","1","4","https://x.com/humasjakfire/status/2034191506320531662","555862521","humasjakfire"
"2034028849638580720","2026-03-17T22:07:22.000Z","1","Kebakaran melanda toko material yang berlokasi di Jalan Damai Raya RT 12/RW 02, Cipete Utara, Kebayoran Baru, Jakarta Selatan, pada Selasa (17/3)

#KebakaranCipete #JagaJakarta #JAKI #JS112 #JKTInfo - @dkijakarta https://t.co/SaEk1MOzzN","2034028849638580720","https://pbs.twimg.com/amplify_video_thumb/2034028773067329536/img/Xv36oaAhlmb-lbV7.jpg","","in","","0","1","0","https://x.com/humasjakfire/status/2034028849638580720","555862521","humasjakfire"
"2037015448643133905","2026-03-26T03:55:03.000Z","11","*Gerak Cepat, Lanud RSN Bantu Padamkan Kebakaran di Pekanbaru*

Lanud Roesmin Nurjadin (RSN) bergerak cepat membantu pemadaman kebakaran yang melanda sejumlah toko di Jalan Adi Sucipto, Kelurahan Sidomulyo Timur, Pekanbaru, Sabtu dini hari (21/3/2026).

Satu unit mobil pemadam https://t.co/nNY3PGINIR","2037015448643133905","https://pbs.twimg.com/media/HETuvsrbYAEVZXS.jpg","","in","","0","7","2","https://x.com/_TNIAU/status/2037015448643133905","600873456","_TNIAU"
"2034098177473974652","2026-03-18T02:42:51.000Z","1","Sobat Pemadam, sebelum berangkat mudik Lebaran pastikan rumah yang ditinggalkan dalam kondisi aman untuk meminimalkan risiko kebakaran.

Yuk, simak tips meninggalkan rumah sebelum mudik berikut!

#PemadamJakarta #JagaJakarta #JS112 #JAKI #JKTInfo – @dkijakarta https://t.co/3uuFnGcejC","2034098177473974652","https://pbs.twimg.com/amplify_video_thumb/2034098119240257536/img/stzSWf3-pB5EzdV_.jpg","","in","","0","0","0","https://x.com/humasjakfire/status/2034098177473974652","555862521","humasjakfire"
"2036671386673193452","2026-03-25T05:07:52.000Z","1","Apel dan Halal Bihalal di Halaman Kantor Satuan Polisi Pamong Praja dan Pemadam Kebakaran Kabupaten Cianjur pada Rabu (25/03/2026).

Full Video on Youtube :
https://t.co/Yo0dqWYWdU

@ditpolpp_linmas 
@satpolppjabar 
@pemkabcjr","2036671386673193452","","","in","","0","0","0","https://x.com/stpolpp_dmkrcjr/status/2036671386673193452","1745688053296123905","stpolpp_dmkrcjr"
"2031214712608927909","2026-03-10T03:45:00.000Z","2","Viral, seorang pengendara motor menghalangi mobil pemadam  kebakaran di jalan meski sudah berulang kali diklakson.
 
Video itu terekam di Jalan Pajajaran, Baranangsian, Kota Bogor. Belum diketahui kapan kejadian itu berlangsung.
 
Video itu pun memicu amarah warganet di media https://t.co/jVzPs8UBJA","2031214712608927909","https://pbs.twimg.com/amplify_video_thumb/2031173806291824642/img/_Iwe8PWUgJ7WkN2J.jpg","","in","","2","0","0","https://x.com/akuratco/status/2031214712608927909","786549338818224128","akuratco"
"2032105661400826275","2026-03-12T14:45:19.000Z","24","Terjadi kebakaran lokasi bank BPD DIY Wirobrajan, Yogyakarta sekitar pukul 20.30 WIB posisi sudah padam, ambulance dan pemadam sudah di lokasi kejadian

( _satyawsntmm ) https://t.co/uMmf07gNlL","2032105661400826275","https://pbs.twimg.com/amplify_video_thumb/2032105605151014915/img/spb-ljZl_OQIVoib.jpg","","in","","1","3","4","https://x.com/merapi_uncover/status/2032105661400826275","1279804428724211712","merapi_uncover"
"2027900502802108694","2026-03-01T00:15:31.000Z","9","Selamat Ulang Tahun Pemadam Kebakaran Indonesia!

Karena kita tahu, Damkar bukan cuma soal memadamkan api — tapi juga mengevakuasi ular berbisa, menurunkan kucing nyasar di atap, membuka pintu terkunci, sampai jadi “call center darurat” paling bisa diandalkan.

Panjang umur, https://t.co/MsLOKw56aB","2027900502802108694","https://pbs.twimg.com/media/HCSMwQga0AA1XdL.jpg","","in","","0","8","1","https://x.com/dustale_lucky/status/2027900502802108694","177854011","dustale_lucky"
"2030572984101167308","2026-03-08T09:15:00.000Z","2","Niat mau bukber, seorang pemotor kaget ada ular muncul di stang motor.

Peristiwa  tersebut membuat pemilik motor langsung menghentikan kendaraannya karena  khawatir ular tersebut membahayakan. Dalam kondisi panik, ia kemudian  menghubungi petugas pemadam kebakaran untuk meminta https://t.co/tKUcJeunWJ","2030572984101167308","https://pbs.twimg.com/amplify_video_thumb/2030519655304200192/img/MTTTKyXg0PbziuCs.jpg","","in","","0","0","1","https://x.com/akuratco/status/2030572984101167308","786549338818224128","akuratco"
"2032101807842107747","2026-03-12T14:30:00.000Z","1","Video petugas pemadam kebakaran (damkar) mendapat perawatan gratis di sebuah salon di Kota Serang, Banten, viral di media sosial. Perawatan itu diberikan setelah petugas damkar datang membantu membuka pintu salon yang terkunci dari dalam.

Pintu salon yang seharusnya buka pukul https://t.co/tOtQ3Aqw77","2032101807842107747","https://pbs.twimg.com/media/HDN3HrWaEAAzWQR.jpg","","in","","0","0","0","https://x.com/akuratco/status/2032101807842107747","786549338818224128","akuratco"
"2034951393321374092","2026-03-20T11:13:14.000Z","1","Satuan Polisi Pamong Praja dan Pemadam Kebakaran Kabupaten Cianjur mengucapkan Selamat Hari Raya Idul Fitri 1447 H/2026 M.

@ditpolpp_linmas 
@satpolppjabar 
@pemkabcjr https://t.co/tVO3rGnVFO","2034951393321374092","https://pbs.twimg.com/media/HD2ZgguboAEXkCC.jpg","","in","","0","1","0","https://x.com/stpolpp_dmkrcjr/status/2034951393321374092","1745688053296123905","stpolpp_dmkrcjr"
"2031565791876059277","2026-03-11T03:00:04.000Z","7","Kebakaran hutan dan lahan (karhutla) mulai menyebar di Riau. Badan Penanggulangan Bencana dan Pemadam Kebakaran (BPBD Damkar) Riau mencatat, hingga 26 Februari, karhutla menghanguskan kawasan seluas 1.041,74 hektar di 11 kabupaten dan kota di Riau.  

https://t.co/N9raZUnzNc","2031565791876059277","","","in","","1","1","8","https://x.com/MongabayID/status/2031565791876059277","483310591","MongabayID"
"2032271143982538970","2026-03-13T01:42:53.000Z","3","#SSInfo: Pelayanan yang berkaitan langsung dengan keselamatan dan kebutuhan dasar masyarakat tidak boleh terhenti. 

Eri Cahyadi Wali Kota Surabaya memastikan sejumlah dinas tetap siaga selama 24 jam dengan sistem rotasi, di antaranya Dinas Kesehatan, Dinas Pemadam Kebakaran dan","2032271143982538970","","","in","","0","1","0","https://x.com/e100ss/status/2032271143982538970","848614550","e100ss"
"2037212025924051318","2026-03-26T16:56:11.000Z","1","Dinas Pemadam Kebakaran dan Penyelamatan (Damkarmat) Kabupaten Banyuwangi melaporkan kejadian kebakaran yang terjadi pada Kamis, 26 Maret 2026, sekitar pukul 19.55 WIB di wilayah di Jalan Dadali Putih, Kelurahan Temenggungan, Kecamatan Banyuwangi, Kabupaten Banyuwangi. https://t.co/hbPc9e6UGT","2037212025924051318","https://pbs.twimg.com/ext_tw_video_thumb/2037211916574289920/pu/img/7qPfsl10jkvkIwMN.jpg","","in","","0","0","0","https://x.com/BwiDamkar/status/2037212025924051318","1620611682069544970","BwiDamkar"
"2030071002835866085","2026-03-07T00:00:18.000Z","0","Kebijakan empat hari kerja ini dinyatakan bersifat sementara, meskipun tanggal berakhirnya belum ditentukan. Namun, aturan ini tidak berlaku bagi petugas garda terdepan seperti polisi, petugas pemadam kebakaran, dan layanan kesehatan guna memastikan pelayanan publik tetap https://t.co/VWb5O0mB0B","2030071002835866085","https://pbs.twimg.com/media/HCxCwiKaUAQnYca.jpg","","in","","1","0","0","https://x.com/Beritasatu/status/2030071002835866085","154102750","Beritasatu"
"2036078221318553617","2026-03-23T13:50:51.000Z","1","Dinas Pemadam Kebakaran dan Penyelamatan (Damkarmat) Kabupaten Banyuwangi kembali berhasil menangani kejadian kebakaran rumah yang terjadi pada Senin, 23 Maret 2026, di Jalan KH. Asyhari, Kelurahan Tukangkayu, Kecamatan Banyuwangi, Kabupaten Banyuwangi. https://t.co/er4kJJOygB","2036078221318553617","https://pbs.twimg.com/ext_tw_video_thumb/2036078163810451456/pu/img/5kPsMdggTEQpqdzU.jpg","","in","","0","0","0","https://x.com/BwiDamkar/status/2036078221318553617","1620611682069544970","BwiDamkar"
"2032373599378763947","2026-03-13T08:30:00.000Z","1","Pihak LyondellBasell mengonfirmasi terjadinya kebakaran di fasilitas Bayport Choate, Pasadena, pada Kamis (12/3/2026) malam. Tim tanggap darurat internal, dibantu oleh unit pemadam kebakaran dari La Porte, Pasadena, dan Harris County, tengah berupaya memadamkan api.

Mengutip https://t.co/DSEGhCLE6I","2032373599378763947","https://pbs.twimg.com/amplify_video_thumb/2032353689344892928/img/Dt282cKh_tVU3qow.jpg","","in","","0","0","1","https://x.com/SINDOnews/status/2032373599378763947","231355136","SINDOnews"
"2034323230090264921","2026-03-18T17:37:08.000Z","1","Dinas Pemadam Kebakaran dan Penyelamatan (Damkarmat) Kabupaten Banyuwangi berhasil menangani kasus evakuasi biawak yang berada di dalam rumah warga di Perumahan Pelindung Alam, Kelurahan Kebalenan, Kecamatan Banyuwangi, Kabupaten Banyuwangi. https://t.co/FJk2xs9jAc","2034323230090264921","https://pbs.twimg.com/ext_tw_video_thumb/2034323012485517312/pu/img/PBGt8QF68_GqK77J.jpg","","in","","0","0","0","https://x.com/BwiDamkar/status/2034323230090264921","1620611682069544970","BwiDamkar"
"2035348904959778821","2026-03-21T13:32:48.000Z","16","boolku perih karna semprotannya kek selang pemadam kebakaran 😭","2035348904959778821","","","in","","0","9","0","https://x.com/lemkoala/status/2035348904959778821","1280390920249069568","lemkoala"
"2034649461348352056","2026-03-19T15:13:28.000Z","1","Dinas Pemadam Kebakaran dan Penyelamatan Kabupaten Banyuwangi menangani kejadian kebakaran akibat terbakarnya tabung gas LPG di Tempat Usaha Bakso Solo Sampurna, Jalan Piere Tendean, Kelurahan Karangrejo, Kecamatan Banyuwangi, Kabupaten Banyuwangi, pada hari Kamis (19/3/26) https://t.co/DNXMFZLMDY","2034649461348352056","https://pbs.twimg.com/ext_tw_video_thumb/2034649399260004352/pu/img/GoiHwY2-hPW0MwEY.jpg","","in","","0","0","0","https://x.com/BwiDamkar/status/2034649461348352056","1620611682069544970","BwiDamkar"
"2030145241303642553","2026-03-07T04:55:18.000Z","21","Dua orang berhasil diselamatkan setelah balon udara mereka tersangkut di menara komunikasi setinggi 280 meter di Texas Timur, AS.

Empat belas petugas pemadam kebakaran melakukan operasi penyelamatan rumit selama empat jam, dan berhasil menurunkan mereka. https://t.co/v6f4y5tvpC","2030145241303642553","https://pbs.twimg.com/amplify_video_thumb/2030142615908405252/img/4lEfJeskiZpWEbcm.jpg","","in","","0","0","6","https://x.com/BBCIndonesia/status/2030145241303642553","23772644","BBCIndonesia"
"2029829060915044359","2026-03-06T07:58:55.000Z","2","Khemah gerai jual bunga api terbakar, lelaki melecur tapak kaki

#BHkes Kejadian sekitar jam 2.55 petang, kebakaran berjaya dipadamkan peniaga menggunakan alat pemadam api.

https://t.co/jv1skgLqdU","2029829060915044359","","","in","","0","0","1","https://x.com/bharianmy/status/2029829060915044359","63070483","bharianmy"
"2030289320775663829","2026-03-07T14:27:49.000Z","23","Tidak ada angin, tidak ada hujan...
Pohon tua disamber petir ???

Sebuah pohon di Jalan Perintis Kemerdekaan, tepatnya di depan PMI, Kelurahan Gaharu, Kecamatan Medan Timur, Sabtu (7/3/2026) pagi. Laporan diterima petugas pukul 06.41 WIB .
Armada Pemadam Kebakaran menuju lokasi https://t.co/oMOMBkdc8f","2030289320775663829","https://pbs.twimg.com/ext_tw_video_thumb/2030289280795635712/pu/img/T2gTLV3hA0wy_fUW.jpg","","in","","0","6","7","https://x.com/sammi_ananta/status/2030289320775663829","1389082210452443138","sammi_ananta"
"2033574992621994457","2026-03-16T16:03:54.000Z","1","Dinas Pemadam Kebakaran dan Penyelamatan (Damkarmat) Kabupaten Banyuwangi kembali menunjukkan kesiapannya dalam menangani kasus penyelamatan non-kebakaran. https://t.co/zAffR9Iccw","2033574992621994457","https://pbs.twimg.com/ext_tw_video_thumb/2033574822391975936/pu/img/VHn5ToZW3VrBEoKi.jpg","","in","","0","0","0","https://x.com/BwiDamkar/status/2033574992621994457","1620611682069544970","BwiDamkar"
"2031404533847568451","2026-03-10T16:19:17.000Z","10","Sebuah kebakaran besar terjadi Minggu sore di bangunan bersejarah ‘Union Corner’ dekat Stasiun Glasgow Central, yang bermula dari sebuah toko vape di Jalan Union. Petugas pemadam berjuang memadamkan api sementara asap tebal menyebar ke seluruh kota, mengganggu semua perjalanan https://t.co/dqfPFQBGld","2031404533847568451","https://pbs.twimg.com/amplify_video_thumb/2031404123950895104/img/up5ClPkXUWSaSlpM.jpg","","in","","0","0","3","https://x.com/Metro_TV/status/2031404533847568451","57261519","Metro_TV"
"2027220565950595274","2026-02-27T03:13:41.000Z","0","PLN UP3 Metro Gandeng Damkar dan PMI Gelar Pelatihan Tanggap Darurat dan Pemadam Kebakaran - https://t.co/y627tvYCre | Update Terkini, Semua Topik 

https://t.co/bimNz19Gca","2027220565950595274","","","in","","0","0","0","https://x.com/Media90Berita/status/2027220565950595274","1997352885726916608","Media90Berita"
"2033402968167555455","2026-03-16T04:40:21.000Z","0","Video: Canggih! Damkar Surabaya Kini Punya 2 Robot Pemadam Kebakaran Rp 18 M https://t.co/uzuBGagKKW","2033402968167555455","","","in","","0","0","0","https://x.com/20detik/status/2033402968167555455","598959076","20detik"
"2034934080794763613","2026-03-20T10:04:26.000Z","1","Testimoni petugas pemadam kebakaran terkait persiapan pengamanan di Pos PAM Ketupat LK 2026 menjelang hari Raya Idul Fitri 1447 H https://t.co/trNpUisDaA","2034934080794763613","https://pbs.twimg.com/amplify_video_thumb/2034934029552951298/img/yiUi-W39VvuE5Wje.jpg","","in","","0","0","0","https://x.com/HumasPoldaRiau/status/2034934080794763613","1247672666","HumasPoldaRiau"
"2031996111792324629","2026-03-12T07:30:00.000Z","1","Situasi mencekam dilaporkan terjadi di kawasan Puncak Jalil, Seri Kembangan, Selangor. Kebakaran hutan besar dilaporkan merambat mendekati area pemukiman warga. 

Asisten Direktur (Operasi) Dinas Pemadam Kebakaran dan Penyelamatan Selangor, Ahmad Mukhlis Mukhtar, mengatakan https://t.co/0BL0lGWSHn","2031996111792324629","https://pbs.twimg.com/amplify_video_thumb/2031946350989099009/img/27nrL6VL7Ryk7oie.jpg","","in","","0","0","0","https://x.com/SINDOnews/status/2031996111792324629","231355136","SINDOnews"
"2036365473890394468","2026-03-24T08:52:17.000Z","0","Siaga Lebaran, Tim Pemadam Kebakaran PHR Ikut Terjun Padamkan Karhutla di Dumai https://t.co/C510OR5yxS","2036365473890394468","","","in","","0","0","0","https://x.com/GoRiauCom/status/2036365473890394468","1632918924","GoRiauCom"
"2029505600607195153","2026-03-05T10:33:36.000Z","0","⚠ Tautan Pendaftaran Rekrutmen Pemadam Kebakaran 2026 

✅ Konten tiruan (impostor content). Tidak ditemukan informasi resmi pendaftaran rekrutmen petugas pemadam kebakaran (damkar) 2026, tautan tersebut mengarah ke laman yang meminta pengisian data pribadi berupa nama, asal https://t.co/QzqdDoTlbf","2029505600607195153","https://pbs.twimg.com/media/HCpAkBubIAAdudv.jpg","","in","","0","0","0","https://x.com/TurnBackHoax/status/2029505600607195153","803432630121218048","TurnBackHoax"
"2032434122975797552","2026-03-13T12:30:30.000Z","1","Video viral di media sosial memperlihatkan petugas pemadam kebakaran mendapat layanan gratis di salon setelah membantu membuka pintu yang terkunci. Peristiwa itu terjadi di Flow Salon, Kota Serang, Banten, pada Kamis (11/3/2026).

Awalnya, para pegawai panik karena salon yang https://t.co/u38MAY91Dx","2032434122975797552","https://pbs.twimg.com/amplify_video_thumb/2032390569163689984/img/5jGTGQf44LUzHuQM.jpg","","in","","0","0","0","https://x.com/SINDOnews/status/2032434122975797552","231355136","SINDOnews"
"2032390024843686124","2026-03-13T09:35:16.000Z","1","Sudis Gulkarmat Jakbar mengerahkan sebanyak 28 unit mobil pemadam kebakaran dan 140 petugas untuk memadamkan kebakaran yang meludeskan usaha konveksi, warung makan tegal, serta puluhan rumah di Jalan Tanah Sereal 3 RT 11 RW 09 Kelurahan Tanah Sereal, Tambora, Jumat (13/3). https://t.co/cofJrUxRQJ","2032390024843686124","https://pbs.twimg.com/media/HDR_zdla8AAbOEP.jpg","","in","","0","0","0","https://x.com/kotajakbar/status/2032390024843686124","587872495","kotajakbar"
"2031217948837482718","2026-03-10T03:57:51.000Z","0","Rumah Kosong di Sangasanga Ludes Terbakar, Polsek dan Damkar Bergerak Cepat Padamkan Api

Kukar – Personel Kepolisian Sektor (Polsek) Sangasanga bersama tim pemadam kebakaran dan relawan berhasil melokalisir kobaran api yang menghanguskan satu unit rumah tinggal. https://t.co/MbcLsEy1k7","2031217948837482718","https://pbs.twimg.com/media/HDBV9D0bgAAS7kR.jpg","","in","","0","0","0","https://x.com/Polsektgrsbrng/status/2031217948837482718","1284684722984022018","Polsektgrsbrng"
"2032723614211117520","2026-03-14T07:40:50.000Z","15","Kebakaran hebat melanda Bintaro, Jakarta Selatan, bersumber dari pabrik kerupuk. Dua lapak dan 10 rumah terbakar, pemadam dikerahkan dengan 28 unit mobil.

https://t.co/WkAL97jqQf","2032723614211117520","","","in","","0","0","2","https://x.com/detikcom/status/2032723614211117520","69183155","detikcom"
"2035538728538821065","2026-03-22T02:07:06.000Z","0","Satgas Pemadam Kebakaran menerima laporan terjadinya kebakaran rumah Bapak Ibnu Hajad di Jl. Harapan, Padang Sialang, Pasar Manna dari Bapak Suptiarman pada hari Minggu, 22 Maret 2026 pukul 03.08 WIB dan langsung menuju lokasi untuk memadamkan kebakaran

https://t.co/I7fypaPqFc","2035538728538821065","","","in","","0","0","0","https://x.com/damkarbs/status/2035538728538821065","1390080853569458177","damkarbs"
"2034976348637430136","2026-03-20T12:52:24.000Z","3","Kebakaran hebat melanda pabrik suku cadang mobil di kawasan Munpyeong-dong, Daejeon, Korea Selatan, Jumat. Sedikitnya 50 orang dilaporkan mengalami luka, dengan sebagian besar dalam kondisi serius.

Tim pemadam langsung meningkatkan status tanggap darurat dan mengerahkan puluhan https://t.co/cu6yI7wc3y","2034976348637430136","https://pbs.twimg.com/amplify_video_thumb/2034976256425697287/img/5LGQa0YeLHf3HvyR.jpg","","in","","0","0","3","https://x.com/antaranews/status/2034976348637430136","18071520","antaranews"
"2033467575309611208","2026-03-16T08:57:04.000Z","1","Kebakaran melanda rumah tinggal yang berlokasi di Jalan Kapten Tendean RT 05/RW 05, Kuningan Barat, Mampang Prapatan, Jakarta Selatan, pada Minggu (15/3).

#KebakaranTendean #JagaJakarta #JAKI #JS112 - @dkijakarta https://t.co/V1bu5U6o0q","2033467575309611208","https://pbs.twimg.com/amplify_video_thumb/2033467411828297729/img/asUqb8FtRralUku8.jpg","","in","","0","1","1","https://x.com/humasjakfire/status/2033467575309611208","555862521","humasjakfire"
"2030891053801418872","2026-03-09T06:18:54.000Z","0","Seorang pengendara motor di Kota Bogor menuai sorotan setelah diduga menghalangi laju mobil pemadam kebakaran yang sedang menuju lokasi kebakaran. Peristiwa tersebut terjadi di Jalan Pajajaran, kawasan Baranangsiang, https://t.co/8QPNL4o7Th","2030891053801418872","https://pbs.twimg.com/amplify_video_thumb/2030891013846499328/img/qZkWwwX-G60Q6YUX.jpg","","in","","0","3","0","https://x.com/popfmindonesia/status/2030891053801418872","631746462","popfmindonesia"
"2026584918856466890","2026-02-25T09:07:51.000Z","1","Kebakaran melanda asrama polisi di Jalan Sisingamangaraja, Pekanbaru, Rabu (25/2/2026) siang.

Kobaran api dengan cepat melahap bagian bangunan asrama. Beberapa unit mobil pemadam kebakaran dikerahkan ke lokasi untuk menjinakkan si jago merah.

#infoPKU #kebakaranPekanbaru https://t.co/inlkiz2ZMK","2026584918856466890","https://pbs.twimg.com/ext_tw_video_thumb/2026584357537009664/pu/img/F5veJP7nypVWk55k.jpg","","in","","0","1","2","https://x.com/infoPKU/status/2026584918856466890","168590064","infoPKU"
"2030587636784734588","2026-03-08T10:13:13.000Z","1","Mobil Damkar Bireuen Tabrakan dengan Tronton di SPBU Karieng, Tiga Luka-luka

 Sebuah kecelakaan terjadi di SPBU Karieng, Peudada, Bireuen, Minggu pagi (8/3), melibatkan satu unit mobil pemadam kebakaran (Damkar) Pos Induk Bireuen dengan truk tronton.

https://t.co/VieIqw8FwS","2030587636784734588","","","in","","0","0","0","https://x.com/serambinews/status/2030587636784734588","64635651","serambinews"
"2027226498046845418","2026-02-27T03:37:15.000Z","0","Khairul Umam, anggota pemadam kebakaran (damkar) Kota Depok kini mendapat teror ancaman buntut konten penggunaan helm yang dibuatnya.
https://t.co/CewBgXraO9","2027226498046845418","","","in","","0","0","0","https://x.com/indozonemedia/status/2027226498046845418","350668803","indozonemedia"
"2027020828840464537","2026-02-26T14:00:00.000Z","136","Seorang anggota pemadam kebakaran sekaligus komika, Khairul Umam, mengaku menerima teror bernada ancaman lewat WhatsApp. Dalam pesan teror tersebut, pengirim bahkan menyebutkan data pribadi Umam dan keluarganya.

&gt;&gt; https://t.co/o4MvMejUzT https://t.co/84rKkb9Jla","2027020828840464537","https://pbs.twimg.com/amplify_video_thumb/2026922389368696832/img/6KK0jdRadJEcagDv.jpg","","in","","2","9","46","https://x.com/detikcom/status/2027020828840464537","69183155","detikcom"
"2027912203136078281","2026-03-01T01:02:00.000Z","0","Damkar hadir sebagai garda terdepan. Tak hanya memadamkan api, tapi juga melakukan penyelamatan dan evakuasi dalam berbagai situasi darurat.

Dirgahayu Pemadam Kebakaran Indonesia 🔥🇮🇩 https://t.co/n8NAa2BB3J","2027912203136078281","https://pbs.twimg.com/media/HCSXZiLbIAATeMO.jpg","","in","","0","0","0","https://x.com/KominfoJatim/status/2027912203136078281","1569962529178402817","KominfoJatim"
"2031033772234490247","2026-03-09T15:46:00.000Z","1","Tim Pemadam Kebakaran dan Penyelamatan (Damkarmat) Kabupaten Banyuwangi menangani kejadian evakuasi ular jenis kobra di Dusun Stembel, Desa Gambiran, Kecamatan Gambiran, Kabupaten Banyuwangi pada hari Senin (9/3/26) malam. https://t.co/52Sw3352mB","2031033772234490247","https://pbs.twimg.com/media/HC-uWzca8AAVQOC.jpg","","in","","0","0","0","https://x.com/BwiDamkar/status/2031033772234490247","1620611682069544970","BwiDamkar"
"2032462520443953387","2026-03-13T14:23:20.000Z","1","Edukasi keselamatan sejak dini 🔥🚒

Tim Dinas Pemadam Kebakaran (Damkarmat) Kabupaten Banyuwangi memberikan edukasi kepada siswa Sekolah Rakyat Terintegrasi 2 Banyuwangi tentang keselamatan dan penanganan kondisi darurat. https://t.co/pSpbuNSTQ6","2032462520443953387","https://pbs.twimg.com/ext_tw_video_thumb/2032462475594264577/pu/img/PjXaR5edRYUKgHcO.jpg","","in","","0","0","0","https://x.com/BwiDamkar/status/2032462520443953387","1620611682069544970","BwiDamkar"
"2030847513247518806","2026-03-09T03:25:53.000Z","0","#SobatJaktim! HYDRANT: Milik Kita, Untuk Keselamatan Bersama! 🧯

Sering lihat pipa besi berwarna merah di pinggir jalan? Itu bukan pajangan, ya!
Itu adalah Hydrant Kota, sumber air utama bagi Pemadam kebakaran jakarta saat bertempur melawan api di area yang sulit dijangkau. https://t.co/6SITg8fqo6","2030847513247518806","https://pbs.twimg.com/media/HC8FDJ5bMAAiyqP.jpg","","in","","0","1","0","https://x.com/kotajaktim/status/2030847513247518806","3273958142","kotajaktim"
"2033468058640204044","2026-03-16T08:58:59.000Z","0","Kebakaran melanda rumah tinggal dan bangunan semi permanen (lapak) yang berlokasi di Jalan Swadaya PLN RT 09/RW 02, Kelurahan Jatinegara, Kecamatan Cakung, Kota Jakarta Timur.

#KebakaranJatinegara #JagaJakarta #JAKI #JS112 - @dkijakarta https://t.co/Esb4SrovWf","2033468058640204044","https://pbs.twimg.com/amplify_video_thumb/2033468002268811265/img/JlA2lps3lcaT4bto.jpg","","in","","0","1","0","https://x.com/humasjakfire/status/2033468058640204044","555862521","humasjakfire"
"2025916871405375792","2026-02-23T12:53:16.000Z","7","Kebakaran bangunan terjadi di Jl. Pasir Koja No. 27, Kelurahan Nyengseret, Kota Bandung. Senin, 23 Februari 2026.

Dinas Pemadam Kebakaran dan Penyalamatan Kota Bandung menerima laporan ini pada pukul 19.25 WIB. Saat ini petugas Damkar sudah di lokasi untuk pemadaman.

Belum https://t.co/v3kD0lPQKD","2025916871405375792","https://pbs.twimg.com/amplify_video_thumb/2025916803592155136/img/6WgFtLxyqdpewcts.jpg","","in","","0","0","2","https://x.com/PRFMnews/status/2025916871405375792","150589950","PRFMnews"
"2033175920446697595","2026-03-15T13:38:08.000Z","1","Sepanjang Ramadan, berbagai kegiatan dilakukan oleh Pemadam Jakarta dalam upaya menjaga keselamatan warga. Mulai dari woro-woro cegah kebakaran saat sahur, hingga buka puasa dan salat berjamaah.

Yuk, simak lebih lengkapnya!

#PemadamJakarta #JagaJakarta #JS112 #JAKI @dkijakarta https://t.co/6U0vDOBk7V","2033175920446697595","https://pbs.twimg.com/amplify_video_thumb/2033175844844453889/img/ZHv2CJkcfCtj4Hj1.jpg","","in","","0","1","0","https://x.com/humasjakfire/status/2033175920446697595","555862521","humasjakfire"
"2028719385079406723","2026-03-03T06:29:27.000Z","0","Kepala Satuan Polisi Pamong Praja dan Pemadam Ke Dirgahayu SATUAN POLISI PAMONG PRAJA KE-76,  SATUAN PERLINDUNGAN MASYARAKAT KE-64 , PEMADAM KEBAKARAN DAN PENYELAMATAN KE 107
@pemkotmadiun_
 @madiuntoday.id
 @satpolpp_jatim
 @ditpolpp_linmas
 @ditpolpplinmas_kemendagri https://t.co/nZmBWmwTAN","2028719385079406723","https://pbs.twimg.com/media/HCd1hLoa0AAX8Jc.jpg","","in","","0","0","0","https://x.com/polpp_mdnkota/status/2028719385079406723","1075782188405276674","polpp_mdnkota"
"2027661896309170381","2026-02-28T08:27:22.000Z","216","Kombes Pol Manang Soebeti menyebutkan, identitas peneror anggota Pemadam Kebakaran (Damkar) Depok, Khairul Umam, bukan dari aparat kepolisian. 

Baca di: https://t.co/AMNSHgmykK 

~WR #Damkar #Polisi #Depok https://t.co/HQJgqGHfuf","2027661896309170381","https://pbs.twimg.com/media/HCOzpqKagAAB2o-.jpg","","in","","18","140","42","https://x.com/kompascom/status/2027661896309170381","23343960","kompascom"
"2032505174749806942","2026-03-13T17:12:50.000Z","0","Tim RESCUE Pemadam Kebakaran Bengkulu Selatan menindak lanjuti laporan Ibu Fahmi Hartati untuk mengevakuasi kunci yang jatuh kedalam gorong-gorong pada hari Jumat, 13 Maret 2026 pukul 23.30 WIB. 

Lokasi jatuhnya kunci motor tersebut berada

https://t.co/mhznrS4M2m","2032505174749806942","","","in","","0","0","0","https://x.com/damkarbs/status/2032505174749806942","1390080853569458177","damkarbs"
"2026951051711275022","2026-02-26T09:22:44.000Z","0","Gandeng Damkar dan PMI, PLN UP3 Metro Gelar Pelatihan Tanggap Darurat dan Pemadam Kebakaran

https://t.co/upz093pVuk","2026951051711275022","","","in","","0","0","0","https://x.com/kupastuntasnew/status/2026951051711275022","849799685258657792","kupastuntasnew"
"2031612382401933318","2026-03-11T06:05:12.000Z","1","Dinas Pemadam Kebakaran dan Penyelamatan (Damkarmat) Kabupaten Banyuwangi berhasil memadamkan kebakaran yang melalap kandang kambing dan tempat istirahat milik Saiban (68 tahun) di Dusun Petang, Desa Pesucen, Kecamatan Kalipuro, Kabupaten Banyuwangi pada Selasa malam(10/03/2026) https://t.co/OZaMpzZsWH","2031612382401933318","https://pbs.twimg.com/ext_tw_video_thumb/2031612022870388737/pu/img/6Mlkqv1GrKl4NLz_.jpg","","in","","0","0","0","https://x.com/BwiDamkar/status/2031612382401933318","1620611682069544970","BwiDamkar"
"2031375328778826197","2026-03-10T14:23:14.000Z","1","Dinas Pemadam Kebakaran Dan Penyelamatan (DAMKARMAT) Kabupaten Banyuwangi melaporkan telah berhasil menangani kejadian penyelamatan non kebakaran berupa sarang tawon vespa affinis. https://t.co/XQRwUwo2o4","2031375328778826197","https://pbs.twimg.com/ext_tw_video_thumb/2031375099547496450/pu/img/8MD0luh9UbdNA-rk.jpg","","in","","0","0","0","https://x.com/BwiDamkar/status/2031375328778826197","1620611682069544970","BwiDamkar"
"2033665124742139919","2026-03-16T22:02:04.000Z","2","Babinsa Koramil 1420-01/Panca Lautang, Sertu Isman, memimpin pelaksanaan patroli Sistem Keamanan Lingkungan (Siskamling) bersama personel Pemadam Kebakaran (Damkar) di Desa Corawali, Kecamatan Panca Lautang, Kabupaten Sidrap, Senin (16/03/2026). https://t.co/GPBCnAzW2x","2033665124742139919","https://pbs.twimg.com/media/HDkHp0tbEAEXCJa.jpg","","in","","0","0","0","https://x.com/1420_sidrap/status/2033665124742139919","1616955567876222976","1420_sidrap"
"2031680890867470666","2026-03-11T10:37:25.000Z","0","Penempelan stiker imbauan cegah kebakaran dilakukan sebagai pengingat bagi warga untuk memastikan kondisi rumah dalam keadaan aman sebelum mudik. 

Mudik lebih tenang, rumah tetap aman.

#PemadamJakarta #JagaJakarta #JAKI #JS112 #JKTInfo – @dkijakarta https://t.co/xtFMiWt2MT","2031680890867470666","https://pbs.twimg.com/media/HDH6_62bsAAukZ_.jpg","","in","","0","1","0","https://x.com/humasjakfire/status/2031680890867470666","555862521","humasjakfire"
"2024296627960500411","2026-02-19T01:35:00.000Z","0","Ruang server Masjid Istiqlal, Jakarta Pusat, kebakaran pada Rabu  malam sekitar pukul 20.40 WIB. Api sudah berhasil dipadamkan dan jamaah  tarawih perdana di masjid tersebut terpantau aman.

Berdasarkan  laporan dari Command Center Pemadam Kebakaran (Damkar) Jakarta Pusat,  api https://t.co/k6lP2H8A5b","2024296627960500411","https://pbs.twimg.com/media/HBe628bbUAMDJn-.jpg","","in","","2","0","0","https://x.com/akuratco/status/2024296627960500411","786549338818224128","akuratco"
"2031348873005002966","2026-03-10T12:38:06.000Z","4","Puntung rokok yang dibuang sembarangan dapat memicu kebakaran. 🚬🔥
Pastikan rokok sudah benar-benar padam sebelum dibuang dan buanglah pada tempatnya.

Ayo kita #JagaJakarta!

#PemadamJakarta #JAKI #JS112 #JKTInfo – @dkijakarta https://t.co/aww6Qk26yA","2031348873005002966","https://pbs.twimg.com/amplify_video_thumb/2031348666674593792/img/SZGI0zgkU5qL-E13.jpg","","in","","0","0","1","https://x.com/humasjakfire/status/2031348873005002966","555862521","humasjakfire"
"2032777845681041567","2026-03-14T11:16:20.000Z","1","Dalam rangka Program Safari Ramadan, Kepala Dinas Gulkarmat Provinsi DKI Jakarta bersama Pusdiklatkar dan UPT Laboratorium Kebakaran dan Penyelamatan mengunjungi Masjid At-Taqwa Rusun Poncol, Jakarta Timur, pada Jumat (13/3).

#PemadamJakarta #JagaJakarta #JAKI #JS112 @dkijakarta https://t.co/U57aX2y7Ol","2032777845681041567","https://pbs.twimg.com/amplify_video_thumb/2032777748343889920/img/QPuscnzBP-A4kMml.jpg","","in","","0","0","0","https://x.com/humasjakfire/status/2032777845681041567","555862521","humasjakfire"
"2028161033052066174","2026-03-01T17:30:46.000Z","2","BPBD Jateng mengucapkan Dirgahayu Pemadam Kebakaran &amp; Penyelamatan Republik Indonesia. 

Semoga Pemadam Kebakaran semakin profesional &amp; berintegritas dlm setiap langkah pengabdian kepada masyarakat, semakin tangguh &amp; sigap dlm menghadapi berbagai tantangan di lapangan https://t.co/heHAJv5zZC","2028161033052066174","https://pbs.twimg.com/media/HCV5tiPa0AAQFAQ.jpg","","in","","0","0","0","https://x.com/bpbdjateng/status/2028161033052066174","241920110","bpbdjateng"
"2030548050188648646","2026-03-08T07:35:55.000Z","3","Kebakaran melanda rumah tinggal yang berlokasi di Jalan Perintis, Karet Kuningan, Setiabudi, Kota Jakarta Selatan, pada Sabtu (7/3).

#PenyelamatJakarta #JagaJakarta #JAKI #JS112 #JKTInfo - @dkijakarta https://t.co/FIPV7amkFm","2030548050188648646","https://pbs.twimg.com/amplify_video_thumb/2030547963630731264/img/Vc7c5wNwSoYxXzzq.jpg","","in","","0","1","3","https://x.com/humasjakfire/status/2030548050188648646","555862521","humasjakfire"
"2032653055267844332","2026-03-14T03:00:27.000Z","0","Kebakaran dilaporkan terjadi pada bangunan ruko yang berlokasi di Jalan Tanah Sereal, Tanah Sereal, Tambora, Jakarta Barat pada Jumat (13/3). https://t.co/K04aKEnvMH","2032653055267844332","https://pbs.twimg.com/amplify_video_thumb/2032652957267918849/img/Pd94ozS4yYn2X93G.jpg","","in","","0","1","0","https://x.com/humasjakfire/status/2032653055267844332","555862521","humasjakfire"
"2026554206061211956","2026-02-25T07:05:48.000Z","1","Sedikitnya 30 orang dilaporkan tewas setelah hujan deras melanda negara bagian Minas Gerais di Brasil tenggara, sementara 39 lainnya masih dinyatakan hilang. Departemen pemadam kebakaran negara bagian mengonfirmasi korban jiwa terjadi di kota Juiz de Fora dan Uba.","2026554206061211956","","","in","","0","1","0","https://x.com/pasfm/status/2026554206061211956","145121986","pasfm"
"2030959940316315965","2026-03-09T10:52:37.000Z","0","Saat musim hujan, area yang lembap atau tergenang air dapat meningkatkan risiko terjadinya korsleting listrik yang juga dapat menjadi salah satu penyebab kebakaran⚡🌧️

Untuk lebih waspasa, yuk, simak tips berikut!

#PemadamJakarta #JagaJakarta #JAKI #JS112 #JKTInfo – @dkijakarta https://t.co/ZLPGC32wIR","2030959940316315965","https://pbs.twimg.com/media/HC9rTGsaQAAoWWl.jpg","","in","","0","1","0","https://x.com/humasjakfire/status/2030959940316315965","555862521","humasjakfire"
"2024507586041827454","2026-02-19T15:33:16.000Z","12","buat para gen z, kamu wajib hafal nomor di bawah ini!

1. NIK KTP 
2. NIK keluarga
3. nomor rekening
4. nomor telfon dan whatsapp
5. nomor NPWP (kalo ada)
6. nomor call center 112
7. Pemadam kebakaran (113)
8. Polisi (110)
9. SAR atau BASARNAS (115)
10. Ambulans (118 atau 119)","2024507586041827454","","","in","","0","1","1","https://x.com/nfadhwr/status/2024507586041827454","1789131600166600704","nfadhwr"
"2030256129964736885","2026-03-07T12:15:56.000Z","3","Kebakaran melanda rumah tinggal yang berlokasi di Jalan Pisangan Lama III, RT 02/RW 08, Pisangan Timur, Pulo Gadung, Jakarta Timur. 

#PenyelamatJakarta #JagaJakarta #JAKI #JS112 #JKTInfo - @dkijakarta https://t.co/d1MrgpDxIm","2030256129964736885","https://pbs.twimg.com/amplify_video_thumb/2030256055167660032/img/YbdfptB8FgEhVnqs.jpg","","in","","0","1","2","https://x.com/humasjakfire/status/2030256129964736885","555862521","humasjakfire"
"2026846304241111507","2026-02-26T02:26:30.000Z","195","Anggota pemadam kebakaran (damkar) bernama Khairul Umam mengaku menerima teror usai membuat konten edukasi mengenai fungsi helm. Konten tersebut diduga menyinggung sebagian pihak hingga berujung ancaman melalui pesan pribadi.

Baca selengkapnya: https://t.co/8evlj0E5hA.

~SN https://t.co/KLzR8e2Z1M","2026846304241111507","https://pbs.twimg.com/media/HCDN9ffaMAIxdVE.jpg","","in","","1","19","89","https://x.com/kompascom/status/2026846304241111507","23343960","kompascom"
"2030335811972223151","2026-03-07T17:32:34.000Z","1","Dinas Pemadam Kebakaran dan Penyelamatan (Damkarmat) Kabupaten Banyuwangi melakukan evakuasi terhadap mobil yang terperosok di saluran pembuangan air pada hari Sabtu (07/03/26).Kejadian terjadi di Jalan KH. Harun, Kelurahan Tukangkayu, Kecamatan Banyuwangi, Kabupaten Banyuwangi. https://t.co/PCn8ti9RT7","2030335811972223151","https://pbs.twimg.com/ext_tw_video_thumb/2030335753000230912/pu/img/OqVlV4Md_pMCgnLO.jpg","","in","","0","0","0","https://x.com/BwiDamkar/status/2030335811972223151","1620611682069544970","BwiDamkar"
"2026061494522429499","2026-02-23T22:27:57.000Z","1","BREAKING NEWS!!!

Pasar Rebo Kab. Purwakarta subuh dini hari ini kebakaran. 

Petugas pemadam kebakaran sudah datang dan berjibaku ke lokasi kebakaran. Berusaha memadamkan dan melokalisir api. 

Selasa, 24 Feb 2026, saat masyarakat sedang asyik-asyiknya bercengkrama bersantap https://t.co/5my8MRcOMV","2026061494522429499","https://pbs.twimg.com/ext_tw_video_thumb/2026061459290198016/pu/img/x7yIEYE_WDMcC30K.jpg","","in","","0","0","0","https://x.com/junz_rsyah/status/2026061494522429499","253579525","junz_rsyah"
"2026861915142803898","2026-02-26T03:28:32.000Z","6","Anggota pemadam kebakaran (damkar) di Kota Depok, Khairul Umam, mengaku mendapat teror setelah mengunggah konten edukasi mengenai fungsi helm.

Baca di sini: https://t.co/9ihqTqTFHI

~AA #Damkar #Depok https://t.co/nDcPi1ZKR6","2026861915142803898","https://pbs.twimg.com/media/HCDcKh-aMAEP7rf.jpg","","in","","0","4","7","https://x.com/kompascom/status/2026861915142803898","23343960","kompascom"
"2028283696336531670","2026-03-02T01:38:11.000Z","0","Kepala Lapas Kelas IIA Samarinda beserta segenap jajaran mengucapkan Dirgahayu Ke-107 Pemadam Kebakaran dan Penyelamatan Republik Indonesia.
 
“Mengabdi Untuk Keselamatan Negeri.”
 
01 Maret 1919 – 01 Maret 2026
 
#Damkar
 #Kemenimipas
 #guardandguide
 #ditjenpas
 #pemasyarakatan https://t.co/fa2aiR5ETa","2028283696336531670","https://pbs.twimg.com/media/HCXpO3ZbQAAkvxB.jpg","","in","","0","0","0","https://x.com/lpsamarinda/status/2028283696336531670","191036699","lpsamarinda"
"2027791401371762876","2026-02-28T17:01:59.000Z","52","Lubang besar terlihat di dekat sebuah bangunan perumahan di Israel bagian Tengah, Sabtu (28/2), setelah pertahanan udara mereka dilaporkan mencegat rudal Iran. Sebuah rumah di Galilea juga tampak hangus terbakar, dan sedang dipadamkan oleh petugas pemadam kebakaran.

Sebelumnya, https://t.co/PJVW7zIuuh","2027791401371762876","https://pbs.twimg.com/ext_tw_video_thumb/2027790719541469184/pu/img/zxgku0QsC7vIgNni.jpg","","in","","0","0","7","https://x.com/kumparan/status/2027791401371762876","759692754985242625","kumparan"
"2025330518519103605","2026-02-21T22:03:19.000Z","0","Sebenarnya apa yang terjadi dengan truk pemadam kebakaran itu ya?

Sesaat lagi, “𝗠𝗘𝗧𝗔𝗟 𝗖𝗔𝗥𝗗𝗕𝗢𝗧”, pkl. 06.00 WIB hanya di RTV Makin Cakep!⁣⁣⁣
⁣⁣⁣⁣
#RTVDigital https://t.co/M1jk9YBmLO","2025330518519103605","https://pbs.twimg.com/ext_tw_video_thumb/2025330452907622401/pu/img/BbdpDyRNC9R4lDJw.jpg","","in","","1","0","0","https://x.com/langitRTV/status/2025330518519103605","85737051","langitRTV"
"2027428515038089358","2026-02-27T17:00:00.000Z","0","Hyundai Kembangkan Robot Pemadam Kebakaran Tanpa Awak, Tahan Api hingga 800 Derajat
https://t.co/IkDHPoIrgM","2027428515038089358","","","in","","0","0","0","https://x.com/officialinews_/status/2027428515038089358","132078023","officialinews_"
"2028846381193187378","2026-03-03T14:54:06.000Z","0","Satgas Pemadam Kebakaran menerima laporan terjadinya kebakaran kabel jaringan listrik di Air Kemang, Pino Raya, pada hari Selasa, 3 Maret 2026 pukul 18.34 WIB dan langsung menuju lokasi untuk memadamkan kebakaran tersebut. 

https://t.co/ZflWWuCysK","2028846381193187378","","","in","","0","0","0","https://x.com/damkarbs/status/2028846381193187378","1390080853569458177","damkarbs"
"2029140588906569954","2026-03-04T10:23:10.000Z","1","Dinas Gulkarmat Provinsi DKI Jakarta telah menggelar Tasyakuran HUT ke-107 Pemadam Kebakaran pada Minggu, 1 Maret 2026. 

107 Tahun Dedikasi, Mengabdi untuk Keselamatan Negeri🚒🔥

#PemadamJakarta #JagaJakarta #JAKI #JS112 #JKTInfo – @dkijakarta https://t.co/09YwfLXhTf","2029140588906569954","https://pbs.twimg.com/amplify_video_thumb/2029140433734111232/img/5VgCTbPqEcyk35Pt.jpg","","in","","0","0","0","https://x.com/humasjakfire/status/2029140588906569954","555862521","humasjakfire"
"2028026925177098745","2026-03-01T08:37:52.000Z","0","• Dirgayayu ke - 107 Pemadam Kebakaran Indonesia!
""Pantang Pulang Sebelum Padam! Teruslah menjadi garda terdepan dalam menyelamatkan jiwa dan raga. Dedikasi tanpa batas, keberanian tanpa ragu. 
Salam Yudha Brama Jaya! 🔥🚒  https://t.co/fDNM4PdK3h https://t.co/NNGZT1H5t6","2028026925177098745","https://pbs.twimg.com/media/HCT_vPUbEAUen4M.jpg","","in","","0","0","0","https://x.com/bpbd_malangkab/status/2028026925177098745","735346841080999936","bpbd_malangkab"
"2022857992182599807","2026-02-15T02:18:22.000Z","0","Babinsa Kelurahan Kassi Gelar Komsos dengan Personel Damkar
 
Pangkep, – Serda Haerul, Babinsa Kelurahan Kassi, melaksanakan kegiatan Komunikasi Sosial (Komsos) bersama personel Pemadam Kebakaran (Damkar) di wilayah binaannya. Kegiatan ini bertempat di Kampung Kassi . https://t.co/6rwoAWpZoz","2022857992182599807","https://pbs.twimg.com/media/HBKinJcacAAWjYi.jpg","","in","","0","0","0","https://x.com/kodim1421pangk2/status/2022857992182599807","1232105342172987392","kodim1421pangk2"
"2024114683544768547","2026-02-18T13:32:01.000Z","0","Pemadam kebakaran, bomba. 🧯 https://t.co/KsVEEPMqTh","2024114683544768547","https://pbs.twimg.com/amplify_video_thumb/2024114623478480896/img/qJV21yZUsn8lfagc.jpg","","in","","0","2","5","https://x.com/perirelung/status/2024114683544768547","792713980942946304","perirelung"
"2028371715248754894","2026-03-02T07:27:56.000Z","1","Segenap Keluarga Besar Satuan Polisi Pamong Praja dan Pemadam Kebakaran Kabupaten Cianjur mengucapkan turut berduka cita atas meninggalnya Wakil Presiden Ke-6, Bapak Jenderal TNI (Purn) H Try Sutrisno bin Subandi.

Semoga Almarhum mendapatkan tempat  terbaik di sisi-Nya. https://t.co/LjkvmESeWZ","2028371715248754894","https://pbs.twimg.com/ext_tw_video_thumb/2028371672852819969/pu/img/AkSsncq-GnDzY5I8.jpg","","in","","0","0","0","https://x.com/stpolpp_dmkrcjr/status/2028371715248754894","1745688053296123905","stpolpp_dmkrcjr"
"2025812070890131596","2026-02-23T05:56:50.000Z","17","Ikut Kuis Family 100, Pria Ini Sebut Nama Artis Amanda Zahra, Tak Menyangka Sampai Rumah Langsung Di Usir Sama Istrinya, Segala Tas Berisi Pakaian di Buang Keteras

Pemadam kebakaran juga ga bisa nolong ini mah 😂 https://t.co/Y9wqI7jWA1","2025812070890131596","https://pbs.twimg.com/ext_tw_video_thumb/2025812053056004096/pu/img/yM3jM0xcLt5frnsf.jpg","","in","","1","8","7","https://x.com/Netizen_bawel/status/2025812070890131596","1586670790065655808","Netizen_bawel"
"2026467387453878624","2026-02-25T01:20:49.000Z","0","Semarak Bulan K3 Nasional, Pupuk Kujang edukasi kesiapsiagaan &amp; pemadam kebakaran u/ adik-adik KB Melati &amp; TK. 🧑‍🚒💦 Tak hanya dukung ketahanan pangan, kami juga peduli keselamatan masyarakat sejak dini. Cek keseruannya di foto! 👇 Salam Safety! 👷‍♂️🌱 https://t.co/QgHvxwRfsG","2026467387453878624","https://pbs.twimg.com/media/HB91NA5bgAAAiqF.jpg","","in","","0","0","0","https://x.com/kujangcikampek/status/2026467387453878624","756651500655382529","kujangcikampek"
"2029925078113341941","2026-03-06T14:20:27.000Z","1","Dinas Pemadam Kebakaran dan Penyelamatan (Damkarmat) Kabupaten Banyuwangi melalui sektor Bangorejo melakukan penanganan pohon tumbang yang mengenai rumah warga di Dusun Kebunrejo, Desa Kebondalem, Kecamatan Bangorejo, Kabupaten Banyuwangi pada Kamis (5/3/2026). https://t.co/fz7NqhSPvn","2029925078113341941","https://pbs.twimg.com/ext_tw_video_thumb/2029924731424854016/pu/img/aRXmBASF6o3F6d26.jpg","","in","","0","0","0","https://x.com/BwiDamkar/status/2029925078113341941","1620611682069544970","BwiDamkar"
"2026869834982764730","2026-02-26T04:00:00.000Z","1","Khairul Umam, seorang stand up comedian sekaligus anggota pemadam kebakaran, mengaku mendapat teror melalui pesan WhatsApp dari nomor tak dikenal setelah kontennya tentang penggunaan helm viral di media sosial.

Konten tersebut menyindir fungsi helm sebagai pelindung kepala, https://t.co/qM1rvMRTtG","2026869834982764730","https://pbs.twimg.com/amplify_video_thumb/2026851801690157060/img/zb82E8vFKs_JbOIs.jpg","","in","","0","1","1","https://x.com/SINDOnews/status/2026869834982764730","231355136","SINDOnews"
"2027968239985430875","2026-03-01T04:44:40.000Z","1","Selamat Hari Ulang Tahun Pemadam Kebakaran dan Penyelamatan ke-107
 
1 Maret 1919 – 1 Maret 2026
 
Lebih dari satu abad pengabdian, dedikasi, dan keberanian dalam melindungi, menjaga keselamatan jiwa, serta menyelamatkan harta benda. https://t.co/04730a8sUO","2027968239985430875","https://pbs.twimg.com/media/HCTKW92bEAUaIU2.jpg","","in","","0","0","0","https://x.com/BwiDamkar/status/2027968239985430875","1620611682069544970","BwiDamkar"
"2028074028100194523","2026-03-01T11:45:02.000Z","1","Dinas Pemadam Kebakaran dan Penyelamatan (Damkarmat) Kabupaten Banyuwangi telah menangani kasus penyelamatan non kebakaran, yakni seekor kucing yang mengalami mata kail pancing tertancap di mulutnya, pada hari Minggu (01/03/2026) siang. https://t.co/UdHux4u0zF","2028074028100194523","https://pbs.twimg.com/ext_tw_video_thumb/2028073943253618688/pu/img/PrB-wcn4GbqLc-CF.jpg","","in","","0","0","0","https://x.com/BwiDamkar/status/2028074028100194523","1620611682069544970","BwiDamkar"
"2026554267675611613","2026-02-25T07:06:03.000Z","3411","TEROR KARENA KONTEN HELM VIRAL
.
Khairul umam seorang stand up comedy dan anggota Pemadam Kebakaran, Viral setelah kontennya yang menyindir mengenai ""HELM ITU UNTUK MELINDUNGI KEPALA, BUKAN UNTUK MUKUL KEPALA""
konten itu viral karena kasus Seorang Polisi membunuh Anak 14 thn https://t.co/r3ZiWKMkZU","2026554267675611613","https://pbs.twimg.com/ext_tw_video_thumb/2026554239145881602/pu/img/euYyD2UhgNVRMxVh.jpg","","in","","47","279","1216","https://x.com/anjingkmpng/status/2026554267675611613","444602721","anjingkmpng"
"2027974806227091614","2026-03-01T05:10:46.000Z","2","1 Maret 2026

DIRGAHAYU PEMADAM KEBAKARAN INDONESIA ke 107

1 Maret 1919 - 1 Maret 2026
""Mengabdi untuk keselamatan negeri"" https://t.co/sm20vOdal7","2027974806227091614","https://pbs.twimg.com/media/HCTQUEKaUAAhgu7.jpg","","in","","0","0","0","https://x.com/PMIBanjarnegara/status/2027974806227091614","1371346729","PMIBanjarnegara"
"2028094768845398214","2026-03-01T13:07:27.000Z","3","Dirgahayu Pemadam Kebakaran Indonesia ke-107 Tahun

Damkar JAYA JAYA JAYA https://t.co/BAwWQN9mon","2028094768845398214","https://pbs.twimg.com/media/HCU9cLtb0AADtCb.jpg","","in","","0","0","0","https://x.com/damkarsleman/status/2028094768845398214","821932210773032960","damkarsleman"
"2027987196557594836","2026-03-01T06:00:00.000Z","135","Kota Tel Aviv mencekam setelah rudal-rudal Iran menghantam kawasan pemukiman. Petugas darurat dan tim pemadam kebakaran kini tengah berpacu dengan waktu, menyisir reruntuhan gedung yang luluh lantak untuk mencari warga yang terjebak.

Serangan ini merupakan gelombang balasan https://t.co/UuD4HT8vLN","2027987196557594836","https://pbs.twimg.com/amplify_video_thumb/2027974408569331713/img/V3k8W6CkeAR5No05.jpg","","in","","0","6","42","https://x.com/SINDOnews/status/2027987196557594836","231355136","SINDOnews"
"2028585072572711291","2026-03-02T21:35:45.000Z","0","Daftar Kontak Darurat Pemadam Kebakaran DAMKAR Di Indonesia

https://t.co/ac0Rw0n8mD","2028585072572711291","","","in","","0","0","0","https://x.com/campusnesiacoid/status/2028585072572711291","4831061174","campusnesiacoid"
"2024429152674426953","2026-02-19T10:21:36.000Z","0","Malam Pertama Ramadhan, Tim Damkar Lhokseumawe Evakuasi Ular Kobra dari Rumah Warga

Tim Pemadam Kebakaran Kota Lhokseumawe dilaporkan berhasil mengevakuasi seekor ular kobra di dalam rumah warga di kawasan Buket Rata..

 #UlarKobra

https://t.co/S2rDyIRACf","2024429152674426953","","","in","","0","0","0","https://x.com/serambinews/status/2024429152674426953","64635651","serambinews"
"2028146429089473017","2026-03-01T16:32:44.000Z","0","Pemerintah Kecamatan Watukumpul mengucapkan Dirgahayu Pemadam Kebakaran dan Penyelamatan Republik Indonesia ke-107 th.

@damkar_RI 
@satpolpp_PML https://t.co/npd9X33stX","2028146429089473017","https://pbs.twimg.com/media/HCVsbGKaEAAc__W.jpg","","in","","0","0","0","https://x.com/kecwatukumpul1/status/2028146429089473017","1507339043394453510","kecwatukumpul1"
"2022466948806648008","2026-02-14T00:24:30.000Z","0","Penunjukan Tudor sebagai pelatih interim Tottenham memunculkan fakta yang bertabrakan. Tudor ditugaskan lagi sebagai pemadam kebakaran, tetapi di beda liga. #Olahraga #AdadiKompas

https://t.co/e6BecflxSq","2022466948806648008","","","in","","0","1","0","https://x.com/hariankompas/status/2022466948806648008","255866913","hariankompas"
"2029912510271476086","2026-03-06T13:30:31.000Z","1","Dinas Pemadam Kebakaran dan Penyelamatan (Damkarmat) Kabupaten Banyuwangi melalui sektor genteng bersama tim Gabungan melakukan penanganan pohon tumbang di parkiran RSUD Genteng, Kamis (5/3/2026) https://t.co/BiHE5fRA0Z","2029912510271476086","https://pbs.twimg.com/ext_tw_video_thumb/2029912339093540866/pu/img/pVKKhM7wn_2l_0hO.jpg","","in","","0","0","0","https://x.com/BwiDamkar/status/2029912510271476086","1620611682069544970","BwiDamkar"
"2021815277063979313","2026-02-12T05:15:00.000Z","1","Foto-foto: Petugas pemadam kebakaran (Damkar) berusaha memadamkan kebakaran di pabrik cat di Cikupa, Kabupaten Tangerang, Banten, Kamis (12/2/2026). 

BPBD  Kabupaten Tangerang mengerahkan delapan unit mobil damkar untuk  memadamkan api yang mulai berkobar sejak Rabu (11/2) https://t.co/YOeBn8WBhC","2021815277063979313","https://pbs.twimg.com/media/HA7D2BiaMAAIGt5.jpg","","in","","0","0","1","https://x.com/akuratco/status/2021815277063979313","786549338818224128","akuratco"
"2026632957461750224","2026-02-25T12:18:44.000Z","0","Dalam rangka HUT Pemadam Kebakaran ke-107, Dinas Gulkarmat Provinsi DKI Jakarta menyelenggarakan kegiatan tasyakuran yang dirangkaikan dengan santunan kepada 107 anak yatim di Sudin Gulkarmat pada 5 wilayah kota administrasi, 1 Maret 2026. 

#JagaJakarta #JAKI #JS112 @dkijakarta https://t.co/geRX06T7Gj","2026632957461750224","https://pbs.twimg.com/media/HCAL7x0aAAAihFg.jpg","","in","","0","1","0","https://x.com/humasjakfire/status/2026632957461750224","555862521","humasjakfire"
"2027976856935534983","2026-03-01T05:18:55.000Z","2","Selama 107 tahun, langkah pengabdian Pemadam Kebakaran dan Penyelamatan Indonesia tak pernah berhenti. 

Selamat Ulang Tahun ke-107 Pemadam Kebakaran dan Penyelamatan Indonesia 🔥🚒🧑🏻‍🚒

#PemadamJakarta #JAKI #JS112 #JKTInfo – @dkijakarta https://t.co/wuN0R4GV8F","2027976856935534983","https://pbs.twimg.com/amplify_video_thumb/2027976149150949377/img/U4qtKyQxJrDZQ85I.jpg","","in","","0","0","0","https://x.com/humasjakfire/status/2027976856935534983","555862521","humasjakfire"
"2027225709660520460","2026-02-27T03:34:07.000Z","0","Dalam penanganan kebakaran dan kondisi darurat, waktu adalah faktor penentu keselamatan. ⏱️🔥

Di Provinsi DKI Jakarta, rata-rata capaian response time layanan pemadaman kebakaran dan penyelamatan adalah kurang dari 10 menit. 🚒

#PemadamJakarta #JagaJakarta #JS112 @dkijakarta https://t.co/NzKQk2YKFP","2027225709660520460","https://pbs.twimg.com/ext_tw_video_thumb/2027225591167266816/pu/img/IzeBpyQXXI6SaS5y.jpg","","in","","0","0","0","https://x.com/humasjakfire/status/2027225709660520460","555862521","humasjakfire"
"2023706489312210957","2026-02-17T10:30:00.000Z","0","Mal Ciputra Cibubur, Kota Bekasi, terbakar pada Selasa (17/2/2026) siang.

Berdasarkan video yang beredar luas di media sosial, api terlihat cukup besar di area luar mal.

Danki A Pemadam Kebakaran (Damkar) Bekasi, Rusmanto, mengatakan, saat ini api sudah berhasil dipadamkan. https://t.co/iGJrADuiXG","2023706489312210957","https://pbs.twimg.com/amplify_video_thumb/2023686205473476608/img/QuqghUqrWNiD-uc2.jpg","","in","","1","0","0","https://x.com/akuratco/status/2023706489312210957","786549338818224128","akuratco"
"2027355218380546501","2026-02-27T12:08:45.000Z","0","Perkuat koordinasi antarinstansi di wilayah binaan, Batituud Koramil 03/Getasan, Pelda Dedy Haryono, melaksanakan kegiatan anjangsana ke Pos Pemadam Kebakaran (Damkar) Kecamatan Getasan pada Kamis (12/02/2026) pukul 07.30 WIB. https://t.co/E8WJFAXS8x","2027355218380546501","https://pbs.twimg.com/media/HCKc0csaEAA1pYf.jpg","","in","","0","0","0","https://x.com/getasan_03/status/2027355218380546501","1536608700520992768","getasan_03"
"2023700173810266230","2026-02-17T10:04:54.000Z","0","Kebakaran melanda Mal Ciputra Cibubur, Kota Bekasi, Jawa Barat pada Selasa (17/2) siang. Sebanyak dua unit mobil pemadam kebakaran (damkar) dikerahkan ke lokasi untuk memadamkan api.
Selengkapnya baca:
https://t.co/vvbEJzlwRO https://t.co/v3ORuWxZNG","2023700173810266230","https://pbs.twimg.com/media/HBWglU2aUAA8i5s.jpg","","in","","0","0","0","https://x.com/lawjustice_co/status/2023700173810266230","1899398008418217984","lawjustice_co"
"2020930698958496166","2026-02-09T18:40:00.000Z","11","[Breaking News] 01:27 Kebakaran di jl. imogiri timur, selatan perempatan grojogan. Ruko es teh idaman. Karna lupa matiin kompor. Sudah aman terkendali oleh bomba kab. Bantul.

Terimakasih untuk Pemadam Kebakaran Kab. Bantul udah gercep🙏🏻✨

Nama samarkan ya admin https://t.co/hJ6fAo4Ufl","2020930698958496166","https://pbs.twimg.com/media/HAvJwTEaUAAWRjm.jpg","","in","","0","0","0","https://x.com/merapi_uncover/status/2020930698958496166","1279804428724211712","merapi_uncover"
"2017940587866136811","2026-02-01T12:38:22.000Z","0","Cipadu kebakaran pastes rame damkar sama pemadam dari ciledug","2017940587866136811","","","in","","0","0","0","https://x.com/jaehjenry/status/2017940587866136811","1314536676702580736","jaehjenry"
"2027702313327251503","2026-02-28T11:07:59.000Z","1","H-1 menuju Tasyakuran HUT Pemadam Kebakaran ke-107! 🎉🔥

Ayo kita simak kegiatan memanen di Kantor Dinas untuk persiapan HUT Damkar!

#PemadamJakarta #JagaJakarta #JAKI #JS112 #JKTInfo - @dkijakarta https://t.co/zjaV0V2UD4","2027702313327251503","https://pbs.twimg.com/ext_tw_video_thumb/2027702213586653185/pu/img/oRMtPaJJueg-UwPK.jpg","","in","","0","0","0","https://x.com/humasjakfire/status/2027702313327251503","555862521","humasjakfire"
"2023674972669886718","2026-02-17T08:24:46.000Z","5","Mal Ciputra di kawasan Cibubur, Bekasi, mengalami kebakaran siang ini. Dua unit mobil pemadam kebakaran dikerahkan ke lokasi.

https://t.co/3BzcFmeHT3","2023674972669886718","","","in","","0","3","2","https://x.com/detikcom/status/2023674972669886718","69183155","detikcom"
"2026285644461609319","2026-02-24T13:18:38.000Z","0","KENALI PERBEDAAN WARNA SIRINE!

Pernah dengar suara sirine di jalan?
Ternyata, setiap warna sirine punya arti berbeda.

🔴 Merah
Digunakan ambulans &amp; mobil pemadam kebakaran.
Artinya kondisi darurat yang mengancam keselamatan jiwa.
➡️ Wajib beri jalan! https://t.co/Rj5t0z9h1A","2026285644461609319","https://pbs.twimg.com/media/HB7QDThaQAA0gUD.jpg","","in","","0","1","0","https://x.com/satpolppsby/status/2026285644461609319","3042987860","satpolppsby"
"2023057211958743144","2026-02-15T15:30:00.000Z","5","Gavyn Gallagher, seorang petugas pemadam kebakaran di Washington, AS, menyelamatkan seekor rusa yang terjebak di permukaan Danau Loon yang membeku.

Rusa tersebut dilaporkan warga setempat tampak kelelahan dan kesulitan berdiri, karena terus tergelincir di lapisan es yang licin https://t.co/LS8UBezAqW","2023057211958743144","https://pbs.twimg.com/amplify_video_thumb/2023010275021193216/img/KgvbEWimAQ_jhStN.jpg","","in","","0","0","1","https://x.com/SINDOnews/status/2023057211958743144","231355136","SINDOnews"
"2024041402594639881","2026-02-18T08:40:49.000Z","0","Disney+ Battle of Fates telah merilis pernyataan terkait penggunaan penyebab kematian seorang petugas pemadam kebakaran yang telah meninggal dalam acara tersebut.

👉🏻Baca selengkapnya https://t.co/HQkXZ2qYng

~AM #DisneyPlus #PemadamKebakaran #KoreaSelatan https://t.co/81U3JKfvt1","2024041402594639881","https://pbs.twimg.com/media/HBbW6-caAAAVVKE.jpg","","in","","0","0","0","https://x.com/kompascom/status/2024041402594639881","23343960","kompascom"
"2026225549417541669","2026-02-24T09:19:51.000Z","0","Anggota satgas DAMKAR BS menerima laporan dari Bapak Simantri yang datang langsung ke Pos I Padang Panjang untuk meminta bantuan evakuasi cincin pada hari Selasa, 24 Februari 2026 pukul 15.50 WIB. 

https://t.co/h4VdIcpnKx","2026225549417541669","","","in","","0","0","0","https://x.com/damkarbs/status/2026225549417541669","1390080853569458177","damkarbs"
"2026232209078960514","2026-02-24T09:46:18.000Z","1","Dinas Pemadam Kebakaran dan Penyelamatan (Damkarmat) Kabupaten Banyuwangi menangani kasus penyelamatan non-kebakaran berupa evakuasi cincin yang tidak dapat dilepaskan dari jari seorang warga. https://t.co/17IdFoeRey","2026232209078960514","https://pbs.twimg.com/ext_tw_video_thumb/2026232143253577728/pu/img/KmYig1OSeVD1cE0H.jpg","","in","","0","0","0","https://x.com/BwiDamkar/status/2026232209078960514","1620611682069544970","BwiDamkar"
"2027946185965895801","2026-03-01T03:17:02.000Z","1","Satuan Polisi Pamong Praja dan Pemadam Kebakaran Kabupaten Cianjur mengucapkan Selamat Ulang Tahun Pemadam Kebakaran yang ke 107 Tahun 2026🔥🚒

@ditpolpp_linmas 
@satpolppjabar 
@pemkabcjr https://t.co/4uSgd6XYJK","2027946185965895801","https://pbs.twimg.com/media/HCS2TRRbEAMO9TI.jpg","","in","","0","1","0","https://x.com/stpolpp_dmkrcjr/status/2027946185965895801","1745688053296123905","stpolpp_dmkrcjr"
"2022574027894853844","2026-02-14T07:30:00.000Z","3","Video yang mengharukan ini memperlihatkan anak-anak di Gaza mengenakan kostum sesuai cita-cita mereka: dokter, guru, perawat, petugas pemadam kebakaran, hingga polisi.

Di tengah situasi yang tidak mudah, mereka tetap menyimpan mimpi besar untuk masa depan. 

Kostum-kostum itu https://t.co/nGZe6U4yc1","2022574027894853844","https://pbs.twimg.com/amplify_video_thumb/2022523200371085312/img/3aYPXoxnu7DDBEmp.jpg","","in","","0","0","1","https://x.com/SINDOnews/status/2022574027894853844","231355136","SINDOnews"
"2022960338816438681","2026-02-15T09:05:04.000Z","1","Jadi inget dulu waktu sd masukin koin cuma buat nelepon polisi sama pemadam kebakaran wkwk
https://t.co/LxXrJJLKTQ","2022960338816438681","","","in","","0","1","0","https://x.com/ahhcrazzytweet/status/2022960338816438681","1798225766368563201","ahhcrazzytweet"
"2028494806641734055","2026-03-02T15:37:04.000Z","1","Dinas Pemadam Kebakaran dan Penyelamatan (Damkarmat) Kabupaten Banyuwangi, melalui sektor Srono, berhasil mengevakuasi ular piton yang ditemukan di pemukiman warga wilayah Dusun Sumberejo, Desa Kepundungan, Kecamatan Srono, Kabupaten Banyuwangi. https://t.co/iAm44DHV9i","2028494806641734055","https://pbs.twimg.com/ext_tw_video_thumb/2028494744155041792/pu/img/KGaAxEgsq2O1iVwL.jpg","","in","","0","0","0","https://x.com/BwiDamkar/status/2028494806641734055","1620611682069544970","BwiDamkar"
"2024068103236379089","2026-02-18T10:26:55.000Z","1","Dinas Penanggulangan Kebakaran dan Penyelamatan Provinsi DKI Jakarta mengucapkan Selamat Menunaikan Ibadah Puasa 1447 H🌙✨

#PemadamJakarta #JagaJakarta
#JAKI #JS112 #JKTInfo – @dkijakarta https://t.co/AuvWTZFkos","2024068103236379089","https://pbs.twimg.com/media/HBbumdzaQAAIw59.jpg","","in","","0","0","0","https://x.com/humasjakfire/status/2024068103236379089","555862521","humasjakfire"
"2019689454139756882","2026-02-06T08:27:44.000Z","8","Betul, ada kebakaran di exit Tol Kopo Bandung. 

Kebakaran menimpa sebuah pabrik yang jalan masuknya lewat Jl Cibolerang, Margasuka, Kecamatan Babakan Ciparay.

Saat ini petugas pemadam kebakaran sudah meluncur ke lokasi.","2019689454139756882","","","in","","0","0","4","https://x.com/PRFMnews/status/2019689454139756882","150589950","PRFMnews"
"2024651464577364204","2026-02-20T01:05:00.000Z","1","Menjadi pemadam kebakaran bukanlah proses yang instan.

Inilah perjalanan awal para penjaga keselamatan.
Ditempa dalam gelap, diuji hingga batas,
demi satu tujuan: melindungi dan menyelamatkan masyarakat.

#PemadamJakarta #JagaJakarta #JAKI #JS112 #JKTInfo – @dkijakarta https://t.co/KoMnOCppaF","2024651464577364204","https://pbs.twimg.com/ext_tw_video_thumb/2024651249384316928/pu/img/wrq8BI2qpG1bSZyp.jpg","","in","","0","0","1","https://x.com/humasjakfire/status/2024651464577364204","555862521","humasjakfire"
"2023675545817673885","2026-02-17T08:27:02.000Z","29","Kebakaran hebat melanda Mall Ciputra Cibubur, Selasa (17/2/2026) siang. Asap hitam mengepul dari bagian atas gedung Mal Ciputra. Dua unit armada pemadam kebakaran langsung dikerahkan untuk memadamkan api. Kini api sudah berhasil dipadamkan.

Update berita selengkapnya di https://t.co/QWMuYxMLvu","2023675545817673885","https://pbs.twimg.com/amplify_video_thumb/2023675490071179266/img/uKIrNlppjnx7Gc7n.jpg","","in","","2","2","16","https://x.com/Beritasatu/status/2023675545817673885","154102750","Beritasatu"
"2017889435472548175","2026-02-01T09:15:06.000Z","1","Petugas pemadam kebakaran berhasil memadamkan api di pabrik Swallow setelah berjuang selama hampir 25 jam melawan asap tebal dan suhu tinggi. https://t.co/6tOR5qNSEs","2017889435472548175","https://pbs.twimg.com/ext_tw_video_thumb/2017889376303562752/pu/img/iQyR5wDdn18ZB-9-.jpg","","in","","0","0","0","https://x.com/RacoonEntID/status/2017889435472548175","1857727082","RacoonEntID"
"2015774344778232040","2026-01-26T13:10:29.000Z","0","Drone pemadam kebakaran (damkar) gedung bertingkat tinggi di Shenzhen, China, baru-baru ini mencatat terobosan dengan menyemprotkan aliran air sebesar 16 liter/detik hingga jarak maksimum 36 meter dari ketinggian 306 meter https://t.co/xam7D9e99v https://t.co/KaMFgu9XuG","2015774344778232040","https://pbs.twimg.com/amplify_video_thumb/2015773438938394624/img/WbQ0IVgcJYOXNrU_.jpg","","in","","0","0","0","https://x.com/XHIndonesia/status/2015774344778232040","3271146871","XHIndonesia"
"2018956874176237639","2026-02-04T07:56:43.000Z","0","Aktivitas petugas Pemadam Kebakaran (Damkar) Kota Blitar sepanjang Januari 2026 didominasi penanganan kasus non-kebakaran. Salah satu yang paling sering ditangani adalah evakuasi hewan buas yang masuk ke lingkungan permukiman warga.https://t.co/dizNm2Tlas","2018956874176237639","","","in","","0","0","0","https://x.com/kabarbaikdotco/status/2018956874176237639","1686593862897426433","kabarbaikdotco"
"2025544432670679311","2026-02-22T12:13:20.000Z","1","Dinas Pemadam Kebakaran dan Penyelamatan (Damkarmat) Kabupaten Banyuwangi menangani kasus penyelamatan non kebakaran berupa evakuasi cincin yang terjepit pada jari seorang warga di Desa Kalipait, Kecamatan Tegaldlimo, Kabupaten Banyuwangi, pada Minggu, 22 Februari 2026. https://t.co/XqVKWm7Reg","2025544432670679311","https://pbs.twimg.com/ext_tw_video_thumb/2025544287770013696/pu/img/n0Lv9CtdB964_S_n.jpg","","in","","0","0","0","https://x.com/BwiDamkar/status/2025544432670679311","1620611682069544970","BwiDamkar"
"2019218012017176717","2026-02-05T01:14:23.000Z","5","🚨 HUTAN TERBAKAR DI RIAU SUDAH MENCAPAI 126,22 HA 😭😭😭🙏

Badan Penanggulangan Bencana Daerah dan Pemadam Kebakaran (BPBD Damkar) Provinsi Riau mencatat luasan lahan terbakar di daerah setempat pada pekan pertama Februari 2026 sudah mencapai 126,22 hektare.

Kepala BPBD dan https://t.co/GobADun4zn","2019218012017176717","https://pbs.twimg.com/media/HAW0E87bkAAa-_U.jpg","","in","","0","0","1","https://x.com/indepenSumatera/status/2019218012017176717","1745265761416056832","indepenSumatera"
"2019718396968108387","2026-02-06T10:22:45.000Z","24","15.51 Kebakaran besar terlihat di exit Tol Kopo Bandung, Jumat (6/2/2026).

Saat ini petugas pemadam kebakaran sedang dalam proses pemadaman api. 

📹Netizen PRFM https://t.co/ZwVXDQT0MF","2019718396968108387","https://pbs.twimg.com/amplify_video_thumb/2019717464213561344/img/EtH6v0K4U9v8SbcV.jpg","","in","","1","3","9","https://x.com/PRFMnews/status/2019718396968108387","150589950","PRFMnews"
"2019758941647876442","2026-02-06T13:03:51.000Z","27","tahukah anda, kalau Banjarmasin, Kalimantan Selatan memegang rekor sebagai kota dengan Barisan Pemadam Kebakaran (BPK) Swadaya Masyarakat terbanyak di Indonesia bahkan Asia Tenggara

Lomba ketangkasan seperti ini juga sangat sering dilaksanakan di Kalimantan Selatan https://t.co/YLxJ0xgPYz","2019758941647876442","https://pbs.twimg.com/media/HAegC49agAADQu6.jpg","","in","","0","2","7","https://x.com/txtdarikalsel/status/2019758941647876442","1277478180815728640","txtdarikalsel"
"2023984261074673980","2026-02-18T04:53:46.000Z","0","Tim gabungan dari pengelola tol, kepolisian, dan pemadam kebakaran (damkar) menangani peristiwa kebakaran truk tangki di KM 185+000 ruas Tol Cikopo-Palimanan (Cipali) arah Cirebon, Jawa Barat, pada Rabu pagi.https://t.co/L7mnzxPHGz","2023984261074673980","","","in","","0","0","0","https://x.com/ANTARABengkulu/status/2023984261074673980","423220305","ANTARABengkulu"
"2021126130510758034","2026-02-10T07:36:34.000Z","0","Satlantas Polresta Palangka Raya melaksanakan kegiatan Polantas Menyapa berupa audiensi dengan komunitas Pemadam Kebakaran (Damkar) yang bertempat di Komplek Kehutanan Kota Palangka Raya. Kegiatan ini dilaksanakan dalam rangka Operasi Keselamatan Tahun 2026. https://t.co/4b8JZ5Dnlo","2021126130510758034","https://pbs.twimg.com/amplify_video_thumb/2021126037204238339/img/rnhM7IsmDBfr8kuK.jpg","","in","","0","0","0","https://x.com/Satlantrestapky/status/2021126130510758034","1457182519279816707","Satlantrestapky"
"2021494473612722312","2026-02-11T08:00:14.000Z","0","Mendagri Tito Karnavian mengingatkan polisi tak hanya jadi “pemadam kebakaran”. Ia meminta Polri terlibat sejak awal mencegah kebijakan daerah yang menyimpang. Pesan itu disampaikan dalam Rapim Polri 2026 di TMII, Jakarta.

Baca selengkapnya: https://t.co/qYWSdBBqGO

~RK https://t.co/b0wkYXon0K","2021494473612722312","https://pbs.twimg.com/media/HA3KTq_bIAALi5W.jpg","","in","","1","0","0","https://x.com/kompascom/status/2021494473612722312","23343960","kompascom"
"2024701717888241839","2026-02-20T04:24:41.000Z","0","Satgas Pemadam Kebakaran Bengkulu Selatan mengikuti kegiatan Simulasi Tanggap Darurat Kebakaran yang diselenggarakan oleh SPPG Bengkulu Selatan Kota Manna, Pasar Baru 2 pada hari Jumat, 20 Februari 2026 pukul 09.30 WIB

https://t.co/Mn55X1G0jL","2024701717888241839","","","in","","0","0","0","https://x.com/damkarbs/status/2024701717888241839","1390080853569458177","damkarbs"
"2024799118938525827","2026-02-20T10:51:43.000Z","132","Hhahha abang pemadam kebakaran ini sampe dimarahin istrinya karna bisa tahu amanda zahra 
Lucu pol https://t.co/GNDuFLaANi","2024799118938525827","https://pbs.twimg.com/amplify_video_thumb/2024799054459478016/img/9NiJTiv7DIa5Jc7o.jpg","","in","","0","4","16","https://x.com/txtdarionlshop/status/2024799118938525827","979392686","txtdarionlshop"
"2023931937992425875","2026-02-18T01:25:51.000Z","2","Anggota Koramil 1420-05/Dua Pitue, Kopka Junaedi dan Kopda Irwan, melaksanakan patroli Siskamling gabungan bersama personel Pemadam Kebakaran (Damkar) di Kelurahan Tanru Tedong, Kecamatan Dua Pitue, Kabupaten Sidrap, Selasa (17/02/2026). https://t.co/CLvIPAZeH3","2023931937992425875","https://pbs.twimg.com/media/HBZzXvjaIAAlVEj.jpg","","in","","0","0","0","https://x.com/1420_sidrap/status/2023931937992425875","1616955567876222976","1420_sidrap"
"2026867062354915837","2026-02-26T03:48:59.000Z","700","Bang Umen alias Khairul Umam, anggota pemadam kebakaran (damkar) Kota Depok, kena teror setelah mengunggah konten edukasi mengenai fungsi  helm.

Hadeh, ini polisi kenapa sensi banget ya? Kan ngga nyolek Brimop yang menaniaya bocah itu. Ini beda cerita.

🎥TikTok xkhairulumam https://t.co/5YqLJTWhgy","2026867062354915837","https://pbs.twimg.com/amplify_video_thumb/2026866427031072777/img/euZTzkNK6w65TjQ_.jpg","","in","","3","15","258","https://x.com/SiPalingDepok/status/2026867062354915837","3269713914","SiPalingDepok"
"2024695337718632929","2026-02-20T03:59:20.000Z","8","Mahfud MD menegaskan
Komisi Reformasi Polri bkn pemadam kebakaran kasus per kasus.
Tugasnya lbh besar membenahi sistem dr hulu.
Tanpa perubahan struktural kasus akan selesai satu, tp masalah akan lahir seribu.
Reformasi sejati bukan soal cepat meredam, tapi berani membongkar akar https://t.co/TSUDlHcWgA","2024695337718632929","https://pbs.twimg.com/media/HBkpqxLaIAASRls.jpg","","in","","0","2","8","https://x.com/_Grey_5hin5hin/status/2024695337718632929","1305495981455097856","_Grey_5hin5hin"
"2019329555505528995","2026-02-05T08:37:38.000Z","0","Damkar Wakili Kalaksa BPB-PK Prov. Kalteng Ikuti Risk Assessment

Kamis, 05 Februari 2026

Bidang Pemadam Kebakaran mewakili Kepala Pelaksana BPB-PK Provinsi Kalimantan Tengah turut mengikuti kegiatan Risk Assessment yang dilaksanakan oleh Ditpamobvit Polda Kalimantan Tengah. https://t.co/IEgnyZxzSj","2019329555505528995","https://pbs.twimg.com/media/HAYZf3sacAUIwUW.jpg","","in","","0","0","0","https://x.com/bpbdkalteng/status/2019329555505528995","1840676389961469953","bpbdkalteng"
