conversation_id_str,created_at,favorite_count,full_text,id_str,image_url,in_reply_to_screen_name,lang,location,quote_count,reply_count,retweet_count,tweet_url,user_id_str,username,full_text_bersih,text_clean,text_normal,text_stopword,text_stemmed
2045259306111815752,2026-04-17T21:53:12.000Z,1,"#Gempa Mag:5.4, 18-Apr-2026 04:46:29WIB, Lok:6.05LS, 148.56BT (909 km Tenggara PEG-BINTANG-PAPUA), Kedlmn:22 Km #BMKG 
Disclaimer:Informasi ini mengutamakan kecepatan, sehingga hasil pengolahan data belum stabil dan bisa berubah seiring kelengkapan data https://t.co/QDuCtY2ZGm",2045259306111815752,https://pbs.twimg.com/tweet_video_thumb/HGI4gCWaAAAl6Tw.jpg,,in,,0,0,0,https://x.com/infoBMKG/status/2045259306111815752,108543358,infoBMKG,"#Gempa Mag:5.4, 18-Apr-2026 04:46:29WIB, Lok:6.05LS, 148.56BT (909 km Tenggara PEG-BINTANG-PAPUA), Kedlmn:22 Km #BMKG 
Disclaimer:Informasi ini mengutamakan kecepatan, sehingga hasil pengolahan data belum stabil dan bisa berubah seiring kelengkapan data https://t.co/QDuCtY2ZGm",gempa mag apr wib lok ls bt km tenggara peg bintang papua kedlmn km bmkg disclaimer informasi ini mengutamakan kecepatan sehingga hasil pengolahan data belum stabil dan bisa berubah seiring kelengkapan data,gempa mag apr wib lok ls bt km tenggara peg bintang papua kedlmn km bmkg disclaimer informasi ini mengutamakan kecepatan sehingga hasil pengolahan data belum stabil dan bisa berubah seiring kelengkapan data,gempa mag apr wib lok ls bt km tenggara peg bintang papua kedlmn km bmkg disclaimer informasi mengutamakan kecepatan sehingga hasil pengolahan data belum stabil bisa berubah seiring kelengkapan data,gempa mag apr wib lok ls bt km tenggara g bintang papua dlmn km bmkg sclaimer informas ngutama cepatan sehingga hasil ngolahan data belum stabil bisa berubah seiring lengkapan data
2045257285208097047,2026-04-17T21:45:10.000Z,2,"#Gempa Mag:2.3, 18-Apr-2026 04:41:43WIB, Lok:8.60LS, 110.26BT (77 km BaratDaya GUNUNGKIDUL-DIY), Kedlmn:19 Km #BMKG 
Disclaimer:Informasi ini mengutamakan kecepatan, sehingga hasil pengolahan data belum stabil dan bisa berubah seiring kelengkapan data https://t.co/R2pqPiUeEr",2045257285208097047,https://pbs.twimg.com/tweet_video_thumb/HGI2qboaUAAneT3.jpg,,in,,0,0,1,https://x.com/infoBMKG/status/2045257285208097047,108543358,infoBMKG,"#Gempa Mag:2.3, 18-Apr-2026 04:41:43WIB, Lok:8.60LS, 110.26BT (77 km BaratDaya GUNUNGKIDUL-DIY), Kedlmn:19 Km #BMKG 
Disclaimer:Informasi ini mengutamakan kecepatan, sehingga hasil pengolahan data belum stabil dan bisa berubah seiring kelengkapan data https://t.co/R2pqPiUeEr",gempa mag apr wib lok ls bt km baratdaya gunungkidul diy kedlmn km bmkg disclaimer informasi ini mengutamakan kecepatan sehingga hasil pengolahan data belum stabil dan bisa berubah seiring kelengkapan data,gempa mag apr wib lok ls bt km baratdaya gunungkidul diy kedlmn km bmkg disclaimer informasi ini mengutamakan kecepatan sehingga hasil pengolahan data belum stabil dan bisa berubah seiring kelengkapan data,gempa mag apr wib lok ls bt km baratdaya gunungkidul diy kedlmn km bmkg disclaimer informasi mengutamakan kecepatan sehingga hasil pengolahan data belum stabil bisa berubah seiring kelengkapan data,gempa mag apr wib lok ls bt km baratdaya gunungkidul y dlmn km bmkg sclaimer informas ngutama cepatan sehingga hasil ngolahan data belum stabil bisa berubah seiring lengkapan data
2044219030488400182,2026-04-15T00:59:31.000Z,4083,"Komplotan Begal Terhadap Petugas Pemadam Kebakaran Di Gambir Dibekuk Polisi, 7 Pelaku Diamankan ‼

Jajaran Polres Metro Jakarta Pusat menangkap komplotan begal yang beraksi di kawasan Gambir, Jakarta Pusat. Penangkapan dilakukan pada Senin (13/4/2026) di sebuah apartemen di https://t.co/nBDaGqdyiy",2044219030488400182,https://pbs.twimg.com/amplify_video_thumb/2044218583451103232/img/s_glWj_Hj9UFrYis.jpg,,in,,34,179,560,https://x.com/RadioElshinta/status/2044219030488400182,121640063,RadioElshinta,"Komplotan Begal Terhadap Petugas Pemadam Kebakaran Di Gambir Dibekuk Polisi, 7 Pelaku Diamankan ‼

Jajaran Polres Metro Jakarta Pusat menangkap komplotan begal yang beraksi di kawasan Gambir, Jakarta Pusat. Penangkapan dilakukan pada Senin (13/4/2026) di sebuah apartemen di https://t.co/nBDaGqdyiy",komplotan begal terhadap petugas pemadam kebakaran di gambir dibekuk polisi pelaku diamankan jajaran polres metro jakarta pusat menangkap komplotan begal yang beraksi di kawasan gambir jakarta pusat penangkapan dilakukan pada senin di sebuah apartemen di,komplotan begal terhadap petugas pemadam kebakaran di gambir dibekuk polisi pelaku diamankan jajaran polres metro jakarta pusat menangkap komplotan begal yang beraksi di kawasan gambir jakarta pusat penangkapan dilakukan pada senin di sebuah apartemen di,komplotan begal terhadap petugas pemadam kebakaran gambir dibekuk polisi pelaku diamankan jajaran polres metro jakarta pusat menangkap komplotan begal beraksi kawasan gambir jakarta pusat penangkapan dilakukan senin apartemen,komplotan begal hadap tugas madam bakaran gambir bekuk polis la aman jajaran polres tro jakarta pusat nangkap komplotan begal beraks kawasan gambir jakarta pusat nangkapan laku senin apartemen
2044985864586248552,2026-04-17T03:47:52.000Z,0,"Setelah mengerahkan 10 unit dan 50 personel, pemadaman api dinyatakan selesai pukul 04.52 WIB.",2044986172821434467,,humasjakfire,in,,0,0,0,https://x.com/humasjakfire/status/2044986172821434467,555862521,humasjakfire,"Setelah mengerahkan 10 unit dan 50 personel, pemadaman api dinyatakan selesai pukul 04.52 WIB.",setelah mengerahkan unit dan personel pemadaman api dinyatakan selesai pukul wib,setelah mengerahkan unit dan personel pemadaman api dinyatakan selesai pukul wib,setelah mengerahkan unit personel pemadaman api dinyatakan selesai pukul wib,sete ngerah unit rsonel madaman ap nyata selesa pukul wib
2044316588095221804,2026-04-15T07:27:10.000Z,1,"Polisi menangkap sejumlah pelaku pencurian dengan kekerasan (curas) atau begal terhadap seorang anggota pemadam kebakaran di kawasan Jakarta Pusat. Bahkan, peristiwa yang dialami korban sempat menjadi perhatian publik setelah videonya viral di media sosial. Ada sebanyak 5 pelaku https://t.co/45esaRQ4Xg",2044316588095221804,https://pbs.twimg.com/media/HF7fFsSaUAAAicR.jpg,,in,,0,0,1,https://x.com/RadioElshinta/status/2044316588095221804,121640063,RadioElshinta,"Polisi menangkap sejumlah pelaku pencurian dengan kekerasan (curas) atau begal terhadap seorang anggota pemadam kebakaran di kawasan Jakarta Pusat. Bahkan, peristiwa yang dialami korban sempat menjadi perhatian publik setelah videonya viral di media sosial. Ada sebanyak 5 pelaku https://t.co/45esaRQ4Xg",polisi menangkap sejumlah pelaku pencurian dengan kekerasan curas atau begal terhadap seorang anggota pemadam kebakaran di kawasan jakarta pusat bahkan peristiwa yang dialami korban sempat menjadi perhatian publik setelah videonya viral di media sosial ada sebanyak pelaku,polisi menangkap sejumlah pelaku pencurian dengan kekerasan curas atau begal terhadap seorang anggota pemadam kebakaran di kawasan jakarta pusat bahkan peristiwa yang dialami korban sempat menjadi perhatian publik setelah videonya viral di media sosial ada sebanyak pelaku,polisi menangkap sejumlah pelaku pencurian kekerasan curas begal terhadap seorang anggota pemadam kebakaran kawasan jakarta pusat bahkan peristiwa dialami korban sempat menjadi perhatian publik setelah videonya viral media sosial ada sebanyak pelaku,polis nangkap sejum la ncurian kerasan curas begal hadap seorang anggota madam bakaran kawasan jakarta pusat bah ristiwa alam korban sempat njad rhatian publik sete video viral dia sosial ada sebanyak la
2043179300048830891,2026-04-12T04:16:44.000Z,1,"@MindaXtv Cara memadamkan api, ambil kain basah yang bisa menyerap air, basahi, lalu tutup apinya sampai gak ada udara yang masuk.",2043181498875232669,,MindaXtv,in,,0,1,1,https://x.com/Lima8Satu/status/2043181498875232669,1237012707481550848,Lima8Satu,"@MindaXtv Cara memadamkan api, ambil kain basah yang bisa menyerap air, basahi, lalu tutup apinya sampai gak ada udara yang masuk.",cara memadamkan api ambil kain basah yang bisa menyerap air basahi lalu tutup apinya sampai gak ada udara yang masuk,cara memadamkan api ambil kain basah yang bisa menyerap air basahi lalu tutup apinya sampai tidak ada udara yang masuk,cara memadamkan api ambil kain basah bisa menyerap air basahi lalu tutup apinya sampai tidak ada udara masuk,cara madam ap ambil kain basah bisa nyerap air basah lalu tutup ap sampa tidak ada udara masuk
2038449475488997540,2026-03-30T02:53:22.000Z,8,"Sebuah gudang di kawasan industri Ne’ot Hovav, dekat Beersheba, terbakar pada Minggu (29/3) setelah terdampak serangan Iran ke wilayah selatan Israel.

Petugas pemadam kebakaran berjibaku memadamkan api, sementara asap tebal membumbung tinggi dari area terdampak.

Tim dari https://t.co/X9nMzlgQyb",2038449475488997540,https://pbs.twimg.com/amplify_video_thumb/2038449378751635456/img/UVfCx5C8GepsGgVm.jpg,,in,,0,0,1,https://x.com/Metro_TV/status/2038449475488997540,57261519,Metro_TV,"Sebuah gudang di kawasan industri Ne’ot Hovav, dekat Beersheba, terbakar pada Minggu (29/3) setelah terdampak serangan Iran ke wilayah selatan Israel.

Petugas pemadam kebakaran berjibaku memadamkan api, sementara asap tebal membumbung tinggi dari area terdampak.

Tim dari https://t.co/X9nMzlgQyb",sebuah gudang di kawasan industri ne ot hovav dekat beersheba terbakar pada minggu setelah terdampak serangan iran ke wilayah selatan israel petugas pemadam kebakaran berjibaku memadamkan api sementara asap tebal membumbung tinggi dari area terdampak tim dari,sebuah gudang di kawasan industri ne ot hovav dekat beersheba terbakar pada minggu setelah terdampak serangan iran ke wilayah selatan israel petugas pemadam kebakaran berjibaku memadamkan api sementara asap tebal membumbung tinggi dari area terdampak tim dari,gudang kawasan industri ne ot hovav dekat beersheba terbakar minggu setelah terdampak serangan iran wilayah selatan israel petugas pemadam kebakaran berjibaku memadamkan api sementara asap tebal membumbung tinggi area terdampak tim,gudang kawasan industr ne ot hovav dekat beersheba bakar minggu sete dampak serangan iran wilayah selatan israel tugas madam bakaran berjiba madam ap sementara asap tebal mbumbung tingg area dampak tim
2042803206791794848,2026-04-11T03:13:32.000Z,10,"BREAKING 🚨
Beredar video kebakaran pada bagian belakang sebuah rumah mewah di kawasan POJ City Semarang, Sabtu (21/4/2026) Pagi. 

Petugas dari Dinas Pemadam Kebakaran Kota Semarang telah mengkondisikan kebakaran tersebut. 
Belum diketahui mengenai penyebab dan jumlah kerugian https://t.co/U2AnRk0rsK",2042803206791794848,https://pbs.twimg.com/ext_tw_video_thumb/2042801086155886598/pu/img/nlaxkyeTDp2dddFo.jpg,,in,,0,0,1,https://x.com/Jateng_Twit/status/2042803206791794848,785145642,Jateng_Twit,"BREAKING 🚨
Beredar video kebakaran pada bagian belakang sebuah rumah mewah di kawasan POJ City Semarang, Sabtu (21/4/2026) Pagi. 

Petugas dari Dinas Pemadam Kebakaran Kota Semarang telah mengkondisikan kebakaran tersebut. 
Belum diketahui mengenai penyebab dan jumlah kerugian https://t.co/U2AnRk0rsK",breaking beredar video kebakaran pada bagian belakang sebuah rumah mewah di kawasan poj city semarang sabtu pagi petugas dari dinas pemadam kebakaran kota semarang telah mengkondisikan kebakaran tersebut belum diketahui mengenai penyebab dan jumlah kerugian,breaking beredar video kebakaran pada bagian belakang sebuah rumah mewah di kawasan poj city semarang sabtu pagi petugas dari dinas pemadam kebakaran kota semarang telah mengkondisikan kebakaran tersebut belum diketahui mengenai penyebab dan jumlah kerugian,breaking beredar video kebakaran bagian belakang rumah mewah kawasan poj city semarang sabtu pagi petugas dinas pemadam kebakaran kota semarang telah mengkondisikan kebakaran tersebut belum diketahui mengenai penyebab jumlah kerugian,breaking beredar video bakaran bagian belakang rumah wah kawasan poj city semarang sabtu pag tugas nas madam bakaran kota semarang te ngkondisi bakaran sebut belum ketahu ngena nyebab jum rugian
2044247488421605646,2026-04-15T02:52:36.000Z,2,"Babinsa Koramil 1426-04/Galesong, Kodim 1426/Takalar Desa Kalukuang Serda Kamaruddin bersama Damkar dan warga bergerak cepat memadamkan api dan mengevakuasi barang-barang warganya yang mengalami musibah kebakaran rumah di Desa Kalukuang Kecamatan Galesong Kab. Takalar. https://t.co/Eg3ays8F9x",2044247488421605646,https://pbs.twimg.com/media/HF6gPZGasAAo8IX.jpg,,in,,0,0,0,https://x.com/takalar_kodim/status/2044247488421605646,1027033354464518144,takalar_kodim,"Babinsa Koramil 1426-04/Galesong, Kodim 1426/Takalar Desa Kalukuang Serda Kamaruddin bersama Damkar dan warga bergerak cepat memadamkan api dan mengevakuasi barang-barang warganya yang mengalami musibah kebakaran rumah di Desa Kalukuang Kecamatan Galesong Kab. Takalar. https://t.co/Eg3ays8F9x",babinsa koramil galesong kodim takalar desa kalukuang serda kamaruddin bersama damkar dan warga bergerak cepat memadamkan api dan mengevakuasi barang barang warganya yang mengalami musibah kebakaran rumah di desa kalukuang kecamatan galesong kab takalar,babinsa koramil galesong kodim takalar desa kalukuang serda kamaruddin bersama damkar dan warga bergerak cepat memadamkan api dan mengevakuasi barang barang warganya yang mengalami musibah kebakaran rumah di desa kalukuang kecamatan galesong kab takalar,babinsa koramil galesong kodim takalar desa kalukuang serda kamaruddin bersama damkar warga bergerak cepat memadamkan api mengevakuasi barang barang warganya mengalami musibah kebakaran rumah desa kalukuang kecamatan galesong kab takalar,babinsa koramil galesong kodim takalar desa kalukuang serda kamaruddin bersama damkar warga bergerak cepat madam ap ngevakuas barang barang warga ngalam musibah bakaran rumah desa kalukuang camatan galesong kab takalar
2044391583953326318,2026-04-16T09:20:08.000Z,0,@worksfess pemadam kebakaran kek seru banget,2044707405683208365,,worksfess,in,,0,0,0,https://x.com/ventagonis/status/2044707405683208365,293530216,ventagonis,@worksfess pemadam kebakaran kek seru banget,pemadam kebakaran kek seru banget,pemadam kebakaran kek seru banget,pemadam kebakaran kek seru banget,madam bakaran k seru banget
2038463458673631591,2026-03-30T03:48:56.000Z,0,"Kebakaran hebat melanda sebuah pabrik plastik di Gunung Putri, Bogor, Minggu (29/3). 

Pemadam  Kebakaran Kabupaten Bogor mengerahkan sebanyak 10 unit mobil pemadam,  satu unit SCBA mobile, dua unit rescue, serta sejumlah ambulans untuk  menangani kebakaran.
 
 SCBA merupakan https://t.co/3dVC0tLv37",2038463458673631591,https://pbs.twimg.com/amplify_video_thumb/2038463297830502400/img/WSfqEuNOXCk2BcSs.jpg,,in,,0,1,0,https://x.com/akuratco/status/2038463458673631591,786549338818224128,akuratco,"Kebakaran hebat melanda sebuah pabrik plastik di Gunung Putri, Bogor, Minggu (29/3). 

Pemadam  Kebakaran Kabupaten Bogor mengerahkan sebanyak 10 unit mobil pemadam,  satu unit SCBA mobile, dua unit rescue, serta sejumlah ambulans untuk  menangani kebakaran.
 
 SCBA merupakan https://t.co/3dVC0tLv37",kebakaran hebat melanda sebuah pabrik plastik di gunung putri bogor minggu pemadam kebakaran kabupaten bogor mengerahkan sebanyak unit mobil pemadam satu unit scba mobile dua unit rescue serta sejumlah ambulans untuk menangani kebakaran scba merupakan,kebakaran hebat melanda sebuah pabrik plastik di gunung putri bogor minggu pemadam kebakaran kabupaten bogor mengerahkan sebanyak unit mobil pemadam satu unit scba mobile dua unit rescue serta sejumlah ambulans untuk menangani kebakaran scba merupakan,kebakaran hebat melanda pabrik plastik gunung putri bogor minggu pemadam kebakaran kabupaten bogor mengerahkan sebanyak unit mobil pemadam satu unit scba mobile dua unit rescue serta sejumlah ambulans menangani kebakaran scba merupakan,bakaran hebat landa pabrik plastik gunung putr bogor minggu madam bakaran kabupaten bogor ngerah sebanyak unit mobil madam satu unit scba mobile dua unit rescue serta sejum ambulans nangan bakaran scba rupa
2044985864586248552,2026-04-17T03:47:31.000Z,0,Pada pukul 02.52 WIB operasi pemadaman memasuki tahap pendinginan untuk mengurai material yang mudah terbakar agar tidak menyisakan api maupun asap.,2044986087391858743,,humasjakfire,in,,0,1,0,https://x.com/humasjakfire/status/2044986087391858743,555862521,humasjakfire,Pada pukul 02.52 WIB operasi pemadaman memasuki tahap pendinginan untuk mengurai material yang mudah terbakar agar tidak menyisakan api maupun asap.,pada pukul wib operasi pemadaman memasuki tahap pendinginan untuk mengurai material yang mudah terbakar agar tidak menyisakan api maupun asap,pada pukul wib operasi pemadaman memasuki tahap pendinginan untuk mengurai material yang mudah terbakar agar tidak menyisakan api maupun asap,pukul wib operasi pemadaman memasuki tahap pendinginan mengurai material mudah terbakar agar tidak menyisakan api maupun asap,pukul wib operas madaman masuk tahap ndinginan ngura material mudah bakar agar tidak nyisa ap maupun asap
2044985864586248552,2026-04-17T03:47:16.000Z,0,"Menindaklanjuti laporan tersebut, unit dan personel segera menuju lokasi untuk melakukan upaya pemadaman. Operasi pemadaman mulai dilaksanakan pada pukul 02.23 WIB. Kemudian api berhasil dilokalisir pada pukul 02.47 WIB.",2044986022061363633,,humasjakfire,in,,0,1,0,https://x.com/humasjakfire/status/2044986022061363633,555862521,humasjakfire,"Menindaklanjuti laporan tersebut, unit dan personel segera menuju lokasi untuk melakukan upaya pemadaman. Operasi pemadaman mulai dilaksanakan pada pukul 02.23 WIB. Kemudian api berhasil dilokalisir pada pukul 02.47 WIB.",menindaklanjuti laporan tersebut unit dan personel segera menuju lokasi untuk melakukan upaya pemadaman operasi pemadaman mulai dilaksanakan pada pukul wib kemudian api berhasil dilokalisir pada pukul wib,menindaklanjuti laporan tersebut unit dan personel segera menuju lokasi untuk melakukan upaya pemadaman operasi pemadaman mulai dilaksanakan pada pukul wib kemudian api berhasil dilokalisir pada pukul wib,menindaklanjuti laporan tersebut unit personel segera menuju lokasi melakukan upaya pemadaman operasi pemadaman mulai dilaksanakan pukul wib kemudian api berhasil dilokalisir pukul wib,nindaklanjut laporan sebut unit rsonel segera nuju lokas laku upaya madaman operas madaman mula laksana pukul wib mudian ap berhasil lokalisir pukul wib
2039210341549363511,2026-04-01T05:16:46.000Z,1,"Duka datang dari barisan petugas pemadam kebakaran hutan dan lahan (karhutla). Muharmizan, anggota Manggala Agni Daops Sumatera VI/Siak, meninggal dunia usai menjalankan tugas pemadaman di Pulau Bengkalis, Senin (30/3/2026).

#infoRIAU #karhutlaRIAU https://t.co/fRqhCJqjhx",2039210341549363511,https://pbs.twimg.com/media/HEy6_hUa8AAIe9f.jpg,,in,,0,1,3,https://x.com/infoRIAU/status/2039210341549363511,172425532,infoRIAU,"Duka datang dari barisan petugas pemadam kebakaran hutan dan lahan (karhutla). Muharmizan, anggota Manggala Agni Daops Sumatera VI/Siak, meninggal dunia usai menjalankan tugas pemadaman di Pulau Bengkalis, Senin (30/3/2026).

#infoRIAU #karhutlaRIAU https://t.co/fRqhCJqjhx",duka datang dari barisan petugas pemadam kebakaran hutan dan lahan karhutla muharmizan anggota manggala agni daops sumatera vi siak meninggal dunia usai menjalankan tugas pemadaman di pulau bengkalis senin inforiau karhutlariau,duka datang dari barisan petugas pemadam kebakaran hutan dan lahan karhutla muharmizan anggota manggala agni daops sumatera vi siak meninggal dunia usai menjalankan tugas pemadaman di pulau bengkalis senin inforiau karhutlariau,duka datang barisan petugas pemadam kebakaran hutan lahan karhutla muharmizan anggota manggala agni daops sumatera vi siak meninggal dunia usai menjalankan tugas pemadaman pulau bengkalis senin inforiau karhutlariau,duka datang barisan tugas madam bakaran hutan lahan karhutla muharmizan anggota manggala agn daops sumatera v siak ninggal dunia usa njalan tugas madaman pulau bengkalis senin inforiau karhutlariau
2042405199482908721,2026-04-10T00:52:00.000Z,36,"Velodrom yang digunakan untuk Olimpiade Rio 2016 di Brasil, kebakaran pada Rabu (08/04). 

Api bisa dipadamkan setelah 80 petugas dan 20 mobil pemadam kebakaran dikerahkan ke lokasi. Tidak ada korban dalam kejadian ini. https://t.co/lLhL4PXiuS",2042405199482908721,https://pbs.twimg.com/amplify_video_thumb/2042266690248187904/img/WKFBkQPUqvRmCN27.jpg,,in,,0,0,7,https://x.com/BBCIndonesia/status/2042405199482908721,23772644,BBCIndonesia,"Velodrom yang digunakan untuk Olimpiade Rio 2016 di Brasil, kebakaran pada Rabu (08/04). 

Api bisa dipadamkan setelah 80 petugas dan 20 mobil pemadam kebakaran dikerahkan ke lokasi. Tidak ada korban dalam kejadian ini. https://t.co/lLhL4PXiuS",velodrom yang digunakan untuk olimpiade rio di brasil kebakaran pada rabu api bisa dipadamkan setelah petugas dan mobil pemadam kebakaran dikerahkan ke lokasi tidak ada korban dalam kejadian ini,velodrom yang digunakan untuk olimpiade rio di brasil kebakaran pada rabu api bisa dipadamkan setelah petugas dan mobil pemadam kebakaran dikerahkan ke lokasi tidak ada korban dalam kejadian ini,velodrom digunakan olimpiade rio brasil kebakaran rabu api bisa dipadamkan setelah petugas mobil pemadam kebakaran dikerahkan lokasi tidak ada korban kejadian,velodrom guna olimpiade rio brasil bakaran rabu ap bisa padam sete tugas mobil madam bakaran kerah lokas tidak ada korban jadian
2045262386052128774,2026-04-17T22:05:26.000Z,0,"akkk kmaren nerjang banjir, padahal pas berangkat kering kering aja pas sampe di titik banjirnya juga ga ujan aku cobain terjang ehh taunya dalemm woee, motor aku mogok udah di bongkar dll sampe 3 jam ga nyala nyala aku sendiri dan aku kapok ☺️🙏🏻",2045262386052128774,,,in,,0,0,0,https://x.com/muladarinoLL/status/2045262386052128774,1896804710881034240,muladarinoLL,"akkk kmaren nerjang banjir, padahal pas berangkat kering kering aja pas sampe di titik banjirnya juga ga ujan aku cobain terjang ehh taunya dalemm woee, motor aku mogok udah di bongkar dll sampe 3 jam ga nyala nyala aku sendiri dan aku kapok ☺️🙏🏻",akkk kmaren nerjang banjir padahal pas berangkat kering kering aja pas sampe di titik banjirnya juga ga ujan aku cobain terjang ehh taunya dalemm woee motor aku mogok udah di bongkar dll sampe jam ga nyala nyala aku sendiri dan aku kapok,akkk kmaren nerjang banjir padahal pas berangkat kering kering aja pas sampai di titik banjirnya juga tidak ujan saya cobain terjang ehh taunya dalemm woee motor saya mogok udah di bongkar dll sampai jam tidak nyala nyala saya sendiri dan saya kapok,akkk kmaren nerjang banjir padahal pas berangkat kering kering aja pas sampai titik banjirnya tidak ujan cobain terjang ehh taunya dalemm woee motor mogok udah bongkar dll sampai jam tidak nyala nyala sendiri kapok,akkk kmaren nerjang banjir padahal pas berangkat ring ring aja pas sampa titik banjir tidak ujan cobain jang ehh tau dalemm woee motor mogok udah bongkar dll sampa jam tidak nyala nyala sendir kapok
2044366799417077797,2026-04-15T10:47:06.000Z,0,Pada pukul 15.49 WIB operasi pemadaman memasuki tahap pendinginan untuk mengurai material yang mudah terbakar agar tidak menyisakan api maupun asap.,2044366900059365826,,humasjakfire,in,,0,1,0,https://x.com/humasjakfire/status/2044366900059365826,555862521,humasjakfire,Pada pukul 15.49 WIB operasi pemadaman memasuki tahap pendinginan untuk mengurai material yang mudah terbakar agar tidak menyisakan api maupun asap.,pada pukul wib operasi pemadaman memasuki tahap pendinginan untuk mengurai material yang mudah terbakar agar tidak menyisakan api maupun asap,pada pukul wib operasi pemadaman memasuki tahap pendinginan untuk mengurai material yang mudah terbakar agar tidak menyisakan api maupun asap,pukul wib operasi pemadaman memasuki tahap pendinginan mengurai material mudah terbakar agar tidak menyisakan api maupun asap,pukul wib operas madaman masuk tahap ndinginan ngura material mudah bakar agar tidak nyisa ap maupun asap
2036203761929249133,2026-03-23T22:09:42.000Z,12,"⚠️Detik-detik Pesawat Air Canada menabrak mobil pemadam kebakaran

Laporan awal dan rekaman audio ATC menunjukkan bahwa pengontrol lalu lintas udara mengizinkan truk pemadam kebakaran Otoritas Pelabuhan memasuki landasan pacu aktif saat menanggapi keadaan darurat United Airlines",2036203761929249133,,,in,,0,0,3,https://x.com/dxrkchocolx/status/2036203761929249133,1208278977040642050,dxrkchocolx,"⚠️Detik-detik Pesawat Air Canada menabrak mobil pemadam kebakaran

Laporan awal dan rekaman audio ATC menunjukkan bahwa pengontrol lalu lintas udara mengizinkan truk pemadam kebakaran Otoritas Pelabuhan memasuki landasan pacu aktif saat menanggapi keadaan darurat United Airlines",detik detik pesawat air canada menabrak mobil pemadam kebakaran laporan awal dan rekaman audio atc menunjukkan bahwa pengontrol lalu lintas udara mengizinkan truk pemadam kebakaran otoritas pelabuhan memasuki landasan pacu aktif saat menanggapi keadaan darurat united airlines,detik detik pesawat air canada menabrak mobil pemadam kebakaran laporan awal dan rekaman audio atc menunjukkan bahwa pengontrol lalu lintas udara mengizinkan truk pemadam kebakaran otoritas pelabuhan memasuki landasan pacu aktif saat menanggapi keadaan darurat united airlines,detik detik pesawat air canada menabrak mobil pemadam kebakaran laporan awal rekaman audio atc menunjukkan bahwa pengontrol lalu lintas udara mengizinkan truk pemadam kebakaran otoritas pelabuhan memasuki landasan pacu aktif saat menanggapi keadaan darurat united airlines,detik detik sawat air canada nabrak mobil madam bakaran laporan awal rekaman audio atc nunjuk bahwa ngontrol lalu lintas udara ngizin truk madam bakaran otoritas labuhan masuk landasan pacu aktif saat nanggap adaan darurat united airlines
2036031666188328988,2026-03-23T10:45:51.000Z,0,"Sebuah pesawat regional Air Canada Express bertabrakan hebat dengan truk pemadam kebakaran di landasan  pacu, mengakibatkan pilot dan kopilot tewas serta operasional salah satu  bandara tersibuk di Amerika Serikat tersebut lumpuh total.

https://t.co/GQNRmGQbmc",2036031666188328988,,,in,,0,1,0,https://x.com/mediaindonesia/status/2036031666188328988,68930552,mediaindonesia,"Sebuah pesawat regional Air Canada Express bertabrakan hebat dengan truk pemadam kebakaran di landasan  pacu, mengakibatkan pilot dan kopilot tewas serta operasional salah satu  bandara tersibuk di Amerika Serikat tersebut lumpuh total.

https://t.co/GQNRmGQbmc",sebuah pesawat regional air canada express bertabrakan hebat dengan truk pemadam kebakaran di landasan pacu mengakibatkan pilot dan kopilot tewas serta operasional salah satu bandara tersibuk di amerika serikat tersebut lumpuh total,sebuah pesawat regional air canada express bertabrakan hebat dengan truk pemadam kebakaran di landasan pacu mengakibatkan pilot dan kopilot tewas serta operasional salah satu bandara tersibuk di amerika serikat tersebut lumpuh total,pesawat regional air canada express bertabrakan hebat truk pemadam kebakaran landasan pacu mengakibatkan pilot kopilot tewas serta operasional salah satu bandara tersibuk amerika serikat tersebut lumpuh total,sawat regional air canada express bertabra hebat truk madam bakaran landasan pacu ngakibat pilot kopilot tewas serta operasional sa satu bandara sibuk amerika serikat sebut lumpuh total
2045261019526914534,2026-04-17T22:00:00.000Z,2,"▶️ BACALAH DOA INI BAGI MUSAFIR

📡 Simak kajian selengkapnya:
https://t.co/9bz3qgefd7

Saat kita bepergian atau singgah di suatu tempat, sering kali muncul rasa khawatir yaitu entah itu takut bahaya, gangguan, atau hal yang tidak diinginkan. Tapi tenang, Islam sudah mengajarkan https://t.co/5CRe0LT0Xy",2045261019526914534,https://pbs.twimg.com/amplify_video_thumb/2045037578324443136/img/cn1EpE-ZOse2k_98.jpg,,in,,0,0,1,https://x.com/ustadzkhalid/status/2045261019526914534,711930830097022976,ustadzkhalid,"▶️ BACALAH DOA INI BAGI MUSAFIR

📡 Simak kajian selengkapnya:
https://t.co/9bz3qgefd7

Saat kita bepergian atau singgah di suatu tempat, sering kali muncul rasa khawatir yaitu entah itu takut bahaya, gangguan, atau hal yang tidak diinginkan. Tapi tenang, Islam sudah mengajarkan https://t.co/5CRe0LT0Xy",bacalah doa ini bagi musafir simak kajian selengkapnya saat kita bepergian atau singgah di suatu tempat sering kali muncul rasa khawatir yaitu entah itu takut bahaya gangguan atau hal yang tidak diinginkan tapi tenang islam sudah mengajarkan,bacalah doa ini bagi musafir simak kajian selengkapnya saat kita bepergian atau singgah di suatu tempat sering kali muncul rasa khawatir yaitu entah itu takut bahaya gangguan atau hal yang tidak diinginkan tapi tenang islam sudah mengajarkan,bacalah doa bagi musafir simak kajian selengkapnya saat bepergian singgah suatu tempat sering kali muncul rasa khawatir yaitu entah takut bahaya gangguan hal tidak diinginkan tapi tenang islam mengajarkan,baca doa bag musafir simak kajian selengkap saat bepergian singgah suatu tempat sering kal muncul rasa khawatir yaitu entah takut bahaya gangguan hal tidak ingin tap tenang islam ngajar
2044611939784126557,2026-04-16T03:00:48.000Z,0,"Tim RESCUE Pemadam Kebakaran Bengkulu Selatan menindak lanjuti laporan Bapak Samsu Hermanto untuk mengevakuasi sarang tawon Vespa Affinis pada hari Rabu, 15 April 2026 pukul 19.30 WIB. 

Lokasi sarang tawon tersebut berada di Pasar Ampera, Ketapang Besar

https://t.co/J2w2dtyBUp",2044611939784126557,,,in,,0,0,0,https://x.com/damkarbs/status/2044611939784126557,1390080853569458177,damkarbs,"Tim RESCUE Pemadam Kebakaran Bengkulu Selatan menindak lanjuti laporan Bapak Samsu Hermanto untuk mengevakuasi sarang tawon Vespa Affinis pada hari Rabu, 15 April 2026 pukul 19.30 WIB. 

Lokasi sarang tawon tersebut berada di Pasar Ampera, Ketapang Besar

https://t.co/J2w2dtyBUp",tim rescue pemadam kebakaran bengkulu selatan menindak lanjuti laporan bapak samsu hermanto untuk mengevakuasi sarang tawon vespa affinis pada hari rabu april pukul wib lokasi sarang tawon tersebut berada di pasar ampera ketapang besar,tim rescue pemadam kebakaran bengkulu selatan menindak lanjuti laporan bapak samsu hermanto untuk mengevakuasi sarang tawon vespa affinis pada hari rabu april pukul wib lokasi sarang tawon tersebut berada di pasar ampera ketapang besar,tim rescue pemadam kebakaran bengkulu selatan menindak lanjuti laporan bapak samsu hermanto mengevakuasi sarang tawon vespa affinis hari rabu april pukul wib lokasi sarang tawon tersebut berada pasar ampera ketapang besar,tim rescue madam bakaran bengkulu selatan nindak lanjut laporan bapak samsu hermanto ngevakuas sarang tawon vespa affinis har rabu april pukul wib lokas sarang tawon sebut berada pasar ampera tapang besar
2041349055645933994,2026-04-07T02:55:15.000Z,1,"𝐏𝐞𝐭𝐮𝐠𝐚𝐬 𝐃𝐚𝐦𝐤𝐚𝐫 𝐉𝐚𝐝𝐢 𝐊𝐨𝐫𝐛𝐚𝐧 𝐁𝐞*𝐚𝐥 𝐝𝐢 𝐆𝐚𝐦𝐛𝐢𝐫, 𝐉𝐚𝐤𝐚𝐫𝐭𝐚 𝐏𝐮𝐬𝐚𝐭

Petugas pemadam kebakaran berinisial BM menjadi korban begal di Jalan KH Hasyim Asy’ari, Cideng, Gambir, Jakarta Pusat, Kamis (2/4/2026) sekitar pukul 03.00 WIB saat melintas https://t.co/RGyOEbySjG",2041349055645933994,https://pbs.twimg.com/amplify_video_thumb/2041348912553025536/img/hPqWda92-5Fyjhwz.jpg,,in,,0,1,0,https://x.com/garudatvnews/status/2041349055645933994,502140136,garudatvnews,"𝐏𝐞𝐭𝐮𝐠𝐚𝐬 𝐃𝐚𝐦𝐤𝐚𝐫 𝐉𝐚𝐝𝐢 𝐊𝐨𝐫𝐛𝐚𝐧 𝐁𝐞*𝐚𝐥 𝐝𝐢 𝐆𝐚𝐦𝐛𝐢𝐫, 𝐉𝐚𝐤𝐚𝐫𝐭𝐚 𝐏𝐮𝐬𝐚𝐭

Petugas pemadam kebakaran berinisial BM menjadi korban begal di Jalan KH Hasyim Asy’ari, Cideng, Gambir, Jakarta Pusat, Kamis (2/4/2026) sekitar pukul 03.00 WIB saat melintas https://t.co/RGyOEbySjG",petugas pemadam kebakaran berinisial bm menjadi korban begal di jalan kh hasyim asy ari cideng gambir jakarta pusat kamis sekitar pukul wib saat melintas,petugas pemadam kebakaran berinisial bm menjadi korban begal di jalan kh hasyim asy ari cideng gambir jakarta pusat kamis sekitar pukul wib saat melintas,petugas pemadam kebakaran berinisial bm menjadi korban begal jalan kh hasyim asy ari cideng gambir jakarta pusat kamis sekitar pukul wib saat melintas,tugas madam bakaran berinisial bm njad korban begal jalan kh hasyim asy ar cideng gambir jakarta pusat kamis sekitar pukul wib saat lintas
2044962677118943612,2026-04-17T02:14:30.000Z,2,"Wargi Bandung, simpan dan bagikan Nomor darurat Kota Bandung 🚨

Mulai layanan darurat terpadu, pemadam kebakaran, medis, hingga penanganan bencana dan gangguan listrik.

Langkah sederhana, bisa jadi penyelamat. Siaga hari ini, selamatkan esok hari! 🙏🏻🙌🏻

#BandungUTAMA https://t.co/lzBuqSVnCo",2044962677118943612,https://pbs.twimg.com/media/HGEqtp9bAAEf9kj.jpg,,in,,0,0,0,https://x.com/halo_bandung/status/2044962677118943612,1933882213,halo_bandung,"Wargi Bandung, simpan dan bagikan Nomor darurat Kota Bandung 🚨

Mulai layanan darurat terpadu, pemadam kebakaran, medis, hingga penanganan bencana dan gangguan listrik.

Langkah sederhana, bisa jadi penyelamat. Siaga hari ini, selamatkan esok hari! 🙏🏻🙌🏻

#BandungUTAMA https://t.co/lzBuqSVnCo",wargi bandung simpan dan bagikan nomor darurat kota bandung mulai layanan darurat terpadu pemadam kebakaran medis hingga penanganan bencana dan gangguan listrik langkah sederhana bisa jadi penyelamat siaga hari ini selamatkan esok hari bandungutama,wargi bandung simpan dan bagikan nomor darurat kota bandung mulai layanan darurat terpadu pemadam kebakaran medis hingga penanganan bencana dan gangguan listrik langkah sederhana bisa jadi penyelamat siaga hari ini selamatkan esok hari bandungutama,wargi bandung simpan bagikan nomor darurat kota bandung mulai layanan darurat terpadu pemadam kebakaran medis hingga penanganan bencana gangguan listrik langkah sederhana bisa jadi penyelamat siaga hari selamatkan esok hari bandungutama,warg bandung simpan bagi nomor darurat kota bandung mula layanan darurat padu madam bakaran dis hingga nanganan bencana gangguan listrik lang sederhana bisa jad nyelamat siaga har selamat esok har bandungutama
2036502646752944485,2026-03-24T17:57:22.000Z,13,"Gw punya 1 wishlist gatau menurut kalian aneh atau enggak, tapi gw pengen banget main ke kantor pemadam kebakaran.. sepengen itu.. please kalo ada damkar atau yang tau, boleh gak sih main ke kantor damkar buat liat liat? 😭😭",2036502646752944485,,,in,,0,7,0,https://x.com/bluevelyz/status/2036502646752944485,1177131317881737216,bluevelyz,"Gw punya 1 wishlist gatau menurut kalian aneh atau enggak, tapi gw pengen banget main ke kantor pemadam kebakaran.. sepengen itu.. please kalo ada damkar atau yang tau, boleh gak sih main ke kantor damkar buat liat liat? 😭😭",gw punya wishlist gatau menurut kalian aneh atau enggak tapi gw pengen banget main ke kantor pemadam kebakaran sepengen itu please kalo ada damkar atau yang tau boleh gak sih main ke kantor damkar buat liat liat,saya punya wishlist gatau menurut kalian aneh atau enggak tapi saya pengen banget main ke kantor pemadam kebakaran sepengen itu please kalau ada damkar atau yang tau boleh tidak sih main ke kantor damkar buat liat liat,punya wishlist gatau menurut kalian aneh enggak tapi pengen banget main kantor pemadam kebakaran sepengen please kalau ada damkar tau boleh tidak sih main kantor damkar buat liat liat,pu wishlist gatau nurut kalian aneh enggak tap ngen banget main kantor madam bakaran sepengen please kalau ada damkar tau boleh tidak sih main kantor damkar buat liat liat
2041538882974658691,2026-04-07T15:29:34.000Z,1142,"🇺🇲 Sementara Amerika menantikan terjadinya malapetaka di Iran, kobaran api yang mengerikan di sebuah gudang seluas Satu Juta Kaki persegi di California, Ontario, di mana para petugas pemadam kebakaran berupaya keras untuk mengendalikannya. https://t.co/0Ufxhn1PR6",2041538882974658691,https://pbs.twimg.com/ext_tw_video_thumb/2041538825248456704/pu/img/ADFtlzmvwgPiFXUr.jpg,,in,,3,8,218,https://x.com/yo2thok/status/2041538882974658691,497234852,yo2thok,"🇺🇲 Sementara Amerika menantikan terjadinya malapetaka di Iran, kobaran api yang mengerikan di sebuah gudang seluas Satu Juta Kaki persegi di California, Ontario, di mana para petugas pemadam kebakaran berupaya keras untuk mengendalikannya. https://t.co/0Ufxhn1PR6",sementara amerika menantikan terjadinya malapetaka di iran kobaran api yang mengerikan di sebuah gudang seluas satu juta kaki persegi di california ontario di mana para petugas pemadam kebakaran berupaya keras untuk mengendalikannya,sementara amerika menantikan terjadinya malapetaka di iran kobaran api yang mengerikan di sebuah gudang seluas satu juta kaki persegi di california ontario di mana para petugas pemadam kebakaran berupaya keras untuk mengendalikannya,sementara amerika menantikan terjadinya malapetaka iran kobaran api mengerikan gudang seluas satu juta kaki persegi california ontario mana para petugas pemadam kebakaran berupaya keras mengendalikannya,sementara amerika nanti jad malapetaka iran kobaran ap ngeri gudang seluas satu juta kak rseg california ontario mana para tugas madam bakaran berupaya ras ngendali
2037425937483190775,2026-03-27T07:06:11.000Z,1,"Sebuah helikopter pemadam kebakaran jenis UH-1 Huey jatuh saat berupaya memadamkan kebakaran hutan di lereng Hout Bay, dekat Taman Nasional Table Mountain, Afrika Selatan, pada Rabu malam (25/3/2026).

Helikopter yang dioperasikan oleh Kishugu Aviation (di bawah kontrak Working https://t.co/4zWAmfXvOR",2037425937483190775,https://pbs.twimg.com/amplify_video_thumb/2037425852007563264/img/xBs6tS-ERnJq8W7Z.jpg,,in,,0,0,0,https://x.com/Metro_TV/status/2037425937483190775,57261519,Metro_TV,"Sebuah helikopter pemadam kebakaran jenis UH-1 Huey jatuh saat berupaya memadamkan kebakaran hutan di lereng Hout Bay, dekat Taman Nasional Table Mountain, Afrika Selatan, pada Rabu malam (25/3/2026).

Helikopter yang dioperasikan oleh Kishugu Aviation (di bawah kontrak Working https://t.co/4zWAmfXvOR",sebuah helikopter pemadam kebakaran jenis uh huey jatuh saat berupaya memadamkan kebakaran hutan di lereng hout bay dekat taman nasional table mountain afrika selatan pada rabu malam helikopter yang dioperasikan oleh kishugu aviation di bawah kontrak working,sebuah helikopter pemadam kebakaran jenis uh huey jatuh saat berupaya memadamkan kebakaran hutan di lereng hout bay dekat taman nasional table mountain afrika selatan pada rabu malam helikopter yang dioperasikan oleh kishugu aviation di bawah kontrak working,helikopter pemadam kebakaran jenis uh huey jatuh saat berupaya memadamkan kebakaran hutan lereng hout bay dekat taman nasional table mountain afrika selatan rabu malam helikopter dioperasikan oleh kishugu aviation bawah kontrak working,helikopter madam bakaran jenis uh huey jatuh saat berupaya madam bakaran hutan lereng hout bay dekat taman nasional table mountain afrika selatan rabu malam helikopter operasi oleh kishugu aviation bawah kontrak working
2042994900082549045,2026-04-12T10:22:15.000Z,12,"@anomali_yang @Yeppa18 Kak imo bukan ratu yg bunuh raja, soalnya pas dia liat raja digotong keluar sama pemadam tuh ada sorot kaget di mata ratu(?) ratu emg kesel trs ngmg ""mending mati aja dah lu"" tp keknya ga sesederhana itu deh. Either raja bundir ketrigger ato ada yg sengaja bikin kebakaran gede🤔",2043273482293874819,,anomali_yang,in,,0,1,0,https://x.com/valeriekly14/status/2043273482293874819,1806949240951988224,valeriekly14,"@anomali_yang @Yeppa18 Kak imo bukan ratu yg bunuh raja, soalnya pas dia liat raja digotong keluar sama pemadam tuh ada sorot kaget di mata ratu(?) ratu emg kesel trs ngmg ""mending mati aja dah lu"" tp keknya ga sesederhana itu deh. Either raja bundir ketrigger ato ada yg sengaja bikin kebakaran gede🤔",kak imo bukan ratu yg bunuh raja soalnya pas dia liat raja digotong keluar sama pemadam tuh ada sorot kaget di mata ratu ratu emg kesel trs ngmg mending mati aja dah lu tp keknya ga sesederhana itu deh either raja bundir ketrigger ato ada yg sengaja bikin kebakaran gede,kak imo bukan ratu yang bunuh raja soalnya pas dia liat raja digotong keluar sama pemadam tuh ada sorot kaget di mata ratu ratu emg kesel trs ngmg mending mati aja dah lu tapi keknya tidak sesederhana itu deh either raja bundir ketrigger ato ada yang sengaja bikin kebakaran gede,kak imo bukan ratu bunuh raja soalnya pas liat raja digotong keluar sama pemadam tuh ada sorot kaget mata ratu ratu emg kesel trs ngmg mending mati aja dah lu tapi keknya tidak sesederhana deh either raja bundir ketrigger ato ada sengaja bikin kebakaran gede,kak imo bu ratu bunuh raja soal pas liat raja gotong luar sama madam tuh ada sorot kaget mata ratu ratu emg sel trs ngmg nding mat aja dah lu tap k tidak sesederhana deh either raja bundir trigger ato ada sengaja bikin bakaran gede
2045198685286605030,2026-04-17T17:54:36.000Z,1,"Kemenkum Jabar pastikan draf RDTR Karawang akomodir jalur  khusus pemadam kebakaran. Kita minimalisir risiko kerugian akibat kebakaran melalui akses jalan yang memadai dalam perencanaan wilayah.

Kemenkum Jabar - Asep Sutandar",2045199260891979896,,kemenkumjabar,in,,0,0,0,https://x.com/kemenkumjabar/status/2045199260891979896,1177725229,kemenkumjabar,"Kemenkum Jabar pastikan draf RDTR Karawang akomodir jalur  khusus pemadam kebakaran. Kita minimalisir risiko kerugian akibat kebakaran melalui akses jalan yang memadai dalam perencanaan wilayah.

Kemenkum Jabar - Asep Sutandar",kemenkum jabar pastikan draf rdtr karawang akomodir jalur khusus pemadam kebakaran kita minimalisir risiko kerugian akibat kebakaran melalui akses jalan yang memadai dalam perencanaan wilayah kemenkum jabar asep sutandar,kemenkum jabar pastikan draf rdtr karawang akomodir jalur khusus pemadam kebakaran kita minimalisir risiko kerugian akibat kebakaran melalui akses jalan yang memadai dalam perencanaan wilayah kemenkum jabar asep sutandar,kemenkum jabar pastikan draf rdtr karawang akomodir jalur khusus pemadam kebakaran minimalisir risiko kerugian akibat kebakaran melalui akses jalan memadai perencanaan wilayah kemenkum jabar asep sutandar,menkum jabar pasti draf rdtr karawang akomodir jalur khusus madam bakaran minimalisir risiko rugian akibat bakaran lalu akses jalan mada rencanaan wilayah menkum jabar asep sutandar
2043294888985498031,2026-04-12T11:49:22.000Z,0,"@mandikecil adus mba, nek ra tak kandake pemadam kebakaran",2043295407095353782,,mandikecil,in,,0,1,0,https://x.com/feasttest/status/2043295407095353782,1095335708032622594,feasttest,"@mandikecil adus mba, nek ra tak kandake pemadam kebakaran",adus mba nek ra tak kandake pemadam kebakaran,adus mba nek ra tak kandake pemadam kebakaran,adus mba nek ra tak kandake pemadam kebakaran,adus mba nek ra tak kandake madam bakaran
2043013448880263532,2026-04-11T17:08:58.000Z,22,"Aksi petugas damkar berjuang memadamkan api yang semakin besar di Gunungsitoli. Ia terlihat tetap tenang di atas atap dengan perlengkapan seadanya dan fokus mengarahkan selang ke sumber api, mencegah kebakaran meluas. Situasi cukup berisiko, namun ia tetap menjalankan tugasnya. https://t.co/WlT3G8pPum",2043013448880263532,https://pbs.twimg.com/ext_tw_video_thumb/2043013406232576000/pu/img/NogbeliCJSvycmTl.jpg,,in,,3,7,8,https://x.com/kumifigo/status/2043013448880263532,1268543192405811206,kumifigo,"Aksi petugas damkar berjuang memadamkan api yang semakin besar di Gunungsitoli. Ia terlihat tetap tenang di atas atap dengan perlengkapan seadanya dan fokus mengarahkan selang ke sumber api, mencegah kebakaran meluas. Situasi cukup berisiko, namun ia tetap menjalankan tugasnya. https://t.co/WlT3G8pPum",aksi petugas damkar berjuang memadamkan api yang semakin besar di gunungsitoli ia terlihat tetap tenang di atas atap dengan perlengkapan seadanya dan fokus mengarahkan selang ke sumber api mencegah kebakaran meluas situasi cukup berisiko namun ia tetap menjalankan tugasnya,aksi petugas damkar berjuang memadamkan api yang semakin besar di gunungsitoli ia terlihat tetap tenang di atas atap dengan perlengkapan seadanya dan fokus mengarahkan selang ke sumber api mencegah kebakaran meluas situasi cukup berisiko namun ia tetap menjalankan tugasnya,aksi petugas damkar berjuang memadamkan api semakin besar gunungsitoli ia terlihat tetap tenang atas atap perlengkapan seadanya fokus mengarahkan selang sumber api mencegah kebakaran meluas situasi cukup berisiko namun ia tetap menjalankan tugasnya,aks tugas damkar berjuang madam ap semakin besar gunungsitol ia lihat tetap tenang atas atap rlengkapan seada fokus ngarah selang sumber ap ncegah bakaran luas situas cukup berisiko namun ia tetap njalan tugas
2041750459795570945,2026-04-08T05:30:18.000Z,3,"Kebakaran terjadi di lantai dua gedung Polres Metro Jakarta Barat pada Rabu (8/4/2026) pagi. Api melalap sejumlah ruangan dan menghanguskan berbagai barang di dalamnya, mulai dari berkas penting hingga furnitur kantor.

Petugas pemadam kebakaran segera dikerahkan ke lokasi untuk https://t.co/2IGDqPq4G5",2041750459795570945,https://pbs.twimg.com/amplify_video_thumb/2041750386730790916/img/ioAQNofPFJV3LUl1.jpg,,in,,1,2,2,https://x.com/Beritasatu/status/2041750459795570945,154102750,Beritasatu,"Kebakaran terjadi di lantai dua gedung Polres Metro Jakarta Barat pada Rabu (8/4/2026) pagi. Api melalap sejumlah ruangan dan menghanguskan berbagai barang di dalamnya, mulai dari berkas penting hingga furnitur kantor.

Petugas pemadam kebakaran segera dikerahkan ke lokasi untuk https://t.co/2IGDqPq4G5",kebakaran terjadi di lantai dua gedung polres metro jakarta barat pada rabu pagi api melalap sejumlah ruangan dan menghanguskan berbagai barang di dalamnya mulai dari berkas penting hingga furnitur kantor petugas pemadam kebakaran segera dikerahkan ke lokasi untuk,kebakaran terjadi di lantai dua gedung polres metro jakarta barat pada rabu pagi api melalap sejumlah ruangan dan menghanguskan berbagai barang di dalamnya mulai dari berkas penting hingga furnitur kantor petugas pemadam kebakaran segera dikerahkan ke lokasi untuk,kebakaran terjadi lantai dua gedung polres metro jakarta barat rabu pagi api melalap sejumlah ruangan menghanguskan berbagai barang dalamnya mulai berkas penting hingga furnitur kantor petugas pemadam kebakaran segera dikerahkan lokasi,bakaran jad lanta dua gedung polres tro jakarta barat rabu pag ap lalap sejum ruangan nghangus berbaga barang dalam mula berkas nting hingga furnitur kantor tugas madam bakaran segera kerah lokas
2044744027762012427,2026-04-17T04:39:31.000Z,0,"@ainurohman jadi teringat gusdur yang di hujat karena ""jalan-jalan"" sewaktu jadi presiden. padahal kalau yang tahu, dan alasan kenapa ""pencegah"" kebakaran seharusnya lebih di hargai ketimbang pemadam kebakaran

benar kata gusdur, prabowo adalah yang paling iklas",2044999172856885524,,ainurohman,in,,0,0,0,https://x.com/LeonardusLitik/status/2044999172856885524,1427304060,LeonardusLitik,"@ainurohman jadi teringat gusdur yang di hujat karena ""jalan-jalan"" sewaktu jadi presiden. padahal kalau yang tahu, dan alasan kenapa ""pencegah"" kebakaran seharusnya lebih di hargai ketimbang pemadam kebakaran

benar kata gusdur, prabowo adalah yang paling iklas",jadi teringat gusdur yang di hujat karena jalan jalan sewaktu jadi presiden padahal kalau yang tahu dan alasan kenapa pencegah kebakaran seharusnya lebih di hargai ketimbang pemadam kebakaran benar kata gusdur prabowo adalah yang paling iklas,jadi teringat gusdur yang di hujat karena jalan jalan sewaktu jadi presiden padahal kalau yang tahu dan alasan kenapa pencegah kebakaran seharusnya lebih di hargai ketimbang pemadam kebakaran benar kata gusdur prabowo adalah yang paling iklas,jadi teringat gusdur hujat karena jalan jalan sewaktu jadi presiden padahal kalau tahu alasan kenapa pencegah kebakaran seharusnya lebih hargai ketimbang pemadam kebakaran benar kata gusdur prabowo paling iklas,jad ingat gusdur hujat karena jalan jalan sewaktu jad presiden padahal kalau tahu alasan napa ncegah bakaran seharus lebih harga timbang madam bakaran benar kata gusdur prabowo paling iklas
2042795332954919138,2026-04-11T02:42:15.000Z,0,"Telah terjadi kebakaran rumah pada Sabtu, 11 April 2026 sekitar pukul 08.10 WIB di kawasan PoJ City, Kota Semarang. Kejadian ini pertama kali dilaporkan oleh Ibu Yovita. Menindaklanjuti laporan tersebut, petugas segera mengerahkan sejumlah armada pemadam kebakaran #kebakaran https://t.co/KJj2Dyq2jB",2042795332954919138,https://pbs.twimg.com/amplify_video_thumb/2042795255439986688/img/VK93J1yDZ6dQnMV3.jpg,,in,,0,0,0,https://x.com/elshinta_smg/status/2042795332954919138,775589717127507968,elshinta_smg,"Telah terjadi kebakaran rumah pada Sabtu, 11 April 2026 sekitar pukul 08.10 WIB di kawasan PoJ City, Kota Semarang. Kejadian ini pertama kali dilaporkan oleh Ibu Yovita. Menindaklanjuti laporan tersebut, petugas segera mengerahkan sejumlah armada pemadam kebakaran #kebakaran https://t.co/KJj2Dyq2jB",telah terjadi kebakaran rumah pada sabtu april sekitar pukul wib di kawasan poj city kota semarang kejadian ini pertama kali dilaporkan oleh ibu yovita menindaklanjuti laporan tersebut petugas segera mengerahkan sejumlah armada pemadam kebakaran kebakaran,telah terjadi kebakaran rumah pada sabtu april sekitar pukul wib di kawasan poj city kota semarang kejadian ini pertama kali dilaporkan oleh ibu yovita menindaklanjuti laporan tersebut petugas segera mengerahkan sejumlah armada pemadam kebakaran kebakaran,telah terjadi kebakaran rumah sabtu april sekitar pukul wib kawasan poj city kota semarang kejadian pertama kali dilaporkan oleh ibu yovita menindaklanjuti laporan tersebut petugas segera mengerahkan sejumlah armada pemadam kebakaran kebakaran,te jad bakaran rumah sabtu april sekitar pukul wib kawasan poj city kota semarang jadian rtama kal lapor oleh ibu yovita nindaklanjut laporan sebut tugas segera ngerah sejum armada madam bakaran bakaran
2040580004938223761,2026-04-04T23:59:19.000Z,364,"Diduga Tak Dapat Izin Manajer Gunakan APAR, Motor Warga Hangus di SPBU Sriwijaya (4/4/2026)
📍Semarang

Pernah mengikuti pelatihan penggunaan APAR, dan saya sangat ingat pesan dari petugas pemadam kebakaran,
di mana pun dan kapan pun kita melihat atau mengalami kebakaran, segera https://t.co/6XRQUIL7WV",2040580004938223761,https://pbs.twimg.com/ext_tw_video_thumb/2040579955256651776/pu/img/Wmxlln45qO0sNBYp.jpg,,in,,9,92,126,https://x.com/Heraloebss/status/2040580004938223761,1251824880967774208,Heraloebss,"Diduga Tak Dapat Izin Manajer Gunakan APAR, Motor Warga Hangus di SPBU Sriwijaya (4/4/2026)
📍Semarang

Pernah mengikuti pelatihan penggunaan APAR, dan saya sangat ingat pesan dari petugas pemadam kebakaran,
di mana pun dan kapan pun kita melihat atau mengalami kebakaran, segera https://t.co/6XRQUIL7WV",diduga tak dapat izin manajer gunakan apar motor warga hangus di spbu sriwijaya semarang pernah mengikuti pelatihan penggunaan apar dan saya sangat ingat pesan dari petugas pemadam kebakaran di mana pun dan kapan pun kita melihat atau mengalami kebakaran segera,diduga tak dapat izin manajer gunakan apar motor warga hangus di spbu sriwijaya semarang pernah mengikuti pelatihan penggunaan apar dan saya sangat ingat pesan dari petugas pemadam kebakaran di mana pun dan kapan pun kita melihat atau mengalami kebakaran segera,diduga tak dapat izin manajer gunakan apar motor warga hangus spbu sriwijaya semarang pernah mengikuti pelatihan penggunaan apar sangat ingat pesan petugas pemadam kebakaran mana pun kapan pun melihat mengalami kebakaran segera,duga tak dapat izin manajer guna apar motor warga hangus spbu sriwijaya semarang rnah ngikut latihan nggunaan apar sangat ingat san tugas madam bakaran mana pun kapan pun lihat ngalam bakaran segera
2036745000789148139,2026-03-25T10:00:23.000Z,1,"NTSB telah memulai investigasi mendalam terhadap insiden fatal di landasan pacu Bandara LaGuardia yang melibatkan pesawat Air Canada Express dan truk pemadam kebakaran. 

Dua pilot pesawat tewas, sementara puluhan penumpang dan petugas darurat luka-luka, dengan cuaca yang tidak https://t.co/scAp9RdFCs",2036745000789148139,https://pbs.twimg.com/ext_tw_video_thumb/2036744951321489408/pu/img/9qaN3CUfK82t5Dlh.jpg,,in,,0,0,0,https://x.com/VIVAcoid/status/2036745000789148139,41730943,VIVAcoid,"NTSB telah memulai investigasi mendalam terhadap insiden fatal di landasan pacu Bandara LaGuardia yang melibatkan pesawat Air Canada Express dan truk pemadam kebakaran. 

Dua pilot pesawat tewas, sementara puluhan penumpang dan petugas darurat luka-luka, dengan cuaca yang tidak https://t.co/scAp9RdFCs",ntsb telah memulai investigasi mendalam terhadap insiden fatal di landasan pacu bandara laguardia yang melibatkan pesawat air canada express dan truk pemadam kebakaran dua pilot pesawat tewas sementara puluhan penumpang dan petugas darurat luka luka dengan cuaca yang tidak,ntsb telah memulai investigasi mendalam terhadap insiden fatal di landasan pacu bandara laguardia yang melibatkan pesawat air canada express dan truk pemadam kebakaran dua pilot pesawat tewas sementara puluhan penumpang dan petugas darurat luka luka dengan cuaca yang tidak,ntsb telah memulai investigasi mendalam terhadap insiden fatal landasan pacu bandara laguardia melibatkan pesawat air canada express truk pemadam kebakaran dua pilot pesawat tewas sementara puluhan penumpang petugas darurat luka luka cuaca tidak,ntsb te mula investigas ndalam hadap insiden fatal landasan pacu bandara laguardia libat sawat air canada express truk madam bakaran dua pilot sawat tewas sementara puluhan numpang tugas darurat luka luka cuaca tidak
2039402418811593045,2026-04-01T18:00:01.000Z,1622,"Seorang petugas pemadam kebakaran gugur dalam tugas setelah berjibaku seharian padamkan Karhutla di Bengkalis.🥲
Innalilahi Wainnailaihi Raji'un https://t.co/NB5lCh58NT",2039402418811593045,https://pbs.twimg.com/amplify_video_thumb/2039394299335585792/img/SFgyQ_kl4i98N6-n.jpg,,in,,6,32,512,https://x.com/P3gEl/status/2039402418811593045,224431376,P3gEl,"Seorang petugas pemadam kebakaran gugur dalam tugas setelah berjibaku seharian padamkan Karhutla di Bengkalis.🥲
Innalilahi Wainnailaihi Raji'un https://t.co/NB5lCh58NT",seorang petugas pemadam kebakaran gugur dalam tugas setelah berjibaku seharian padamkan karhutla di bengkalis innalilahi wainnailaihi raji un,seorang petugas pemadam kebakaran gugur dalam tugas setelah berjibaku seharian padamkan karhutla di bengkalis innalilahi wainnailaihi raji un,seorang petugas pemadam kebakaran gugur tugas setelah berjibaku seharian padamkan karhutla bengkalis innalilahi wainnailaihi raji un,seorang tugas madam bakaran gugur tugas sete berjiba seharian padam karhutla bengkalis innalilah wainnailaih raj un
2043189430517965166,2026-04-12T04:48:15.000Z,0,"𝗧𝗔𝗞𝗟𝗜𝗠𝗔𝗧 𝗗𝗔𝗡 𝗟𝗔𝗧𝗜𝗛𝗔𝗡 𝗣𝗘𝗠𝗔𝗗𝗔𝗠𝗔𝗡 𝗔𝗣𝗜 𝗦𝗘𝗪𝗔𝗞𝗧𝗨 𝗞𝗘𝗕𝗔𝗞𝗔𝗥𝗔𝗡
12 April 2026 | 9.00 Pagi https://t.co/WPDZKtsRfe",2043189430517965166,https://pbs.twimg.com/media/HFrd8wEasAAksyx.jpg,,in,,0,0,0,https://x.com/pdtkulim/status/2043189430517965166,262427500,pdtkulim,"𝗧𝗔𝗞𝗟𝗜𝗠𝗔𝗧 𝗗𝗔𝗡 𝗟𝗔𝗧𝗜𝗛𝗔𝗡 𝗣𝗘𝗠𝗔𝗗𝗔𝗠𝗔𝗡 𝗔𝗣𝗜 𝗦𝗘𝗪𝗔𝗞𝗧𝗨 𝗞𝗘𝗕𝗔𝗞𝗔𝗥𝗔𝗡
12 April 2026 | 9.00 Pagi https://t.co/WPDZKtsRfe",april pagi,april pagi,april pagi,april pag
2034729922409927105,2026-03-19T20:33:11.000Z,13,"BREAKING NEWS: 
Si jago merah melahap sebuah gudang rongsok di Kelurahan Kalibaru, Bekasi, Kamis (19/3) siang. Saat ini petugas pemadam kebakaran sudah berada di lokasi dan tengah berupaya memadamkan api agar tidak merambat ke pemukiman sekitar. Tetap waspada bagi warga yang https://t.co/rmJ9uV5ERy",2034729922409927105,https://pbs.twimg.com/ext_tw_video_thumb/2034729895008583680/pu/img/GTBHBAOzrvTk3-AR.jpg,,in,,0,3,2,https://x.com/mrtweepsID/status/2034729922409927105,155157511,mrtweepsID,"BREAKING NEWS: 
Si jago merah melahap sebuah gudang rongsok di Kelurahan Kalibaru, Bekasi, Kamis (19/3) siang. Saat ini petugas pemadam kebakaran sudah berada di lokasi dan tengah berupaya memadamkan api agar tidak merambat ke pemukiman sekitar. Tetap waspada bagi warga yang https://t.co/rmJ9uV5ERy",breaking news si jago merah melahap sebuah gudang rongsok di kelurahan kalibaru bekasi kamis siang saat ini petugas pemadam kebakaran sudah berada di lokasi dan tengah berupaya memadamkan api agar tidak merambat ke pemukiman sekitar tetap waspada bagi warga yang,breaking news si jago merah melahap sebuah gudang rongsok di kelurahan kalibaru bekasi kamis siang saat ini petugas pemadam kebakaran sudah berada di lokasi dan tengah berupaya memadamkan api agar tidak merambat ke pemukiman sekitar tetap waspada bagi warga yang,breaking news si jago merah melahap gudang rongsok kelurahan kalibaru bekasi kamis siang saat petugas pemadam kebakaran berada lokasi tengah berupaya memadamkan api agar tidak merambat pemukiman sekitar tetap waspada bagi warga,breaking news s jago rah lahap gudang rongsok lurahan kalibaru bekas kamis siang saat tugas madam bakaran berada lokas tengah berupaya madam ap agar tidak rambat mukiman sekitar tetap waspada bag warga
2044279490277454126,2026-04-15T05:00:57.000Z,0,"Kemenkum Jabar membedah aturan teknis tentang pemadam api ringan di setiap kios pasar Bekasi. Kami pastikan standar keselamatan kebakaran menjadi prioritas utama yang diatur secara legal dalam peraturan daerah Bekasi.

Kemenkum  Jabar - Asep Sutandar",2044279790136623176,,kemenkumjabar,in,,0,0,0,https://x.com/kemenkumjabar/status/2044279790136623176,1177725229,kemenkumjabar,"Kemenkum Jabar membedah aturan teknis tentang pemadam api ringan di setiap kios pasar Bekasi. Kami pastikan standar keselamatan kebakaran menjadi prioritas utama yang diatur secara legal dalam peraturan daerah Bekasi.

Kemenkum  Jabar - Asep Sutandar",kemenkum jabar membedah aturan teknis tentang pemadam api ringan di setiap kios pasar bekasi kami pastikan standar keselamatan kebakaran menjadi prioritas utama yang diatur secara legal dalam peraturan daerah bekasi kemenkum jabar asep sutandar,kemenkum jabar membedah aturan teknis tentang pemadam api ringan di setiap kios pasar bekasi kami pastikan standar keselamatan kebakaran menjadi prioritas utama yang diatur secara legal dalam peraturan daerah bekasi kemenkum jabar asep sutandar,kemenkum jabar membedah aturan teknis tentang pemadam api ringan setiap kios pasar bekasi pastikan standar keselamatan kebakaran menjadi prioritas utama diatur secara legal peraturan daerah bekasi kemenkum jabar asep sutandar,menkum jabar mbedah aturan teknis tentang madam ap ringan setiap kios pasar bekas pasti standar selamatan bakaran njad prioritas utama atur secara legal raturan daerah bekas menkum jabar asep sutandar
2043204396369203358,2026-04-12T13:55:10.000Z,0,"@Kanseulir Mobil Pemadam kebakaran, ambulance, police baru MBG",2043327067421589731,,Kanseulir,in,,0,0,0,https://x.com/JAVAaja/status/2043327067421589731,71347810,JAVAaja,"@Kanseulir Mobil Pemadam kebakaran, ambulance, police baru MBG",mobil pemadam kebakaran ambulance police baru mbg,mobil pemadam kebakaran ambulance police baru mbg,mobil pemadam kebakaran ambulance police baru mbg,mobil madam bakaran ambulance police baru mbg
2044831698916200621,2026-04-16T17:34:06.000Z,0,Penanganan lingkungannya harus dilakukan oleh tenaga ahli seperti petugas Pemadam Kebakaran atau BPBD. Mereka biasanya akan melakukan penggalian total untuk membongkar sumber panasnya-,2044831715647197443,,cherveyla,in,,0,1,0,https://x.com/cherveyla/status/2044831715647197443,1481349471023685641,cherveyla,Penanganan lingkungannya harus dilakukan oleh tenaga ahli seperti petugas Pemadam Kebakaran atau BPBD. Mereka biasanya akan melakukan penggalian total untuk membongkar sumber panasnya-,penanganan lingkungannya harus dilakukan oleh tenaga ahli seperti petugas pemadam kebakaran atau bpbd mereka biasanya akan melakukan penggalian total untuk membongkar sumber panasnya,penanganan lingkungannya harus dilakukan oleh tenaga ahli seperti petugas pemadam kebakaran atau bpbd mereka biasanya akan melakukan penggalian total untuk membongkar sumber panasnya,penanganan lingkungannya harus dilakukan oleh tenaga ahli seperti petugas pemadam kebakaran bpbd biasanya akan melakukan penggalian total membongkar sumber panasnya,nanganan lingkungan harus laku oleh tenaga ahl sepert tugas madam bakaran bpbd biasa a laku nggalian total mbongkar sumber panas
2032390024843686124,2026-03-13T09:35:16.000Z,1,"Sudis Gulkarmat Jakbar mengerahkan sebanyak 28 unit mobil pemadam kebakaran dan 140 petugas untuk memadamkan kebakaran yang meludeskan usaha konveksi, warung makan tegal, serta puluhan rumah di Jalan Tanah Sereal 3 RT 11 RW 09 Kelurahan Tanah Sereal, Tambora, Jumat (13/3). https://t.co/cofJrUxRQJ",2032390024843686124,https://pbs.twimg.com/media/HDR_zdla8AAbOEP.jpg,,in,,0,0,0,https://x.com/kotajakbar/status/2032390024843686124,587872495,kotajakbar,"Sudis Gulkarmat Jakbar mengerahkan sebanyak 28 unit mobil pemadam kebakaran dan 140 petugas untuk memadamkan kebakaran yang meludeskan usaha konveksi, warung makan tegal, serta puluhan rumah di Jalan Tanah Sereal 3 RT 11 RW 09 Kelurahan Tanah Sereal, Tambora, Jumat (13/3). https://t.co/cofJrUxRQJ",sudis gulkarmat jakbar mengerahkan sebanyak unit mobil pemadam kebakaran dan petugas untuk memadamkan kebakaran yang meludeskan usaha konveksi warung makan tegal serta puluhan rumah di jalan tanah sereal rt rw kelurahan tanah sereal tambora jumat,sudis gulkarmat jakbar mengerahkan sebanyak unit mobil pemadam kebakaran dan petugas untuk memadamkan kebakaran yang meludeskan usaha konveksi warung makan tegal serta puluhan rumah di jalan tanah sereal rt rw kelurahan tanah sereal tambora jumat,sudis gulkarmat jakbar mengerahkan sebanyak unit mobil pemadam kebakaran petugas memadamkan kebakaran meludeskan usaha konveksi warung makan tegal serta puluhan rumah jalan tanah sereal rt rw kelurahan tanah sereal tambora jumat,sudis gulkarmat jakbar ngerah sebanyak unit mobil madam bakaran tugas madam bakaran ludes usaha konveks warung ma tegal serta puluhan rumah jalan tanah sereal rt rw lurahan tanah sereal tambora jumat
2036744959903097087,2026-03-25T10:00:13.000Z,0,"NTSB telah memulai investigasi mendalam terhadap insiden fatal di landasan pacu Bandara LaGuardia yang melibatkan pesawat Air Canada Express dan truk pemadam kebakaran. 

Dua pilot pesawat tewas, sementara puluhan penumpang dan petugas darurat luka-luka, dengan cuaca yang tidak https://t.co/US4J3US964",2036744959903097087,https://pbs.twimg.com/ext_tw_video_thumb/2036744934775025664/pu/img/ciOZkQ_ETW5buLDC.jpg,,in,,0,0,0,https://x.com/VIVAcoid/status/2036744959903097087,41730943,VIVAcoid,"NTSB telah memulai investigasi mendalam terhadap insiden fatal di landasan pacu Bandara LaGuardia yang melibatkan pesawat Air Canada Express dan truk pemadam kebakaran. 

Dua pilot pesawat tewas, sementara puluhan penumpang dan petugas darurat luka-luka, dengan cuaca yang tidak https://t.co/US4J3US964",ntsb telah memulai investigasi mendalam terhadap insiden fatal di landasan pacu bandara laguardia yang melibatkan pesawat air canada express dan truk pemadam kebakaran dua pilot pesawat tewas sementara puluhan penumpang dan petugas darurat luka luka dengan cuaca yang tidak,ntsb telah memulai investigasi mendalam terhadap insiden fatal di landasan pacu bandara laguardia yang melibatkan pesawat air canada express dan truk pemadam kebakaran dua pilot pesawat tewas sementara puluhan penumpang dan petugas darurat luka luka dengan cuaca yang tidak,ntsb telah memulai investigasi mendalam terhadap insiden fatal landasan pacu bandara laguardia melibatkan pesawat air canada express truk pemadam kebakaran dua pilot pesawat tewas sementara puluhan penumpang petugas darurat luka luka cuaca tidak,ntsb te mula investigas ndalam hadap insiden fatal landasan pacu bandara laguardia libat sawat air canada express truk madam bakaran dua pilot sawat tewas sementara puluhan numpang tugas darurat luka luka cuaca tidak
2043225465184497739,2026-04-12T07:11:26.000Z,0,"Pemadam Jakarta rutin merawat unit operasional, termasuk di Pulau Karya, agar selalu siap menangani darurat di darat dan kepulauan.

Yuk, lihat keseruannya! 👀

#PemadamJakarta #JagaJakarta #JAKI #JS112 #JKTInfo – @dkijakarta https://t.co/y9wBDJp5cg",2043225465184497739,https://pbs.twimg.com/amplify_video_thumb/2043225366064746496/img/5ctXiDOIiqwBStzU.jpg,,in,,0,1,0,https://x.com/humasjakfire/status/2043225465184497739,555862521,humasjakfire,"Pemadam Jakarta rutin merawat unit operasional, termasuk di Pulau Karya, agar selalu siap menangani darurat di darat dan kepulauan.

Yuk, lihat keseruannya! 👀

#PemadamJakarta #JagaJakarta #JAKI #JS112 #JKTInfo – @dkijakarta https://t.co/y9wBDJp5cg",pemadam jakarta rutin merawat unit operasional termasuk di pulau karya agar selalu siap menangani darurat di darat dan kepulauan yuk lihat keseruannya pemadamjakarta jagajakarta jaki js jktinfo,pemadam jakarta rutin merawat unit operasional termasuk di pulau karya agar selalu siap menangani darurat di darat dan kepulauan yuk lihat keseruannya pemadamjakarta jagajakarta jaki js jktinfo,pemadam jakarta rutin merawat unit operasional termasuk pulau karya agar selalu siap menangani darurat darat kepulauan yuk lihat keseruannya pemadamjakarta jagajakarta jaki js jktinfo,madam jakarta rutin rawat unit operasional masuk pulau karya agar selalu siap nangan darurat darat pulauan yuk lihat seruan madamjakarta jagajakarta jak js jktinfo
2036050110296252731,2026-03-23T11:59:08.000Z,0,"Sebuah pesawat milik Air Canada mengalami kecelakaan di landasan pacu Bandara LaGuardia, New York, Amerika Serikat, Minggu (22/3/2026) malam waktu setempat. Insiden tersebut melibatkan tabrakan antara pesawat dan kendaraan pemadam kebakaran yang berada di area bandara.

Pesawat https://t.co/LwrR4VKD5Y",2036050110296252731,https://pbs.twimg.com/amplify_video_thumb/2036049959053844481/img/5Go738D14VP98je9.jpg,,in,,0,0,0,https://x.com/SINDOnews/status/2036050110296252731,231355136,SINDOnews,"Sebuah pesawat milik Air Canada mengalami kecelakaan di landasan pacu Bandara LaGuardia, New York, Amerika Serikat, Minggu (22/3/2026) malam waktu setempat. Insiden tersebut melibatkan tabrakan antara pesawat dan kendaraan pemadam kebakaran yang berada di area bandara.

Pesawat https://t.co/LwrR4VKD5Y",sebuah pesawat milik air canada mengalami kecelakaan di landasan pacu bandara laguardia new york amerika serikat minggu malam waktu setempat insiden tersebut melibatkan tabrakan antara pesawat dan kendaraan pemadam kebakaran yang berada di area bandara pesawat,sebuah pesawat milik air canada mengalami kecelakaan di landasan pacu bandara laguardia new york amerika serikat minggu malam waktu setempat insiden tersebut melibatkan tabrakan antara pesawat dan kendaraan pemadam kebakaran yang berada di area bandara pesawat,pesawat milik air canada mengalami kecelakaan landasan pacu bandara laguardia new york amerika serikat minggu malam waktu setempat insiden tersebut melibatkan tabrakan antara pesawat kendaraan pemadam kebakaran berada area bandara pesawat,sawat milik air canada ngalam celakaan landasan pacu bandara laguardia new york amerika serikat minggu malam waktu setempat insiden sebut libat tabra antara sawat ndaraan madam bakaran berada area bandara sawat
2044073535078052298,2026-04-14T15:21:22.000Z,0,"Tim RESCUE Pemadam Kebakaran Bengkulu Selatan menindak lanjuti laporan Bapak Edwar Kenedy untuk mengevakuasi sarang tawon Vespa Affinis pada hari Selasa, 14 April 2026 pukul 20.30 WIB. 

Lokasi sarang tawon tersebut berada di 

https://t.co/rP07XHT94g",2044073535078052298,,,in,,0,0,0,https://x.com/damkarbs/status/2044073535078052298,1390080853569458177,damkarbs,"Tim RESCUE Pemadam Kebakaran Bengkulu Selatan menindak lanjuti laporan Bapak Edwar Kenedy untuk mengevakuasi sarang tawon Vespa Affinis pada hari Selasa, 14 April 2026 pukul 20.30 WIB. 

Lokasi sarang tawon tersebut berada di 

https://t.co/rP07XHT94g",tim rescue pemadam kebakaran bengkulu selatan menindak lanjuti laporan bapak edwar kenedy untuk mengevakuasi sarang tawon vespa affinis pada hari selasa april pukul wib lokasi sarang tawon tersebut berada di,tim rescue pemadam kebakaran bengkulu selatan menindak lanjuti laporan bapak edwar kenedy untuk mengevakuasi sarang tawon vespa affinis pada hari selasa april pukul wib lokasi sarang tawon tersebut berada di,tim rescue pemadam kebakaran bengkulu selatan menindak lanjuti laporan bapak edwar kenedy mengevakuasi sarang tawon vespa affinis hari selasa april pukul wib lokasi sarang tawon tersebut berada,tim rescue madam bakaran bengkulu selatan nindak lanjut laporan bapak edwar nedy ngevakuas sarang tawon vespa affinis har selasa april pukul wib lokas sarang tawon sebut berada
2033218184170688994,2026-03-15T16:26:05.000Z,807,"Kebakaran di Mampang Prapatan Malam Ini

Telah terjadi kebakaran yang menghanguskan rumah warga di Jalan Kuningan Barat IV, kawasan Mampang Prapatan, Jakarta Selatan, pada Minggu malam (15/3). Saat ini petugas pemadam kebakaran masih berada di lokasi dan tengah berupaya https://t.co/n71KJlXINo",2033218184170688994,https://pbs.twimg.com/ext_tw_video_thumb/2033218165363396608/pu/img/tzCjn6zH562Pvn0l.jpg,,in,,25,27,156,https://x.com/txtdrjkt/status/2033218184170688994,1252667805947723776,txtdrjkt,"Kebakaran di Mampang Prapatan Malam Ini

Telah terjadi kebakaran yang menghanguskan rumah warga di Jalan Kuningan Barat IV, kawasan Mampang Prapatan, Jakarta Selatan, pada Minggu malam (15/3). Saat ini petugas pemadam kebakaran masih berada di lokasi dan tengah berupaya https://t.co/n71KJlXINo",kebakaran di mampang prapatan malam ini telah terjadi kebakaran yang menghanguskan rumah warga di jalan kuningan barat iv kawasan mampang prapatan jakarta selatan pada minggu malam saat ini petugas pemadam kebakaran masih berada di lokasi dan tengah berupaya,kebakaran di mampang prapatan malam ini telah terjadi kebakaran yang menghanguskan rumah warga di jalan kuningan barat iv kawasan mampang prapatan jakarta selatan pada minggu malam saat ini petugas pemadam kebakaran masih berada di lokasi dan tengah berupaya,kebakaran mampang prapatan malam telah terjadi kebakaran menghanguskan rumah warga jalan kuningan barat iv kawasan mampang prapatan jakarta selatan minggu malam saat petugas pemadam kebakaran masih berada lokasi tengah berupaya,bakaran mampang prapatan malam te jad bakaran nghangus rumah warga jalan kuningan barat iv kawasan mampang prapatan jakarta selatan minggu malam saat tugas madam bakaran masih berada lokas tengah berupaya
2044999852271255863,2026-04-17T04:42:13.000Z,4,"11.40 Terjadi Kebakaran Hunian di Asrama Polri Kalideres Jakarta Barat, saat ini sedang penanganan oleh Petugas Dinas Pemadam Kebakaran, Anggota Satlantas Jakarta Barat melakukan pengamanan maupun pengaturan lalu lintas guna mencegah kepadatan arus lalu lintas sehingga tidak https://t.co/bj4MW900GK",2044999852271255863,https://pbs.twimg.com/media/HGFL_T8aUAAItVc.jpg,,in,,0,1,1,https://x.com/TMCPoldaMetro/status/2044999852271255863,76647722,TMCPoldaMetro,"11.40 Terjadi Kebakaran Hunian di Asrama Polri Kalideres Jakarta Barat, saat ini sedang penanganan oleh Petugas Dinas Pemadam Kebakaran, Anggota Satlantas Jakarta Barat melakukan pengamanan maupun pengaturan lalu lintas guna mencegah kepadatan arus lalu lintas sehingga tidak https://t.co/bj4MW900GK",terjadi kebakaran hunian di asrama polri kalideres jakarta barat saat ini sedang penanganan oleh petugas dinas pemadam kebakaran anggota satlantas jakarta barat melakukan pengamanan maupun pengaturan lalu lintas guna mencegah kepadatan arus lalu lintas sehingga tidak,terjadi kebakaran hunian di asrama polri kalideres jakarta barat saat ini sedang penanganan oleh petugas dinas pemadam kebakaran anggota satlantas jakarta barat melakukan pengamanan maupun pengaturan lalu lintas guna mencegah kepadatan arus lalu lintas sehingga tidak,terjadi kebakaran hunian asrama polri kalideres jakarta barat saat sedang penanganan oleh petugas dinas pemadam kebakaran anggota satlantas jakarta barat melakukan pengamanan maupun pengaturan lalu lintas guna mencegah kepadatan arus lalu lintas sehingga tidak,jad bakaran hunian asrama polr kalideres jakarta barat saat sedang nanganan oleh tugas nas madam bakaran anggota satlantas jakarta barat laku ngamanan maupun ngaturan lalu lintas guna ncegah padatan arus lalu lintas sehingga tidak
2044639146317414422,2026-04-17T01:24:43.000Z,0,@empty__core pemadam kebakaran,2044950148934164815,,empty__core,in,,0,0,0,https://x.com/luckystar_0249/status/2044950148934164815,1113974882239254534,luckystar_0249,@empty__core pemadam kebakaran,pemadam kebakaran,pemadam kebakaran,pemadam kebakaran,madam bakaran
2043254000741708135,2026-04-12T09:04:50.000Z,0,"Sepanjang Januari hingga awal April 2026, Dinas Pemadam Kebakaran (Damkar) dan Penyelamatan Kota Denpasar mencatat sebanyak 92 kejadian kebakaran.
https://t.co/a8EWWlKSld",2043254000741708135,,,in,,0,0,0,https://x.com/nusabalicom/status/2043254000741708135,2655442453,nusabalicom,"Sepanjang Januari hingga awal April 2026, Dinas Pemadam Kebakaran (Damkar) dan Penyelamatan Kota Denpasar mencatat sebanyak 92 kejadian kebakaran.
https://t.co/a8EWWlKSld",sepanjang januari hingga awal april dinas pemadam kebakaran damkar dan penyelamatan kota denpasar mencatat sebanyak kejadian kebakaran,sepanjang januari hingga awal april dinas pemadam kebakaran damkar dan penyelamatan kota denpasar mencatat sebanyak kejadian kebakaran,sepanjang januari hingga awal april dinas pemadam kebakaran damkar penyelamatan kota denpasar mencatat sebanyak kejadian kebakaran,sepanjang januar hingga awal april nas madam bakaran damkar nyelamatan kota denpasar ncatat sebanyak jadian bakaran
2044391583953326318,2026-04-16T12:19:53.000Z,0,@worksfess Pemadam kebakaran,2044752638298980362,,worksfess,in,,0,0,0,https://x.com/JwSnoopy1902/status/2044752638298980362,1840667250103353344,JwSnoopy1902,@worksfess Pemadam kebakaran,pemadam kebakaran,pemadam kebakaran,pemadam kebakaran,madam bakaran
2045052732256710778,2026-04-17T08:12:21.000Z,0,Kaya pemadam kebakaran indonesia 😭😭😭😭😭,2045052732256710778,,,in,,0,0,0,https://x.com/kayin_kayy/status/2045052732256710778,1490893000603435013,kayin_kayy,Kaya pemadam kebakaran indonesia 😭😭😭😭😭,kaya pemadam kebakaran indonesia,kaya pemadam kebakaran indonesia,kaya pemadam kebakaran indonesia,kaya madam bakaran indonesia
2041347719676178504,2026-04-07T02:49:57.000Z,1,"🔥 Kebakaran terjadi di BTN Teluk Mulus Blok E4, Selasa (7/4).

Api dilaporkan membakar salah satu bangunan dan mengundang perhatian warga sekitar. Sejumlah relawan pemadam kebakaran dan warga setempat berupaya memadamkan api. 

#PontianakPost #Kebakaran #Pontianak #KubuRaya https://t.co/n7nKBYsc1e",2041347719676178504,https://pbs.twimg.com/ext_tw_video_thumb/2041347665699778561/pu/img/_BuWAkLmiGe6morg.jpg,,in,,0,1,0,https://x.com/pontianakpost1/status/2041347719676178504,4619136320,pontianakpost1,"🔥 Kebakaran terjadi di BTN Teluk Mulus Blok E4, Selasa (7/4).

Api dilaporkan membakar salah satu bangunan dan mengundang perhatian warga sekitar. Sejumlah relawan pemadam kebakaran dan warga setempat berupaya memadamkan api. 

#PontianakPost #Kebakaran #Pontianak #KubuRaya https://t.co/n7nKBYsc1e",kebakaran terjadi di btn teluk mulus blok e selasa api dilaporkan membakar salah satu bangunan dan mengundang perhatian warga sekitar sejumlah relawan pemadam kebakaran dan warga setempat berupaya memadamkan api pontianakpost kebakaran pontianak kuburaya,kebakaran terjadi di btn teluk mulus blok e selasa api dilaporkan membakar salah satu bangunan dan mengundang perhatian warga sekitar sejumlah relawan pemadam kebakaran dan warga setempat berupaya memadamkan api pontianakpost kebakaran pontianak kuburaya,kebakaran terjadi btn teluk mulus blok e selasa api dilaporkan membakar salah satu bangunan mengundang perhatian warga sekitar sejumlah relawan pemadam kebakaran warga setempat berupaya memadamkan api pontianakpost kebakaran pontianak kuburaya,bakaran jad btn teluk mulus blok e selasa ap lapor mbakar sa satu bangunan ngundang rhatian warga sekitar sejum relawan madam bakaran warga setempat berupaya madam ap pontianakpost bakaran pontianak kuburaya
2043557021627396119,2026-04-13T05:08:56.000Z,1,lu mau nyiram gue air pake semprotan pemadam kebakaran juga gue ga marah dek...,2043557021627396119,,,in,,0,0,0,https://x.com/nattarchie/status/2043557021627396119,781181666748313600,nattarchie,lu mau nyiram gue air pake semprotan pemadam kebakaran juga gue ga marah dek...,lu mau nyiram gue air pake semprotan pemadam kebakaran juga gue ga marah dek,lu mau nyiram saya air pake semprotan pemadam kebakaran juga saya tidak marah dek,lu mau nyiram air pake semprotan pemadam kebakaran tidak marah dek,lu mau nyiram air pake semprotan madam bakaran tidak marah dek
2043932922152136712,2026-04-14T06:02:37.000Z,1,"Dinas Pemadam Kebakaran dan Penyelamatan (Damkarmat) Kabupaten Banyuwangi menangani insiden kebakaran yang melanda tumpukan sabut kelapa di UD Sumber Kelapa, Jalan Hasanudin, Dusun Krajan, Desa Sraten, Kecamatan Cluring, pada Senin malam, 13 April 2026. https://t.co/yGPf8mzl00",2043932922152136712,https://pbs.twimg.com/ext_tw_video_thumb/2043932319434846211/pu/img/URiHUA5su0n6ZYiz.jpg,,in,,0,0,0,https://x.com/BwiDamkar/status/2043932922152136712,1620611682069544970,BwiDamkar,"Dinas Pemadam Kebakaran dan Penyelamatan (Damkarmat) Kabupaten Banyuwangi menangani insiden kebakaran yang melanda tumpukan sabut kelapa di UD Sumber Kelapa, Jalan Hasanudin, Dusun Krajan, Desa Sraten, Kecamatan Cluring, pada Senin malam, 13 April 2026. https://t.co/yGPf8mzl00",dinas pemadam kebakaran dan penyelamatan damkarmat kabupaten banyuwangi menangani insiden kebakaran yang melanda tumpukan sabut kelapa di ud sumber kelapa jalan hasanudin dusun krajan desa sraten kecamatan cluring pada senin malam april,dinas pemadam kebakaran dan penyelamatan damkarmat kabupaten banyuwangi menangani insiden kebakaran yang melanda tumpukan sabut kelapa di ud sumber kelapa jalan hasanudin dusun krajan desa sraten kecamatan cluring pada senin malam april,dinas pemadam kebakaran penyelamatan damkarmat kabupaten banyuwangi menangani insiden kebakaran melanda tumpukan sabut kelapa ud sumber kelapa jalan hasanudin dusun krajan desa sraten kecamatan cluring senin malam april,nas madam bakaran nyelamatan damkarmat kabupaten banyuwang nangan insiden bakaran landa tumpu sabut lapa ud sumber lapa jalan hasanudin dusun krajan desa sraten camatan cluring senin malam april
2041449921266807234,2026-04-07T09:36:04.000Z,8,"Bimo Margo Hutomo (30), petugas pemadam kebakaran (damkar) yang menjadi korban begal di Cideng, Gambir, Jakarta Pusat, sempat dihantam konblok di bagian kepala oleh pelaku.

Sumber: https://t.co/rgZ7Qsps9m.

~AC #Damkar #Begal #Korban https://t.co/UehRyol6e0",2041449921266807234,https://pbs.twimg.com/amplify_video_thumb/2041449164480102400/img/L3hJzggcLEdJ4X1M.jpg,,in,,0,0,5,https://x.com/kompascom/status/2041449921266807234,23343960,kompascom,"Bimo Margo Hutomo (30), petugas pemadam kebakaran (damkar) yang menjadi korban begal di Cideng, Gambir, Jakarta Pusat, sempat dihantam konblok di bagian kepala oleh pelaku.

Sumber: https://t.co/rgZ7Qsps9m.

~AC #Damkar #Begal #Korban https://t.co/UehRyol6e0",bimo margo hutomo petugas pemadam kebakaran damkar yang menjadi korban begal di cideng gambir jakarta pusat sempat dihantam konblok di bagian kepala oleh pelaku sumber ac damkar begal korban,bimo margo hutomo petugas pemadam kebakaran damkar yang menjadi korban begal di cideng gambir jakarta pusat sempat dihantam konblok di bagian kepala oleh pelaku sumber ac damkar begal korban,bimo margo hutomo petugas pemadam kebakaran damkar menjadi korban begal cideng gambir jakarta pusat sempat dihantam konblok bagian kepala oleh pelaku sumber ac damkar begal korban,bimo margo hutomo tugas madam bakaran damkar njad korban begal cideng gambir jakarta pusat sempat hantam konblok bagian pala oleh la sumber ac damkar begal korban
2043302208922603609,2026-04-12T19:01:20.000Z,0,@Hate_Fiona Pemadam kebakaran,2043404117935374778,,Hate_Fiona,in,,0,0,0,https://x.com/KayariKairo8088/status/2043404117935374778,65320903,KayariKairo8088,@Hate_Fiona Pemadam kebakaran,pemadam kebakaran,pemadam kebakaran,pemadam kebakaran,madam bakaran
2044639146317414422,2026-04-17T01:52:59.000Z,0,"@lerabbani_ @empty__core Elo yg goblok permanen . Jawaban gua nyindir tau nggak .Jawaban yg betul ya pemadam kebakaran krn bisa mengancam byk nyawa.Mobil ambulance cuma satu nyawa. Mandi kembang 7 rupa sana. Itu foto aslinya nyindir MBG . Elo punya otak gini amat . Pantes negara sulit maju,",2044957264281493670,,lerabbani_,in,,0,0,0,https://x.com/afif_sanja5092/status/2044957264281493670,2007643116090892288,afif_sanja5092,"@lerabbani_ @empty__core Elo yg goblok permanen . Jawaban gua nyindir tau nggak .Jawaban yg betul ya pemadam kebakaran krn bisa mengancam byk nyawa.Mobil ambulance cuma satu nyawa. Mandi kembang 7 rupa sana. Itu foto aslinya nyindir MBG . Elo punya otak gini amat . Pantes negara sulit maju,",elo yg goblok permanen jawaban gua nyindir tau nggak jawaban yg betul ya pemadam kebakaran krn bisa mengancam byk nyawa mobil ambulance cuma satu nyawa mandi kembang rupa sana itu foto aslinya nyindir mbg elo punya otak gini amat pantes negara sulit maju,elo yang goblok permanen jawaban gua nyindir tau nggak jawaban yang betul ya pemadam kebakaran krn bisa mengancam byk nyawa mobil ambulance cuma satu nyawa mandi kembang rupa sana itu foto aslinya nyindir mbg elo punya otak gini amat pantes negara sulit maju,elo goblok permanen jawaban gua nyindir tau nggak jawaban betul ya pemadam kebakaran krn bisa mengancam byk nyawa mobil ambulance cuma satu nyawa mandi kembang rupa sana foto aslinya nyindir mbg elo punya otak gini amat pantes negara sulit maju,elo goblok rmanen jawaban gua nyindir tau nggak jawaban betul ya madam bakaran krn bisa ngancam byk nyawa mobil ambulance cuma satu nyawa mand mbang rupa sana foto asl nyindir mbg elo pu otak gin amat pantes negara sulit maju
2044766860470882478,2026-04-16T13:16:24.000Z,0,Dimana2 pemadam kebakaran kenapa keren2 bgt ya. Baik2 bgt. Bener2 rela menolong,2044766860470882478,,,in,,0,0,0,https://x.com/shinesminds/status/2044766860470882478,1300758678698483712,shinesminds,Dimana2 pemadam kebakaran kenapa keren2 bgt ya. Baik2 bgt. Bener2 rela menolong,dimana pemadam kebakaran kenapa keren bgt ya baik bgt bener rela menolong,dimana pemadam kebakaran kenapa keren banget ya baik banget bener rela menolong,dimana pemadam kebakaran kenapa keren banget ya baik banget bener rela menolong,mana madam bakaran napa ren banget ya baik banget bener rela nolong
2036244116628189523,2026-03-24T00:50:03.000Z,7,"Horor Footage : Video menunjukkan penerbangan Air Canada AC8646 bertabrakan dengan truk pemadam kebakaran Otoritas Pelabuhan di Bandara LaGuardia.

Kedua pilot tewas. Puluhan penumpang dan dua orang di truk tersebut terluka.

Bandara LaGuardia tetap ditutup sementara NTSB https://t.co/B4h1f3CK37",2036244116628189523,https://pbs.twimg.com/ext_tw_video_thumb/2036244105135792129/pu/img/FkdivW3m-8ojyB5b.jpg,,in,,0,0,1,https://x.com/ingpoX/status/2036244116628189523,1970364492472291328,ingpoX,"Horor Footage : Video menunjukkan penerbangan Air Canada AC8646 bertabrakan dengan truk pemadam kebakaran Otoritas Pelabuhan di Bandara LaGuardia.

Kedua pilot tewas. Puluhan penumpang dan dua orang di truk tersebut terluka.

Bandara LaGuardia tetap ditutup sementara NTSB https://t.co/B4h1f3CK37",horor footage video menunjukkan penerbangan air canada ac bertabrakan dengan truk pemadam kebakaran otoritas pelabuhan di bandara laguardia kedua pilot tewas puluhan penumpang dan dua orang di truk tersebut terluka bandara laguardia tetap ditutup sementara ntsb,horor footage video menunjukkan penerbangan air canada ac bertabrakan dengan truk pemadam kebakaran otoritas pelabuhan di bandara laguardia kedua pilot tewas puluhan penumpang dan dua orang di truk tersebut terluka bandara laguardia tetap ditutup sementara ntsb,horor footage video menunjukkan penerbangan air canada ac bertabrakan truk pemadam kebakaran otoritas pelabuhan bandara laguardia kedua pilot tewas puluhan penumpang dua orang truk tersebut terluka bandara laguardia tetap ditutup sementara ntsb,horor footage video nunjuk nerbangan air canada ac bertabra truk madam bakaran otoritas labuhan bandara laguardia dua pilot tewas puluhan numpang dua orang truk sebut luka bandara laguardia tetap tutup sementara ntsb
2033522154604794080,2026-03-16T12:33:57.000Z,2,"Rumah milik warga  di RT 02/02, Kelurahan Cilendek Timur, Kecamatan Bogor Barat, Kota Bogor, mengalami kebakaran pada Senin (16/3/2026) sekitar pukul 14.45 WIB.

Berdasarkan laporan Dinas Pemadam Kebakaran dan Penyelamatan Kota Bogor, api diduga pertama kali muncul dari area https://t.co/liuxW0BxDn",2033522154604794080,https://pbs.twimg.com/ext_tw_video_thumb/2033522084559908864/pu/img/DiMxUJwanfqVGmEA.jpg,,in,,0,0,1,https://x.com/buckmano555/status/2033522154604794080,1366400355366432768,buckmano555,"Rumah milik warga  di RT 02/02, Kelurahan Cilendek Timur, Kecamatan Bogor Barat, Kota Bogor, mengalami kebakaran pada Senin (16/3/2026) sekitar pukul 14.45 WIB.

Berdasarkan laporan Dinas Pemadam Kebakaran dan Penyelamatan Kota Bogor, api diduga pertama kali muncul dari area https://t.co/liuxW0BxDn",rumah milik warga di rt kelurahan cilendek timur kecamatan bogor barat kota bogor mengalami kebakaran pada senin sekitar pukul wib berdasarkan laporan dinas pemadam kebakaran dan penyelamatan kota bogor api diduga pertama kali muncul dari area,rumah milik warga di rt kelurahan cilendek timur kecamatan bogor barat kota bogor mengalami kebakaran pada senin sekitar pukul wib berdasarkan laporan dinas pemadam kebakaran dan penyelamatan kota bogor api diduga pertama kali muncul dari area,rumah milik warga rt kelurahan cilendek timur kecamatan bogor barat kota bogor mengalami kebakaran senin sekitar pukul wib berdasarkan laporan dinas pemadam kebakaran penyelamatan kota bogor api diduga pertama kali muncul area,rumah milik warga rt lurahan cilendek timur camatan bogor barat kota bogor ngalam bakaran senin sekitar pukul wib berdasar laporan nas madam bakaran nyelamatan kota bogor ap duga rtama kal muncul area
2040327642923319362,2026-04-04T07:16:32.000Z,0,"Badan Penanggulangan Bencana Daerah dan Pemadam Kebakaran (BPBD Damkar) Riau, mendapatkan laporan bahwa per hari Jumat (3/4/2026) sore ditemukan 233 hotspot atau titik panas di Provinsi Riau.

#infoRIAU #karhutlaRIAU https://t.co/FPXR8elMBR",2040327642923319362,https://pbs.twimg.com/media/HFCzLMeaAAAEtth.jpg,,in,,0,1,2,https://x.com/infoRIAU/status/2040327642923319362,172425532,infoRIAU,"Badan Penanggulangan Bencana Daerah dan Pemadam Kebakaran (BPBD Damkar) Riau, mendapatkan laporan bahwa per hari Jumat (3/4/2026) sore ditemukan 233 hotspot atau titik panas di Provinsi Riau.

#infoRIAU #karhutlaRIAU https://t.co/FPXR8elMBR",badan penanggulangan bencana daerah dan pemadam kebakaran bpbd damkar riau mendapatkan laporan bahwa per hari jumat sore ditemukan hotspot atau titik panas di provinsi riau inforiau karhutlariau,badan penanggulangan bencana daerah dan pemadam kebakaran bpbd damkar riau mendapatkan laporan bahwa per hari jumat sore ditemukan hotspot atau titik panas di provinsi riau inforiau karhutlariau,badan penanggulangan bencana daerah pemadam kebakaran bpbd damkar riau mendapatkan laporan bahwa per hari jumat sore ditemukan hotspot titik panas provinsi riau inforiau karhutlariau,badan nanggulangan bencana daerah madam bakaran bpbd damkar riau ndapat laporan bahwa r har jumat sore temu hotspot titik panas provins riau inforiau karhutlariau
2033767285509529998,2026-03-17T04:48:01.000Z,13,Pemadam kebakaran tidak bisa lewat karena para kadrun islamist sedang sholat di jalan https://t.co/lxpefka7bO,2033767285509529998,https://pbs.twimg.com/ext_tw_video_thumb/2033767265263620097/pu/img/bBr0Ojqlth1y4uSn.jpg,,in,,4,8,6,https://x.com/theorang389/status/2033767285509529998,1826309227142676486,theorang389,Pemadam kebakaran tidak bisa lewat karena para kadrun islamist sedang sholat di jalan https://t.co/lxpefka7bO,pemadam kebakaran tidak bisa lewat karena para kadrun islamist sedang sholat di jalan,pemadam kebakaran tidak bisa lewat karena para kadrun islamist sedang sholat di jalan,pemadam kebakaran tidak bisa lewat karena para kadrun islamist sedang sholat jalan,madam bakaran tidak bisa lewat karena para kadrun islamist sedang sholat jalan
2038480090766667807,2026-03-30T04:55:01.000Z,0,"Tim RESCUE Pemadam Kebakaran Bengkulu Selatan menindak lanjuti insruksi Kasatpol PP dan DAMKAR untuk ikut serta dalam pencarian korban tenggelam di Aliran Sungai Lubuk Langkap, Suka Maju Air Nipis pada hari Minggu, 29 Maret 2026 pukul 20.00 WIB.

https://t.co/Pm7vzuIEIe",2038480090766667807,,,in,,0,0,0,https://x.com/damkarbs/status/2038480090766667807,1390080853569458177,damkarbs,"Tim RESCUE Pemadam Kebakaran Bengkulu Selatan menindak lanjuti insruksi Kasatpol PP dan DAMKAR untuk ikut serta dalam pencarian korban tenggelam di Aliran Sungai Lubuk Langkap, Suka Maju Air Nipis pada hari Minggu, 29 Maret 2026 pukul 20.00 WIB.

https://t.co/Pm7vzuIEIe",tim rescue pemadam kebakaran bengkulu selatan menindak lanjuti insruksi kasatpol pp dan damkar untuk ikut serta dalam pencarian korban tenggelam di aliran sungai lubuk langkap suka maju air nipis pada hari minggu maret pukul wib,tim rescue pemadam kebakaran bengkulu selatan menindak lanjuti insruksi kasatpol pp dan damkar untuk ikut serta dalam pencarian korban tenggelam di aliran sungai lubuk langkap suka maju air nipis pada hari minggu maret pukul wib,tim rescue pemadam kebakaran bengkulu selatan menindak lanjuti insruksi kasatpol pp damkar ikut serta pencarian korban tenggelam aliran sungai lubuk langkap suka maju air nipis hari minggu maret pukul wib,tim rescue madam bakaran bengkulu selatan nindak lanjut insruks kasatpol pp damkar ikut serta ncarian korban tenggelam aliran sunga lubuk langkap suka maju air nipis har minggu maret pukul wib
2044602843647386021,2026-04-16T02:24:39.000Z,0,"Guys, stok LPG di indonesia tinggal sekitar 11 hari lagi.

Nah, karena sekitar 88% pengguna gas LPG itu adalah rumah tangga, maka kalo gak segera direstock siap-siap rumah kalian harus nyalain api pake api dan kayu seperti manusia gua.

Tips dan Cara Menyalakan Api dengan Kayu: https://t.co/0BCkmPm2MP",2044602843647386021,https://pbs.twimg.com/media/HF_h4LhboAAFDtw.png,,in,,0,1,0,https://x.com/Piter_Kastangel/status/2044602843647386021,1908926415166406656,Piter_Kastangel,"Guys, stok LPG di indonesia tinggal sekitar 11 hari lagi.

Nah, karena sekitar 88% pengguna gas LPG itu adalah rumah tangga, maka kalo gak segera direstock siap-siap rumah kalian harus nyalain api pake api dan kayu seperti manusia gua.

Tips dan Cara Menyalakan Api dengan Kayu: https://t.co/0BCkmPm2MP",guys stok lpg di indonesia tinggal sekitar hari lagi nah karena sekitar pengguna gas lpg itu adalah rumah tangga maka kalo gak segera direstock siap siap rumah kalian harus nyalain api pake api dan kayu seperti manusia gua tips dan cara menyalakan api dengan kayu,guys stok lpg di indonesia tinggal sekitar hari lagi nah karena sekitar pengguna gas lpg itu adalah rumah tangga maka kalau tidak segera direstock siap siap rumah kalian harus nyalain api pake api dan kayu seperti manusia gua tips dan cara menyalakan api dengan kayu,guys stok lpg indonesia tinggal sekitar hari lagi nah karena sekitar pengguna gas lpg rumah tangga maka kalau tidak segera direstock siap siap rumah kalian harus nyalain api pake api kayu seperti manusia gua tips cara menyalakan api kayu,guys stok lpg indonesia tinggal sekitar har lag nah karena sekitar ngguna gas lpg rumah tangga maka kalau tidak segera restock siap siap rumah kalian harus nyalain ap pake ap kayu sepert manusia gua tips cara nyala ap kayu
2043044413384122685,2026-04-12T08:12:26.000Z,0,"ㅤ

️️
Tangan mereka mampu untuk menggeser hal-hal yang tipis. Tidak sepenuhnya salah, namun bisa lebih dari cukup untuk menggiring bola api liar menjadi lebih besar daripada aslinya.

Dan justru disitulah letak bahayanya.
️
⠀
️",2043240815615779163,,terjelabak,in,,0,1,0,https://x.com/terjelabak/status/2043240815615779163,1715773722811056128,terjelabak,"ㅤ

️️
Tangan mereka mampu untuk menggeser hal-hal yang tipis. Tidak sepenuhnya salah, namun bisa lebih dari cukup untuk menggiring bola api liar menjadi lebih besar daripada aslinya.

Dan justru disitulah letak bahayanya.
️
⠀
️",tangan mereka mampu untuk menggeser hal hal yang tipis tidak sepenuhnya salah namun bisa lebih dari cukup untuk menggiring bola api liar menjadi lebih besar daripada aslinya dan justru disitulah letak bahayanya,tangan mereka mampu untuk menggeser hal hal yang tipis tidak sepenuhnya salah namun bisa lebih dari cukup untuk menggiring bola api liar menjadi lebih besar daripada aslinya dan justru disitulah letak bahayanya,tangan mampu menggeser hal hal tipis tidak sepenuhnya salah namun bisa lebih cukup menggiring bola api liar menjadi lebih besar daripada aslinya justru disitulah letak bahayanya,tangan mampu nggeser hal hal tipis tidak sepenuh sa namun bisa lebih cukup nggiring bola ap liar njad lebih besar daripada asl justru situ letak bahaya
2045020623798452631,2026-04-17T06:04:47.000Z,0,"SPM Sub Urusan Bencana dan Pemadam Kebakaran merupakan kewajiban pemerintah daerah untuk menjamin terpenuhinya hak masyarakat atas layanan dasar yang cepat, tepat, dan terstandar dalam penanggulangan bencana dan kebakaran.",2045020631062986774,,BPBDDIY,in,,0,1,0,https://x.com/BPBDDIY/status/2045020631062986774,758572219,BPBDDIY,"SPM Sub Urusan Bencana dan Pemadam Kebakaran merupakan kewajiban pemerintah daerah untuk menjamin terpenuhinya hak masyarakat atas layanan dasar yang cepat, tepat, dan terstandar dalam penanggulangan bencana dan kebakaran.",spm sub urusan bencana dan pemadam kebakaran merupakan kewajiban pemerintah daerah untuk menjamin terpenuhinya hak masyarakat atas layanan dasar yang cepat tepat dan terstandar dalam penanggulangan bencana dan kebakaran,spm sub urusan bencana dan pemadam kebakaran merupakan kewajiban pemerintah daerah untuk menjamin terpenuhinya hak masyarakat atas layanan dasar yang cepat tepat dan terstandar dalam penanggulangan bencana dan kebakaran,spm sub urusan bencana pemadam kebakaran merupakan kewajiban pemerintah daerah menjamin terpenuhinya hak masyarakat atas layanan dasar cepat tepat terstandar penanggulangan bencana kebakaran,spm sub urusan bencana madam bakaran rupa wajiban merintah daerah njamin penuh hak masyarakat atas layanan dasar cepat tepat standar nanggulangan bencana bakaran
2043203385571353081,2026-04-12T05:43:42.000Z,1,"Dinas Pemadam Kebakaran dan Penyelamatan (Damkarmat) Kabupaten Banyuwangi bertindak cepat merespons laporan darurat terkait keberadaan ular berbisa yang telah mengakibatkan korban. Insiden terjadi di Jalan wilayah Kelurahan Pengantigan, Kecamatan Banyuwangi, Kabupaten Banyuwangi https://t.co/nX41ceGMxC",2043203385571353081,https://pbs.twimg.com/ext_tw_video_thumb/2043203324246417408/pu/img/iA17VtDP88i2C6mW.jpg,,in,,0,0,0,https://x.com/BwiDamkar/status/2043203385571353081,1620611682069544970,BwiDamkar,"Dinas Pemadam Kebakaran dan Penyelamatan (Damkarmat) Kabupaten Banyuwangi bertindak cepat merespons laporan darurat terkait keberadaan ular berbisa yang telah mengakibatkan korban. Insiden terjadi di Jalan wilayah Kelurahan Pengantigan, Kecamatan Banyuwangi, Kabupaten Banyuwangi https://t.co/nX41ceGMxC",dinas pemadam kebakaran dan penyelamatan damkarmat kabupaten banyuwangi bertindak cepat merespons laporan darurat terkait keberadaan ular berbisa yang telah mengakibatkan korban insiden terjadi di jalan wilayah kelurahan pengantigan kecamatan banyuwangi kabupaten banyuwangi,dinas pemadam kebakaran dan penyelamatan damkarmat kabupaten banyuwangi bertindak cepat merespons laporan darurat terkait keberadaan ular berbisa yang telah mengakibatkan korban insiden terjadi di jalan wilayah kelurahan pengantigan kecamatan banyuwangi kabupaten banyuwangi,dinas pemadam kebakaran penyelamatan damkarmat kabupaten banyuwangi bertindak cepat merespons laporan darurat terkait keberadaan ular berbisa telah mengakibatkan korban insiden terjadi jalan wilayah kelurahan pengantigan kecamatan banyuwangi kabupaten banyuwangi,nas madam bakaran nyelamatan damkarmat kabupaten banyuwang bertindak cepat respons laporan darurat kait beradaan ular berbisa te ngakibat korban insiden jad jalan wilayah lurahan ngantigan camatan banyuwang kabupaten banyuwang
2042603790684295601,2026-04-10T14:01:20.000Z,0,"1. Kenali risiko keadaan darurat di rumah. 

2. Simpan nomor darurat (pemadam kebakaran, rumah sakit, polisi) di tempat yg gampang terlihat. 

3. Siapkan tas darurat (berisi air, makanan ringan, senter, obat, powerbank)

4. Pastikan jalur keluar rumah aman.",2042603840705618004,,byeonwsk,in,,0,1,0,https://x.com/byeonwsk/status/2042603840705618004,4809679800,byeonwsk,"1. Kenali risiko keadaan darurat di rumah. 

2. Simpan nomor darurat (pemadam kebakaran, rumah sakit, polisi) di tempat yg gampang terlihat. 

3. Siapkan tas darurat (berisi air, makanan ringan, senter, obat, powerbank)

4. Pastikan jalur keluar rumah aman.",kenali risiko keadaan darurat di rumah simpan nomor darurat pemadam kebakaran rumah sakit polisi di tempat yg gampang terlihat siapkan tas darurat berisi air makanan ringan senter obat powerbank pastikan jalur keluar rumah aman,kenali risiko keadaan darurat di rumah simpan nomor darurat pemadam kebakaran rumah sakit polisi di tempat yang gampang terlihat siapkan tas darurat berisi air makanan ringan senter obat powerbank pastikan jalur keluar rumah aman,kenali risiko keadaan darurat rumah simpan nomor darurat pemadam kebakaran rumah sakit polisi tempat gampang terlihat siapkan tas darurat berisi air makanan ringan senter obat powerbank pastikan jalur keluar rumah aman,nal risiko adaan darurat rumah simpan nomor darurat madam bakaran rumah sakit polis tempat gampang lihat siap tas darurat beris air makanan ringan senter obat powerbank pasti jalur luar rumah aman
2043315037905797274,2026-04-12T13:07:22.000Z,0,"Terjadi percikan api yang diduga berasal dari kabel listrik di wilayah Asem Siketek, Kalilembu, Kecamatan Karangdadap, pada Sabtu (dini hari) sekitar pukul 00.30 WIB.

Percikan api terlihat oleh pengendara yang melintas dan berlangsung selama beberapa menit sebelum akhirnya padam https://t.co/8QiGriuz5L",2043315037905797274,https://pbs.twimg.com/ext_tw_video_thumb/2043314984747237376/pu/img/lapDYQ5ET6nwuc5N.jpg,,in,,0,0,0,https://x.com/pekalongan_info/status/2043315037905797274,802181984675995648,pekalongan_info,"Terjadi percikan api yang diduga berasal dari kabel listrik di wilayah Asem Siketek, Kalilembu, Kecamatan Karangdadap, pada Sabtu (dini hari) sekitar pukul 00.30 WIB.

Percikan api terlihat oleh pengendara yang melintas dan berlangsung selama beberapa menit sebelum akhirnya padam https://t.co/8QiGriuz5L",terjadi percikan api yang diduga berasal dari kabel listrik di wilayah asem siketek kalilembu kecamatan karangdadap pada sabtu dini hari sekitar pukul wib percikan api terlihat oleh pengendara yang melintas dan berlangsung selama beberapa menit sebelum akhirnya padam,terjadi percikan api yang diduga berasal dari kabel listrik di wilayah asem siketek kalilembu kecamatan karangdadap pada sabtu dini hari sekitar pukul wib percikan api terlihat oleh pengendara yang melintas dan berlangsung selama beberapa menit sebelum akhirnya padam,terjadi percikan api diduga berasal kabel listrik wilayah asem siketek kalilembu kecamatan karangdadap sabtu dini hari sekitar pukul wib percikan api terlihat oleh pengendara melintas berlangsung selama beberapa menit sebelum akhirnya padam,jad rci ap duga berasal kabel listrik wilayah asem siketek kalilembu camatan karangdadap sabtu n har sekitar pukul wib rci ap lihat oleh ngendara lintas berlangsung selama beberapa nit sebelum akhir padam
2044936233940566030,2026-04-17T22:02:29.000Z,0,"@Naz_lira Hadits Nabi SAW, 2 dari 3 Hakim (penegak hukum) tempatnya di neraka itu benar adanya. Lihat saja di Prindavan, banyak penegak hukum yg bs dibeli. Untung itu terjadi disana, bukan di Indonesia.",2045261641194074431,,Naz_lira,in,,0,0,0,https://x.com/Adv_Kampong/status/2045261641194074431,1228626166052880384,Adv_Kampong,"@Naz_lira Hadits Nabi SAW, 2 dari 3 Hakim (penegak hukum) tempatnya di neraka itu benar adanya. Lihat saja di Prindavan, banyak penegak hukum yg bs dibeli. Untung itu terjadi disana, bukan di Indonesia.",hadits nabi saw dari hakim penegak hukum tempatnya di neraka itu benar adanya lihat saja di prindavan banyak penegak hukum yg bs dibeli untung itu terjadi disana bukan di indonesia,hadits nabi saw dari hakim penegak hukum tempatnya di neraka itu benar adanya lihat saja di prindavan banyak penegak hukum yang bs dibeli untung itu terjadi disana bukan di indonesia,hadits nabi saw hakim penegak hukum tempatnya neraka benar adanya lihat saja prindavan banyak penegak hukum bs dibeli untung terjadi disana bukan indonesia,hadits nab saw hakim negak hukum tempat neraka benar ada lihat saja prindavan banyak negak hukum bs bel untung jad sana bu indonesia
2044366799417077797,2026-04-15T10:46:52.000Z,0,"Menindaklanjuti laporan tersebut, unit dan personel segera menuju lokasi untuk melakukan upaya pemadaman. Operasi pemadaman mulai dilaksanakan pada pukul 15.11 WIB. Kemudian api berhasil dilokalisir pada pukul 15.38 WIB.",2044366843616579918,,humasjakfire,in,,0,1,0,https://x.com/humasjakfire/status/2044366843616579918,555862521,humasjakfire,"Menindaklanjuti laporan tersebut, unit dan personel segera menuju lokasi untuk melakukan upaya pemadaman. Operasi pemadaman mulai dilaksanakan pada pukul 15.11 WIB. Kemudian api berhasil dilokalisir pada pukul 15.38 WIB.",menindaklanjuti laporan tersebut unit dan personel segera menuju lokasi untuk melakukan upaya pemadaman operasi pemadaman mulai dilaksanakan pada pukul wib kemudian api berhasil dilokalisir pada pukul wib,menindaklanjuti laporan tersebut unit dan personel segera menuju lokasi untuk melakukan upaya pemadaman operasi pemadaman mulai dilaksanakan pada pukul wib kemudian api berhasil dilokalisir pada pukul wib,menindaklanjuti laporan tersebut unit personel segera menuju lokasi melakukan upaya pemadaman operasi pemadaman mulai dilaksanakan pukul wib kemudian api berhasil dilokalisir pukul wib,nindaklanjut laporan sebut unit rsonel segera nuju lokas laku upaya madaman operas madaman mula laksana pukul wib mudian ap berhasil lokalisir pukul wib
2044599635533275257,2026-04-16T04:42:51.000Z,1,"@abid0588 gak usah berandai2, sudah ada urutan prioritas dalam UU 22/2009:
Pemadam kebakaran;
ambulans orang sakit;
Pertolongan pada kecelakaan lalu lintas;
dst",2044637621025120496,,abid0588,in,,0,0,0,https://x.com/nungguangkot/status/2044637621025120496,1199121216675573760,nungguangkot,"@abid0588 gak usah berandai2, sudah ada urutan prioritas dalam UU 22/2009:
Pemadam kebakaran;
ambulans orang sakit;
Pertolongan pada kecelakaan lalu lintas;
dst",gak usah berandai sudah ada urutan prioritas dalam uu pemadam kebakaran ambulans orang sakit pertolongan pada kecelakaan lalu lintas dst,tidak usah berandai sudah ada urutan prioritas dalam uu pemadam kebakaran ambulans orang sakit pertolongan pada kecelakaan lalu lintas dst,tidak usah berandai ada urutan prioritas uu pemadam kebakaran ambulans orang sakit pertolongan kecelakaan lalu lintas dst,tidak usah beranda ada urutan prioritas uu madam bakaran ambulans orang sakit rtolongan celakaan lalu lintas dst
2036329261829890433,2026-03-24T06:28:23.000Z,353,"Definisi 'Tua-tua Keladi'! 🚒 Meskipun sudah bertugas sejak tahun 90-an, unit pemadam kebakaran di Amerika ini masih kinclong dan tangguh banget. Bukti kalau perawatan itu kunci utama! ✨ https://t.co/Dpq6EGYfBs",2036329261829890433,https://pbs.twimg.com/amplify_video_thumb/2036329194314145793/img/dBkcltAb0TXDIT0r.jpg,,in,,0,230,199,https://x.com/_zhyme/status/2036329261829890433,1357226411832954880,_zhyme,"Definisi 'Tua-tua Keladi'! 🚒 Meskipun sudah bertugas sejak tahun 90-an, unit pemadam kebakaran di Amerika ini masih kinclong dan tangguh banget. Bukti kalau perawatan itu kunci utama! ✨ https://t.co/Dpq6EGYfBs",definisi tua tua keladi meskipun sudah bertugas sejak tahun an unit pemadam kebakaran di amerika ini masih kinclong dan tangguh banget bukti kalau perawatan itu kunci utama,definisi tua tua keladi meskipun sudah bertugas sejak tahun an unit pemadam kebakaran di amerika ini masih kinclong dan tangguh banget bukti kalau perawatan itu kunci utama,definisi tua tua keladi meskipun bertugas sejak tahun an unit pemadam kebakaran amerika masih kinclong tangguh banget bukti kalau perawatan kunci utama,definis tua tua lad skipun bertugas sejak tahun an unit madam bakaran amerika masih kinclong tangguh banget bukt kalau rawatan kunc utama
2043501926285971556,2026-04-13T01:30:00.000Z,15,"Seorang anggota pemadam kebakaran di Pos Pinang, Kota Tangerang, dilaporkan menjadi korban pem*kulan oleh seorang pria yang datang bersama dua orang lainnya.

#ForYourInformation #CariBeritaditvOne #PosDamkar #ViralTangerang #PetugasDamkar #FYI05 #ZA03 https://t.co/FOCntvquYd",2043501926285971556,https://pbs.twimg.com/amplify_video_thumb/2043362881115398144/img/J2rGQHvYGdTzFPyh.jpg,,in,,1,4,3,https://x.com/tvOneNews/status/2043501926285971556,55507370,tvOneNews,"Seorang anggota pemadam kebakaran di Pos Pinang, Kota Tangerang, dilaporkan menjadi korban pem*kulan oleh seorang pria yang datang bersama dua orang lainnya.

#ForYourInformation #CariBeritaditvOne #PosDamkar #ViralTangerang #PetugasDamkar #FYI05 #ZA03 https://t.co/FOCntvquYd",seorang anggota pemadam kebakaran di pos pinang kota tangerang dilaporkan menjadi korban pem kulan oleh seorang pria yang datang bersama dua orang lainnya foryourinformation cariberitaditvone posdamkar viraltangerang petugasdamkar fyi za,seorang anggota pemadam kebakaran di pos pinang kota tangerang dilaporkan menjadi korban pem kulan oleh seorang pria yang datang bersama dua orang lainnya foryourinformation cariberitaditvone posdamkar viraltangerang petugasdamkar fyi za,seorang anggota pemadam kebakaran pos pinang kota tangerang dilaporkan menjadi korban pem kulan oleh seorang pria datang bersama dua orang lainnya foryourinformation cariberitaditvone posdamkar viraltangerang petugasdamkar fyi za,seorang anggota madam bakaran pos pinang kota tangerang lapor njad korban m kulan oleh seorang pria datang bersama dua orang lain foryourinformation cariberitaditvone posdamkar viraltangerang tugasdamkar fy za
2039654814959968577,2026-04-02T10:42:57.000Z,7,"Kebakaran hebat melanda gudang penyimpanan mobil di Jalan Sisingamangaraja Kisaran, Kabupaten Asahan, Sumatera Utara, Kamis (2/4/2026). Api dengan cepat melahap bangunan dan belasan kendaraan di dalamnya hingga menimbulkan kepulan asap hitam pekat. Petugas pemadam kebakaran https://t.co/j9TsOfne32",2039654814959968577,https://pbs.twimg.com/amplify_video_thumb/2039654754562039808/img/__f73uChzJ6zEDtK.jpg,,in,,0,1,0,https://x.com/Beritasatu/status/2039654814959968577,154102750,Beritasatu,"Kebakaran hebat melanda gudang penyimpanan mobil di Jalan Sisingamangaraja Kisaran, Kabupaten Asahan, Sumatera Utara, Kamis (2/4/2026). Api dengan cepat melahap bangunan dan belasan kendaraan di dalamnya hingga menimbulkan kepulan asap hitam pekat. Petugas pemadam kebakaran https://t.co/j9TsOfne32",kebakaran hebat melanda gudang penyimpanan mobil di jalan sisingamangaraja kisaran kabupaten asahan sumatera utara kamis api dengan cepat melahap bangunan dan belasan kendaraan di dalamnya hingga menimbulkan kepulan asap hitam pekat petugas pemadam kebakaran,kebakaran hebat melanda gudang penyimpanan mobil di jalan sisingamangaraja kisaran kabupaten asahan sumatera utara kamis api dengan cepat melahap bangunan dan belasan kendaraan di dalamnya hingga menimbulkan kepulan asap hitam pekat petugas pemadam kebakaran,kebakaran hebat melanda gudang penyimpanan mobil jalan sisingamangaraja kisaran kabupaten asahan sumatera utara kamis api cepat melahap bangunan belasan kendaraan dalamnya hingga menimbulkan kepulan asap hitam pekat petugas pemadam kebakaran,bakaran hebat landa gudang nyimpanan mobil jalan sisingamangaraja kisaran kabupaten asahan sumatera utara kamis ap cepat lahap bangunan belasan ndaraan dalam hingga nimbul pulan asap hitam kat tugas madam bakaran
2042507929291755622,2026-04-10T07:45:21.000Z,0,@forPerthTa aku bawain pemadam kebakaran biar pedta puas,2042509221670064433,,forPerthTa,in,,0,0,0,https://x.com/peanutminute/status/2042509221670064433,2026222559583404032,peanutminute,@forPerthTa aku bawain pemadam kebakaran biar pedta puas,aku bawain pemadam kebakaran biar pedta puas,saya bawain pemadam kebakaran biar pedta puas,bawain pemadam kebakaran biar pedta puas,bawain madam bakaran biar dta puas
2044680101011623984,2026-04-16T07:31:39.000Z,0,"Lebih dari 5 penyidik Komisi Pemberantasan Korupsi (KPK) melakukan penggeledahan di Pendopo Tulungagung pada Kamis 16 April 2026 hari ini. Penggeledahan diduga berkaitan dengan kasus korupsi Gatut Sunu Wibowo Bupati Tulungagung.

Lugu Tri Handoko, Kepala Dinas Pemadam Kebakaran &amp; https://t.co/DBxY9npLa8",2044680101011623984,https://pbs.twimg.com/amplify_video_thumb/2044679700136755200/img/thzhN6LO4l8ADkz-.jpg,,in,,0,1,0,https://x.com/radiopatria/status/2044680101011623984,100132119,radiopatria,"Lebih dari 5 penyidik Komisi Pemberantasan Korupsi (KPK) melakukan penggeledahan di Pendopo Tulungagung pada Kamis 16 April 2026 hari ini. Penggeledahan diduga berkaitan dengan kasus korupsi Gatut Sunu Wibowo Bupati Tulungagung.

Lugu Tri Handoko, Kepala Dinas Pemadam Kebakaran &amp; https://t.co/DBxY9npLa8",lebih dari penyidik komisi pemberantasan korupsi kpk melakukan penggeledahan di pendopo tulungagung pada kamis april hari ini penggeledahan diduga berkaitan dengan kasus korupsi gatut sunu wibowo bupati tulungagung lugu tri handoko kepala dinas pemadam kebakaran amp,lebih dari penyidik komisi pemberantasan korupsi kpk melakukan penggeledahan di pendopo tulungagung pada kamis april hari ini penggeledahan diduga berkaitan dengan kasus korupsi gatut sunu wibowo bupati tulungagung lugu tri handoko kepala dinas pemadam kebakaran amp,lebih penyidik komisi pemberantasan korupsi kpk melakukan penggeledahan pendopo tulungagung kamis april hari penggeledahan diduga berkaitan kasus korupsi gatut sunu wibowo bupati tulungagung lugu tri handoko kepala dinas pemadam kebakaran amp,lebih nyidik komis mberantasan korups kpk laku nggeledahan ndopo tulungagung kamis april har nggeledahan duga berkaitan kasus korups gatut sunu wibowo bupat tulungagung lugu tr handoko pala nas madam bakaran amp
2044344500806717686,2026-04-15T09:18:05.000Z,0,"15 April 2026,  Ketua Ikatan Adhyaksa Dharmakarini Daerah Serang Ibu Rita Punia Atmaja Melaksanakan pertemuan rutin Ikatan Adhyaksa Dharmakarini Daerah Serang dengan tema ""Sosialisasi Penanganan Kebakaran Dalam Sekala Rumah Tangga”  bersama Dinas Pemadam Kebakaran Kota Serang https://t.co/s74qOPCafq",2044344500806717686,https://pbs.twimg.com/media/HF74erdaYAA6bYG.jpg,,in,,0,0,0,https://x.com/kejariserang/status/2044344500806717686,1315820749735649280,kejariserang,"15 April 2026,  Ketua Ikatan Adhyaksa Dharmakarini Daerah Serang Ibu Rita Punia Atmaja Melaksanakan pertemuan rutin Ikatan Adhyaksa Dharmakarini Daerah Serang dengan tema ""Sosialisasi Penanganan Kebakaran Dalam Sekala Rumah Tangga”  bersama Dinas Pemadam Kebakaran Kota Serang https://t.co/s74qOPCafq",april ketua ikatan adhyaksa dharmakarini daerah serang ibu rita punia atmaja melaksanakan pertemuan rutin ikatan adhyaksa dharmakarini daerah serang dengan tema sosialisasi penanganan kebakaran dalam sekala rumah tangga bersama dinas pemadam kebakaran kota serang,april ketua ikatan adhyaksa dharmakarini daerah serang ibu rita punia atmaja melaksanakan pertemuan rutin ikatan adhyaksa dharmakarini daerah serang dengan tema sosialisasi penanganan kebakaran dalam sekala rumah tangga bersama dinas pemadam kebakaran kota serang,april ketua ikatan adhyaksa dharmakarini daerah serang ibu rita punia atmaja melaksanakan pertemuan rutin ikatan adhyaksa dharmakarini daerah serang tema sosialisasi penanganan kebakaran sekala rumah tangga bersama dinas pemadam kebakaran kota serang,april tua ikatan adhyaksa dharmakarin daerah serang ibu rita punia atmaja laksana rtemuan rutin ikatan adhyaksa dharmakarin daerah serang tema sosialisas nanganan bakaran sekala rumah tangga bersama nas madam bakaran kota serang
2044599635533275257,2026-04-16T02:11:54.000Z,68,Mana yang harus di dahului lebih dulu? Mobil pemadam kebakaran atau mobil ambulance? https://t.co/S500t904J2,2044599635533275257,https://pbs.twimg.com/media/HF_gVcObEAAxsud.jpg,,in,,6,84,10,https://x.com/abid0588/status/2044599635533275257,1547984979447382018,abid0588,Mana yang harus di dahului lebih dulu? Mobil pemadam kebakaran atau mobil ambulance? https://t.co/S500t904J2,mana yang harus di dahului lebih dulu mobil pemadam kebakaran atau mobil ambulance,mana yang harus di dahului lebih dulu mobil pemadam kebakaran atau mobil ambulance,mana harus dahului lebih dulu mobil pemadam kebakaran mobil ambulance,mana harus dahulu lebih dulu mobil madam bakaran mobil ambulance
2037813506809163945,2026-03-28T08:46:15.000Z,114,Akan menyaingi pemadam kebakaran https://t.co/T1ETiBkjfF,2037813506809163945,https://pbs.twimg.com/media/HEfElSabYAA7pWU.jpg,,in,,0,20,15,https://x.com/myshawti/status/2037813506809163945,1156869918370873344,myshawti,Akan menyaingi pemadam kebakaran https://t.co/T1ETiBkjfF,akan menyaingi pemadam kebakaran,akan menyaingi pemadam kebakaran,akan menyaingi pemadam kebakaran,a nyaing madam bakaran
2036032284156108828,2026-03-23T10:48:18.000Z,7,"🚨#BREAKING
Setidaknya 70 orang terluka akibat tabrakan yang melibatkan pesawat dan truk pemadam kebakaran di Bandara LaGuardia di New York. 
Pejabat di lokasi telah mengkonfirmasi bahwa dua orang telah dinyatakan meninggal di tempat kejadian. https://t.co/JJObVk91Y6",2036032284156108828,https://pbs.twimg.com/amplify_video_thumb/2035988304580272129/img/HhceWXkobH5AshNw.jpg,,in,,0,0,0,https://x.com/dxrkchocolx/status/2036032284156108828,1208278977040642050,dxrkchocolx,"🚨#BREAKING
Setidaknya 70 orang terluka akibat tabrakan yang melibatkan pesawat dan truk pemadam kebakaran di Bandara LaGuardia di New York. 
Pejabat di lokasi telah mengkonfirmasi bahwa dua orang telah dinyatakan meninggal di tempat kejadian. https://t.co/JJObVk91Y6",breaking setidaknya orang terluka akibat tabrakan yang melibatkan pesawat dan truk pemadam kebakaran di bandara laguardia di new york pejabat di lokasi telah mengkonfirmasi bahwa dua orang telah dinyatakan meninggal di tempat kejadian,breaking setidaknya orang terluka akibat tabrakan yang melibatkan pesawat dan truk pemadam kebakaran di bandara laguardia di new york pejabat di lokasi telah mengkonfirmasi bahwa dua orang telah dinyatakan meninggal di tempat kejadian,breaking setidaknya orang terluka akibat tabrakan melibatkan pesawat truk pemadam kebakaran bandara laguardia new york pejabat lokasi telah mengkonfirmasi bahwa dua orang telah dinyatakan meninggal tempat kejadian,breaking setidak orang luka akibat tabra libat sawat truk madam bakaran bandara laguardia new york jabat lokas te ngkonfirmas bahwa dua orang te nyata ninggal tempat jadian
2037937283660402778,2026-03-28T16:58:06.000Z,3,Kru pemadam kebakaran menghabiskan sepanjang hari untuk memadamkan api di Bandara Internasional Kuwait setelah serangan Iran. https://t.co/nESvo5EgXS,2037937283660402778,https://pbs.twimg.com/ext_tw_video_thumb/2037936975525924864/pu/img/xeQe4VC4QNyEHmQL.jpg,,in,,0,0,4,https://x.com/socarnos/status/2037937283660402778,1708192349589999616,socarnos,Kru pemadam kebakaran menghabiskan sepanjang hari untuk memadamkan api di Bandara Internasional Kuwait setelah serangan Iran. https://t.co/nESvo5EgXS,kru pemadam kebakaran menghabiskan sepanjang hari untuk memadamkan api di bandara internasional kuwait setelah serangan iran,kru pemadam kebakaran menghabiskan sepanjang hari untuk memadamkan api di bandara internasional kuwait setelah serangan iran,kru pemadam kebakaran menghabiskan sepanjang hari memadamkan api bandara internasional kuwait setelah serangan iran,kru madam bakaran nghabis sepanjang har madam ap bandara internasional kuwait sete serangan iran
2041510543153090793,2026-04-10T23:48:16.000Z,0,@Lalerrrrrmu Pemadam kebakaran harusnya . Tp bisa jadi pak pul mengatur MBG utk bisa djalan duluwan,2042751550305775712,,Lalerrrrrmu,in,,0,0,0,https://x.com/MuhYu06689/status/2042751550305775712,1794033467275272193,MuhYu06689,@Lalerrrrrmu Pemadam kebakaran harusnya . Tp bisa jadi pak pul mengatur MBG utk bisa djalan duluwan,pemadam kebakaran harusnya tp bisa jadi pak pul mengatur mbg utk bisa djalan duluwan,pemadam kebakaran harusnya tapi bisa jadi pak pul mengatur mbg untuk bisa djalan duluwan,pemadam kebakaran harusnya tapi bisa jadi pak pul mengatur mbg bisa djalan duluwan,madam bakaran harus tap bisa jad pak pul ngatur mbg bisa djalan duluwan
2045255498686210131,2026-04-17T21:38:04.000Z,0,❤للَّهُمَّ صَلِّ عَلٰى سَيِّدِنَا مُحَمَّدٍ وَعَلٰى آلِ سَيِّدِنَا مُحَمَّدٍ كَمَا صَلَّيْتَ عَلٰى سَيِّدِنَا إِبْرَاهِيْمَ وَعَلٰى آلِ سَيِّدِنَا إِبْرَاهِيْمَ و بَارِكْ عَلٰى سَيِّدِنَا مُحَمَّدٍ وَعَلٰى آلِ سَيِّدِنَا مُحَمَّدٍ,2045255498686210131,,,ar,,0,0,0,https://x.com/teras___rumah/status/2045255498686210131,1342589298,teras___rumah,❤للَّهُمَّ صَلِّ عَلٰى سَيِّدِنَا مُحَمَّدٍ وَعَلٰى آلِ سَيِّدِنَا مُحَمَّدٍ كَمَا صَلَّيْتَ عَلٰى سَيِّدِنَا إِبْرَاهِيْمَ وَعَلٰى آلِ سَيِّدِنَا إِبْرَاهِيْمَ و بَارِكْ عَلٰى سَيِّدِنَا مُحَمَّدٍ وَعَلٰى آلِ سَيِّدِنَا مُحَمَّدٍ,,,,
2038604941376549335,2026-03-30T13:11:08.000Z,34,"Kebakaran hebat melanda zona industri Ne'ot Hovav di dekat Beersheba, Israel Selatan, pada Minggu (29/3) menyusul serangan udara yang dilancarkan oleh Iran. Kepulan asap hitam pekat membubung tinggi dari kompleks gudang saat tim pemadam kebakaran berupaya mengendalikan api. https://t.co/tAiuVWkYyn",2038604941376549335,https://pbs.twimg.com/amplify_video_thumb/2038603876329525248/img/7vQ8A6ScA1xlV42A.jpg,,in,,0,0,4,https://x.com/Metro_TV/status/2038604941376549335,57261519,Metro_TV,"Kebakaran hebat melanda zona industri Ne'ot Hovav di dekat Beersheba, Israel Selatan, pada Minggu (29/3) menyusul serangan udara yang dilancarkan oleh Iran. Kepulan asap hitam pekat membubung tinggi dari kompleks gudang saat tim pemadam kebakaran berupaya mengendalikan api. https://t.co/tAiuVWkYyn",kebakaran hebat melanda zona industri ne ot hovav di dekat beersheba israel selatan pada minggu menyusul serangan udara yang dilancarkan oleh iran kepulan asap hitam pekat membubung tinggi dari kompleks gudang saat tim pemadam kebakaran berupaya mengendalikan api,kebakaran hebat melanda zona industri ne ot hovav di dekat beersheba israel selatan pada minggu menyusul serangan udara yang dilancarkan oleh iran kepulan asap hitam pekat membubung tinggi dari kompleks gudang saat tim pemadam kebakaran berupaya mengendalikan api,kebakaran hebat melanda zona industri ne ot hovav dekat beersheba israel selatan minggu menyusul serangan udara dilancarkan oleh iran kepulan asap hitam pekat membubung tinggi kompleks gudang saat tim pemadam kebakaran berupaya mengendalikan api,bakaran hebat landa zona industr ne ot hovav dekat beersheba israel selatan minggu nyusul serangan udara lancar oleh iran pulan asap hitam kat mbubung tingg kompleks gudang saat tim madam bakaran berupaya ngendali ap
2042395768091525455,2026-04-10T00:14:31.000Z,0,"Pelda Samsudin Babinsa Koramil 1407-05/Ulaweng melaksanakan kerja bakti pembersihan lingkungan di sekitar Kantor Pemadam Kebakaran, Kec. Ulaweng, Kab. Bone. 
#tniad
#dispenad
#puspentni
#TNIindonesia
#tetapsemangat
#bekerjaikhlas
#ewako https://t.co/TYV20A97bG",2042395768091525455,https://pbs.twimg.com/media/HFgMD7tbQAErDOJ.jpg,,in,,0,0,0,https://x.com/kodimbone/status/2042395768091525455,983530586508673025,kodimbone,"Pelda Samsudin Babinsa Koramil 1407-05/Ulaweng melaksanakan kerja bakti pembersihan lingkungan di sekitar Kantor Pemadam Kebakaran, Kec. Ulaweng, Kab. Bone. 
#tniad
#dispenad
#puspentni
#TNIindonesia
#tetapsemangat
#bekerjaikhlas
#ewako https://t.co/TYV20A97bG",pelda samsudin babinsa koramil ulaweng melaksanakan kerja bakti pembersihan lingkungan di sekitar kantor pemadam kebakaran kec ulaweng kab bone tniad dispenad puspentni tniindonesia tetapsemangat bekerjaikhlas ewako,pelda samsudin babinsa koramil ulaweng melaksanakan kerja bakti pembersihan lingkungan di sekitar kantor pemadam kebakaran kec ulaweng kab bone tniad dispenad puspentni tniindonesia tetapsemangat bekerjaikhlas ewako,pelda samsudin babinsa koramil ulaweng melaksanakan kerja bakti pembersihan lingkungan sekitar kantor pemadam kebakaran kec ulaweng kab bone tniad dispenad puspentni tniindonesia tetapsemangat bekerjaikhlas ewako,lda samsudin babinsa koramil ulaweng laksana rja bakt mbersihan lingkungan sekitar kantor madam bakaran c ulaweng kab bone tniad spenad puspentn tniindonesia tetapsemangat bekerjaikhlas ewako
2044068213491638435,2026-04-15T15:16:38.000Z,0,@cecilliaaw @tegalfess Yg di dkt pemadam kebakaran setujuu bgtt mana murah dan banyaaak porsinya,2044434733657202749,,cecilliaaw,in,,0,0,0,https://x.com/imoptimuszay/status/2044434733657202749,1880066836773105664,imoptimuszay,@cecilliaaw @tegalfess Yg di dkt pemadam kebakaran setujuu bgtt mana murah dan banyaaak porsinya,yg di dkt pemadam kebakaran setujuu bgtt mana murah dan banyaaak porsinya,yang di dkt pemadam kebakaran setujuu bgtt mana murah dan banyaaak porsinya,dkt pemadam kebakaran setujuu bgtt mana murah banyaaak porsinya,dkt madam bakaran setujuu bgtt mana murah banyaaak pors
2044243009500524644,2026-04-15T12:16:59.000Z,0,@chrimty Apa mamim boleh jadi pemadam kebakaran juga?,2044389522360902039,,chrimty,in,,0,1,0,https://x.com/jouhyoun/status/2044389522360902039,1181468905,jouhyoun,@chrimty Apa mamim boleh jadi pemadam kebakaran juga?,apa mamim boleh jadi pemadam kebakaran juga,apa mamim boleh jadi pemadam kebakaran juga,apa mamim boleh jadi pemadam kebakaran,apa mamim boleh jad madam bakaran
2044639146317414422,2026-04-16T20:41:03.000Z,0,"@empty__core Ambulance, pemadam kebakaran, yang lain tunggu jalanan sepi dulu",2044878762412810550,,empty__core,in,,0,0,0,https://x.com/DROMEO69261/status/2044878762412810550,1795017884877631488,DROMEO69261,"@empty__core Ambulance, pemadam kebakaran, yang lain tunggu jalanan sepi dulu",ambulance pemadam kebakaran yang lain tunggu jalanan sepi dulu,ambulance pemadam kebakaran yang lain tunggu jalanan sepi dulu,ambulance pemadam kebakaran lain tunggu jalanan sepi dulu,ambulance madam bakaran lain tunggu jalanan sep dulu
2042885957070807487,2026-04-11T08:42:21.000Z,26,"PEMADAM KEBAKARAN JANGAN DIKASIH LEWAT, BIARKAN PASSION MEMBARA HARI INI🔥🔥
ALIASSS BAGUS BGT WOY MV LO!! minus tayang delay TAPI GAPAPA YANG PENTING BAGUS😭😭🔥🔥",2042885957070807487,,,in,,0,0,5,https://x.com/vvotanet/status/2042885957070807487,1394249284736864258,vvotanet,"PEMADAM KEBAKARAN JANGAN DIKASIH LEWAT, BIARKAN PASSION MEMBARA HARI INI🔥🔥
ALIASSS BAGUS BGT WOY MV LO!! minus tayang delay TAPI GAPAPA YANG PENTING BAGUS😭😭🔥🔥",pemadam kebakaran jangan dikasih lewat biarkan passion membara hari ini aliasss bagus bgt woy mv lo minus tayang delay tapi gapapa yang penting bagus,pemadam kebakaran jangan dikasih lewat biarkan passion membara hari ini aliasss bagus banget woy mv lo minus tayang delay tapi gapapa yang penting bagus,pemadam kebakaran jangan dikasih lewat biarkan passion membara hari aliasss bagus banget woy mv lo minus tayang delay tapi gapapa penting bagus,madam bakaran jangan kasih lewat biar passion mbara har aliasss bagus banget woy mv lo minus tayang delay tap gapapa nting bagus
2045055383832781286,2026-04-17T08:22:53.000Z,10,"izin melaporkan minn, ada mobil tukang tahu bulat terbakar tkp di jl. kenari pukul 14:30wib sudah terkondisikan oleh petugas pemadam kebakaran, terimakasih pada pihak yang sudah membantu juga kepada petugas keamanan smkn 5 yogyakarta yang berkenan menggunakan apar guna membantu https://t.co/5iOfOkwwiJ",2045055383832781286,https://pbs.twimg.com/amplify_video_thumb/2045055319890616320/img/nt7yr60K4roVCduy.jpg,,in,,0,0,0,https://x.com/merapi_uncover/status/2045055383832781286,1279804428724211712,merapi_uncover,"izin melaporkan minn, ada mobil tukang tahu bulat terbakar tkp di jl. kenari pukul 14:30wib sudah terkondisikan oleh petugas pemadam kebakaran, terimakasih pada pihak yang sudah membantu juga kepada petugas keamanan smkn 5 yogyakarta yang berkenan menggunakan apar guna membantu https://t.co/5iOfOkwwiJ",izin melaporkan minn ada mobil tukang tahu bulat terbakar tkp di jl kenari pukul wib sudah terkondisikan oleh petugas pemadam kebakaran terimakasih pada pihak yang sudah membantu juga kepada petugas keamanan smkn yogyakarta yang berkenan menggunakan apar guna membantu,izin melaporkan minn ada mobil tukang tahu bulat terbakar tkp di jl kenari pukul wib sudah terkondisikan oleh petugas pemadam kebakaran terimakasih pada pihak yang sudah membantu juga kepada petugas keamanan smkn yogyakarta yang berkenan menggunakan apar guna membantu,izin melaporkan minn ada mobil tukang tahu bulat terbakar tkp jl kenari pukul wib terkondisikan oleh petugas pemadam kebakaran terimakasih pihak membantu kepada petugas keamanan smkn yogyakarta berkenan menggunakan apar guna membantu,izin lapor minn ada mobil tukang tahu bulat bakar tkp jl nar pukul wib kondisi oleh tugas madam bakaran imakasih pihak mbantu pada tugas amanan smkn yogyakarta berkenan ngguna apar guna mbantu
2044639146317414422,2026-04-16T10:54:42.000Z,0,@empty__core Pemadam kebakaran klo ambulan ada alat P3K nya,2044731203446788295,,empty__core,in,,0,0,0,https://x.com/2636d9aa2c69431/status/2044731203446788295,3192510223,2636d9aa2c69431,@empty__core Pemadam kebakaran klo ambulan ada alat P3K nya,pemadam kebakaran klo ambulan ada alat p k nya,pemadam kebakaran klo ambulan ada alat p k nya,pemadam kebakaran klo ambulan ada alat p k nya,madam bakaran klo ambulan ada alat p k 
2043253537313071556,2026-04-12T09:07:45.000Z,0,@rut_kyu lanjut dong mint harukyu ciuman sampe dipisahkan pemadam kebakaran 🤤,2043254737538347130,,rut_kyu,in,,0,1,0,https://x.com/hrkumine/status/2043254737538347130,2014007443496566784,hrkumine,@rut_kyu lanjut dong mint harukyu ciuman sampe dipisahkan pemadam kebakaran 🤤,lanjut dong mint harukyu ciuman sampe dipisahkan pemadam kebakaran,lanjut dong mint harukyu ciuman sampai dipisahkan pemadam kebakaran,lanjut dong mint harukyu ciuman sampai dipisahkan pemadam kebakaran,lanjut dong mint harukyu ciuman sampa pisah madam bakaran
2042952306745024791,2026-04-11T13:06:00.000Z,0,"SESEORANG PANGGILIN PEMADAM KEBAKARAN KARENA PASSIONKU MELEBIHI 200 PERSENNNN 

selamat ya tim passion!!!! tipsal ke aralieeee 
#Passion200PercentJKT48",2042952306745024791,,,in,,0,0,0,https://x.com/Nadramon/status/2042952306745024791,413117842,Nadramon,"SESEORANG PANGGILIN PEMADAM KEBAKARAN KARENA PASSIONKU MELEBIHI 200 PERSENNNN 

selamat ya tim passion!!!! tipsal ke aralieeee 
#Passion200PercentJKT48",seseorang panggilin pemadam kebakaran karena passionku melebihi persennnn selamat ya tim passion tipsal ke aralieeee passion percentjkt,seseorang panggilin pemadam kebakaran karena passionku melebihi persennnn selamat ya tim passion tipsal ke aralieeee passion percentjkt,seseorang panggilin pemadam kebakaran karena passionku melebihi persennnn selamat ya tim passion tipsal aralieeee passion percentjkt,seseorang panggilin madam bakaran karena passion lebih rsennnn selamat ya tim passion tipsal aralieeee passion rcentjkt
2041006756495778207,2026-04-06T04:15:05.000Z,0,"Tim RESCUE Pemadam Kebakaran Bengkulu Selatan menindak lanjuti laporan Bapak Ridho Fadhli untuk mengevakuasi sarang tawon Vespa Affinis pada hari Senin, 6 April 2026 pukul 09.00 WIB. 

Lokasi sarang tawon tersebut berada

https://t.co/ihUuqaSXhE",2041006756495778207,,,in,,0,0,0,https://x.com/damkarbs/status/2041006756495778207,1390080853569458177,damkarbs,"Tim RESCUE Pemadam Kebakaran Bengkulu Selatan menindak lanjuti laporan Bapak Ridho Fadhli untuk mengevakuasi sarang tawon Vespa Affinis pada hari Senin, 6 April 2026 pukul 09.00 WIB. 

Lokasi sarang tawon tersebut berada

https://t.co/ihUuqaSXhE",tim rescue pemadam kebakaran bengkulu selatan menindak lanjuti laporan bapak ridho fadhli untuk mengevakuasi sarang tawon vespa affinis pada hari senin april pukul wib lokasi sarang tawon tersebut berada,tim rescue pemadam kebakaran bengkulu selatan menindak lanjuti laporan bapak ridho fadhli untuk mengevakuasi sarang tawon vespa affinis pada hari senin april pukul wib lokasi sarang tawon tersebut berada,tim rescue pemadam kebakaran bengkulu selatan menindak lanjuti laporan bapak ridho fadhli mengevakuasi sarang tawon vespa affinis hari senin april pukul wib lokasi sarang tawon tersebut berada,tim rescue madam bakaran bengkulu selatan nindak lanjut laporan bapak ridho fadhl ngevakuas sarang tawon vespa affinis har senin april pukul wib lokas sarang tawon sebut berada
2044631720117649487,2026-04-16T04:19:24.000Z,0,"Dalam rangka mengantisipasi terjadinya kebakaran hutan dan lahan (Karhutla), personil Polsek Sadu Polres Tanjung Jabung Timur melaksanakan kegiatan pengecekan peralatan pemadam Karhutla. https://t.co/XJsDFlZw1x",2044631720117649487,https://pbs.twimg.com/media/HF_9sjCaYAA5OMl.jpg,,in,,0,0,0,https://x.com/Polrestanjabtim/status/2044631720117649487,1285115386371772416,Polrestanjabtim,"Dalam rangka mengantisipasi terjadinya kebakaran hutan dan lahan (Karhutla), personil Polsek Sadu Polres Tanjung Jabung Timur melaksanakan kegiatan pengecekan peralatan pemadam Karhutla. https://t.co/XJsDFlZw1x",dalam rangka mengantisipasi terjadinya kebakaran hutan dan lahan karhutla personil polsek sadu polres tanjung jabung timur melaksanakan kegiatan pengecekan peralatan pemadam karhutla,dalam rangka mengantisipasi terjadinya kebakaran hutan dan lahan karhutla personil polsek sadu polres tanjung jabung timur melaksanakan kegiatan pengecekan peralatan pemadam karhutla,rangka mengantisipasi terjadinya kebakaran hutan lahan karhutla personil polsek sadu polres tanjung jabung timur melaksanakan kegiatan pengecekan peralatan pemadam karhutla,rangka ngantisipas jad bakaran hutan lahan karhutla rsonil polsek sadu polres tanjung jabung timur laksana giatan ngece ralatan madam karhutla
2042444282293010753,2026-04-10T03:27:18.000Z,0,"Tim RESCUE Pemadam Kebakaran Bengkulu Selatan menindak lanjuti laporan Bapak dr. Emrusmadi, Sp.B (Plt. Dirut RSUD Hasanuddin Damrah) untuk mengevakuasi hewan liar di RSUD HD pada hari Jumat, 10 April 2026
#damkar #pemadamkebakaran #bengkuluselatan #membara
https://t.co/dK5apmD0B1",2042444282293010753,,,in,,0,0,0,https://x.com/damkarbs/status/2042444282293010753,1390080853569458177,damkarbs,"Tim RESCUE Pemadam Kebakaran Bengkulu Selatan menindak lanjuti laporan Bapak dr. Emrusmadi, Sp.B (Plt. Dirut RSUD Hasanuddin Damrah) untuk mengevakuasi hewan liar di RSUD HD pada hari Jumat, 10 April 2026
#damkar #pemadamkebakaran #bengkuluselatan #membara
https://t.co/dK5apmD0B1",tim rescue pemadam kebakaran bengkulu selatan menindak lanjuti laporan bapak dr emrusmadi sp b plt dirut rsud hasanuddin damrah untuk mengevakuasi hewan liar di rsud hd pada hari jumat april damkar pemadamkebakaran bengkuluselatan membara,tim rescue pemadam kebakaran bengkulu selatan menindak lanjuti laporan bapak dr emrusmadi sp b plt dirut rsud hasanuddin damrah untuk mengevakuasi hewan liar di rsud hd pada hari jumat april damkar pemadamkebakaran bengkuluselatan membara,tim rescue pemadam kebakaran bengkulu selatan menindak lanjuti laporan bapak dr emrusmadi sp b plt dirut rsud hasanuddin damrah mengevakuasi hewan liar rsud hd hari jumat april damkar pemadamkebakaran bengkuluselatan membara,tim rescue madam bakaran bengkulu selatan nindak lanjut laporan bapak dr emrusmad sp b plt rut rsud hasanuddin damrah ngevakuas hewan liar rsud hd har jumat april damkar madamkebakaran bengkuluselatan mbara
2041442468550562151,2026-04-07T09:06:27.000Z,0,"Api melahap dua unit rumah di Gang Horas, Jalan Dahlia, Kota Pekanbaru, Selasa (7/4/2026). 

Tim dari Dinas Pemadam Kebakaran dan Penyelamatan (DPKP) Kota Pekanbaru langsung bergegas menuju lokasi.

#infoPKU #kebakaranPekanbaru https://t.co/cpqB3nJCy0",2041442468550562151,https://pbs.twimg.com/ext_tw_video_thumb/2041442428864126976/pu/img/EjkhZhcPVUXA7ogR.jpg,,in,,1,1,2,https://x.com/infoPKU/status/2041442468550562151,168590064,infoPKU,"Api melahap dua unit rumah di Gang Horas, Jalan Dahlia, Kota Pekanbaru, Selasa (7/4/2026). 

Tim dari Dinas Pemadam Kebakaran dan Penyelamatan (DPKP) Kota Pekanbaru langsung bergegas menuju lokasi.

#infoPKU #kebakaranPekanbaru https://t.co/cpqB3nJCy0",api melahap dua unit rumah di gang horas jalan dahlia kota pekanbaru selasa tim dari dinas pemadam kebakaran dan penyelamatan dpkp kota pekanbaru langsung bergegas menuju lokasi infopku kebakaranpekanbaru,api melahap dua unit rumah di gang horas jalan dahlia kota pekanbaru selasa tim dari dinas pemadam kebakaran dan penyelamatan dpkp kota pekanbaru langsung bergegas menuju lokasi infopku kebakaranpekanbaru,api melahap dua unit rumah gang horas jalan dahlia kota pekanbaru selasa tim dinas pemadam kebakaran penyelamatan dpkp kota pekanbaru langsung bergegas menuju lokasi infopku kebakaranpekanbaru,ap lahap dua unit rumah gang horas jalan dahlia kota kanbaru selasa tim nas madam bakaran nyelamatan dpkp kota kanbaru langsung bergegas nuju lokas infop bakaranpekanbaru
2043329633005760719,2026-04-12T14:05:22.000Z,0,"Dua petugas pemadam tewas dalam kebakaran gudang di Korea Selatan 

https://t.co/FPJ5KnMsL2",2043329633005760719,,,in,,0,0,0,https://x.com/AnadoluAgencyID/status/2043329633005760719,894492750070022144,AnadoluAgencyID,"Dua petugas pemadam tewas dalam kebakaran gudang di Korea Selatan 

https://t.co/FPJ5KnMsL2",dua petugas pemadam tewas dalam kebakaran gudang di korea selatan,dua petugas pemadam tewas dalam kebakaran gudang di korea selatan,dua petugas pemadam tewas kebakaran gudang korea selatan,dua tugas madam tewas bakaran gudang korea selatan
2042564585564299403,2026-04-10T11:25:20.000Z,1,"🔥 Kegiatan Monitoring &amp; Inspeksi Proteksi Kebakaran 🔥

Dinas Pemadam Kebakaran dan Penyelamatan (Damkarmat) Kabupaten Banyuwangi melalui Bidang Pencegahan melaksanakan kegiatan monitoring dan inspeksi alat proteksi kebakaran https://t.co/WfVBi7tisk",2042564585564299403,https://pbs.twimg.com/ext_tw_video_thumb/2042564531940098048/pu/img/szxWOOwDknpUnsar.jpg,,in,,0,0,0,https://x.com/BwiDamkar/status/2042564585564299403,1620611682069544970,BwiDamkar,"🔥 Kegiatan Monitoring &amp; Inspeksi Proteksi Kebakaran 🔥

Dinas Pemadam Kebakaran dan Penyelamatan (Damkarmat) Kabupaten Banyuwangi melalui Bidang Pencegahan melaksanakan kegiatan monitoring dan inspeksi alat proteksi kebakaran https://t.co/WfVBi7tisk",kegiatan monitoring amp inspeksi proteksi kebakaran dinas pemadam kebakaran dan penyelamatan damkarmat kabupaten banyuwangi melalui bidang pencegahan melaksanakan kegiatan monitoring dan inspeksi alat proteksi kebakaran,kegiatan monitoring amp inspeksi proteksi kebakaran dinas pemadam kebakaran dan penyelamatan damkarmat kabupaten banyuwangi melalui bidang pencegahan melaksanakan kegiatan monitoring dan inspeksi alat proteksi kebakaran,kegiatan monitoring amp inspeksi proteksi kebakaran dinas pemadam kebakaran penyelamatan damkarmat kabupaten banyuwangi melalui bidang pencegahan melaksanakan kegiatan monitoring inspeksi alat proteksi kebakaran,giatan monitoring amp inspeks proteks bakaran nas madam bakaran nyelamatan damkarmat kabupaten banyuwang lalu bidang ncegahan laksana giatan monitoring inspeks alat proteks bakaran
2043523534673318164,2026-04-13T02:55:52.000Z,1,"Matur sembah nuwun kepada Bupati Klaten &amp; BPBD atas dukungan mobil tangki air untuk penanganan kebakaran di Juwiring.

Gerak cepat, dampak bisa ditekan.
Sinergi jadi kunci.

Juwiring siap, Juwiring tangguh 🔥💧

#Juwiring #Klaten #KENCANA #TanggapBencana https://t.co/7NKlIsBkHc",2043523534673318164,https://pbs.twimg.com/media/HFwN0qWb0AAbQ7Z.jpg,,in,,0,0,1,https://x.com/KecJuwiring/status/2043523534673318164,4447825693,KecJuwiring,"Matur sembah nuwun kepada Bupati Klaten &amp; BPBD atas dukungan mobil tangki air untuk penanganan kebakaran di Juwiring.

Gerak cepat, dampak bisa ditekan.
Sinergi jadi kunci.

Juwiring siap, Juwiring tangguh 🔥💧

#Juwiring #Klaten #KENCANA #TanggapBencana https://t.co/7NKlIsBkHc",matur sembah nuwun kepada bupati klaten amp bpbd atas dukungan mobil tangki air untuk penanganan kebakaran di juwiring gerak cepat dampak bisa ditekan sinergi jadi kunci juwiring siap juwiring tangguh juwiring klaten kencana tanggapbencana,matur sembah nuwun kepada bupati klaten amp bpbd atas dukungan mobil tangki air untuk penanganan kebakaran di juwiring gerak cepat dampak bisa ditekan sinergi jadi kunci juwiring siap juwiring tangguh juwiring klaten kencana tanggapbencana,matur sembah nuwun kepada bupati klaten amp bpbd atas dukungan mobil tangki air penanganan kebakaran juwiring gerak cepat dampak bisa ditekan sinergi jadi kunci juwiring siap juwiring tangguh juwiring klaten kencana tanggapbencana,matur sembah nuwun pada bupat klaten amp bpbd atas dukungan mobil tangk air nanganan bakaran juwiring gerak cepat dampak bisa te sinerg jad kunc juwiring siap juwiring tangguh juwiring klaten ncana tanggapbencana
2044317319548268687,2026-04-15T07:30:05.000Z,0,"Tim Pemadam Kebakaran (Damkar) BPBD Aceh Besar mengevakuasi seekor sapi yang terjatuh ke dalam sumur di Gampong Lheue, Kecamatan Indrapuri, Rabu (15/4/2026).
#Acehbesar  

https://t.co/IVI0cKTaeu",2044317319548268687,,,in,,0,0,0,https://x.com/serambinews/status/2044317319548268687,64635651,serambinews,"Tim Pemadam Kebakaran (Damkar) BPBD Aceh Besar mengevakuasi seekor sapi yang terjatuh ke dalam sumur di Gampong Lheue, Kecamatan Indrapuri, Rabu (15/4/2026).
#Acehbesar  

https://t.co/IVI0cKTaeu",tim pemadam kebakaran damkar bpbd aceh besar mengevakuasi seekor sapi yang terjatuh ke dalam sumur di gampong lheue kecamatan indrapuri rabu acehbesar,tim pemadam kebakaran damkar bpbd aceh besar mengevakuasi seekor sapi yang terjatuh ke dalam sumur di gampong lheue kecamatan indrapuri rabu acehbesar,tim pemadam kebakaran damkar bpbd aceh besar mengevakuasi seekor sapi terjatuh sumur gampong lheue kecamatan indrapuri rabu acehbesar,tim madam bakaran damkar bpbd aceh besar ngevakuas seekor sap jatuh sumur gampong lheue camatan indrapur rabu acehbesar
2041907229838995885,2026-04-08T15:53:15.000Z,8,"DRONE PEMADAM KEBAKARAN RESMI DIGUNAKAN DI CHINA GEDUNG SUPER TINGGI TAK LAGI JADI MASALAH

China menghadirkan sistem baru drone khusus yang bisa memadamkan api di gedung pencakar langit yang tak terjangkau tangga pemadam

Dengan kemampuan menyemprotkan air langsung dari udara ke https://t.co/lkpBBizQq2",2041907229838995885,https://pbs.twimg.com/amplify_video_thumb/2041907133768495105/img/3tNvGD1AByfct5Au.jpg,,in,,0,0,2,https://x.com/syfaeth/status/2041907229838995885,1886647765406736384,syfaeth,"DRONE PEMADAM KEBAKARAN RESMI DIGUNAKAN DI CHINA GEDUNG SUPER TINGGI TAK LAGI JADI MASALAH

China menghadirkan sistem baru drone khusus yang bisa memadamkan api di gedung pencakar langit yang tak terjangkau tangga pemadam

Dengan kemampuan menyemprotkan air langsung dari udara ke https://t.co/lkpBBizQq2",drone pemadam kebakaran resmi digunakan di china gedung super tinggi tak lagi jadi masalah china menghadirkan sistem baru drone khusus yang bisa memadamkan api di gedung pencakar langit yang tak terjangkau tangga pemadam dengan kemampuan menyemprotkan air langsung dari udara ke,drone pemadam kebakaran resmi digunakan di china gedung super tinggi tak lagi jadi masalah china menghadirkan sistem baru drone khusus yang bisa memadamkan api di gedung pencakar langit yang tak terjangkau tangga pemadam dengan kemampuan menyemprotkan air langsung dari udara ke,drone pemadam kebakaran resmi digunakan china gedung super tinggi tak lagi jadi masalah china menghadirkan sistem baru drone khusus bisa memadamkan api gedung pencakar langit tak terjangkau tangga pemadam kemampuan menyemprotkan air langsung udara,drone madam bakaran resm guna china gedung super tingg tak lag jad masa china nghadir sistem baru drone khusus bisa madam ap gedung ncakar langit tak jangkau tangga madam mampuan nyemprot air langsung udara
2044774803677352172,2026-04-16T13:47:57.000Z,1,"Menteri Lingkungan Hidup Hanif Faisol Nurofiq menegaskan pemerintah tidak akan lagi menunggu api membesar sebelum bertindak. 
https://t.co/AiEPSNZJE2",2044774803677352172,,,in,,0,0,0,https://x.com/mediaindonesia/status/2044774803677352172,68930552,mediaindonesia,"Menteri Lingkungan Hidup Hanif Faisol Nurofiq menegaskan pemerintah tidak akan lagi menunggu api membesar sebelum bertindak. 
https://t.co/AiEPSNZJE2",menteri lingkungan hidup hanif faisol nurofiq menegaskan pemerintah tidak akan lagi menunggu api membesar sebelum bertindak,menteri lingkungan hidup hanif faisol nurofiq menegaskan pemerintah tidak akan lagi menunggu api membesar sebelum bertindak,menteri lingkungan hidup hanif faisol nurofiq menegaskan pemerintah tidak akan lagi menunggu api membesar sebelum bertindak,nter lingkungan hidup hanif faisol nurofiq negas merintah tidak a lag nunggu ap mbesar sebelum bertindak
2044639146317414422,2026-04-16T11:11:04.000Z,1,"@empty__core 1. Ambulance
2. Pemadam Kebakaran 
3. Polisi
4. MBG",2044735319577354323,,empty__core,in,,0,0,0,https://x.com/finacintabarca/status/2044735319577354323,1920676507925835778,finacintabarca,"@empty__core 1. Ambulance
2. Pemadam Kebakaran 
3. Polisi
4. MBG",ambulance pemadam kebakaran polisi mbg,ambulance pemadam kebakaran polisi mbg,ambulance pemadam kebakaran polisi mbg,ambulance madam bakaran polis mbg
2043289843804094963,2026-04-12T14:23:20.000Z,1,@is_pelssy Ambulan dan pemadam kebakaran,2043334154444734850,,is_pelssy,in,,0,1,0,https://x.com/rahman_nanie/status/2043334154444734850,1435836879799140359,rahman_nanie,@is_pelssy Ambulan dan pemadam kebakaran,ambulan dan pemadam kebakaran,ambulan dan pemadam kebakaran,ambulan pemadam kebakaran,ambulan madam bakaran
2044470835076096371,2026-04-15T17:48:48.000Z,0,@insooyara Ini yang pemadam kebakaran sama dokter itu bukan?,2044473024481837541,,insooyara,in,,0,1,0,https://x.com/kenytimes/status/2044473024481837541,1097129951013199873,kenytimes,@insooyara Ini yang pemadam kebakaran sama dokter itu bukan?,ini yang pemadam kebakaran sama dokter itu bukan,ini yang pemadam kebakaran sama dokter itu bukan,pemadam kebakaran sama dokter bukan,madam bakaran sama dokter bu
2042447161267536228,2026-04-10T03:38:44.000Z,0,Biasanya petugas pemadam kebakaran menerima laporan kebakaran atau penyelamatan hewan. Namun kali ini ada permintaan yang cukup unik. https://t.co/RHOPYVEVEf,2042447161267536228,https://pbs.twimg.com/media/HFg63c-bQAESDdz.jpg,,in,,0,1,0,https://x.com/PortalTuban/status/2042447161267536228,1940612240513880064,PortalTuban,Biasanya petugas pemadam kebakaran menerima laporan kebakaran atau penyelamatan hewan. Namun kali ini ada permintaan yang cukup unik. https://t.co/RHOPYVEVEf,biasanya petugas pemadam kebakaran menerima laporan kebakaran atau penyelamatan hewan namun kali ini ada permintaan yang cukup unik,biasanya petugas pemadam kebakaran menerima laporan kebakaran atau penyelamatan hewan namun kali ini ada permintaan yang cukup unik,biasanya petugas pemadam kebakaran menerima laporan kebakaran penyelamatan hewan namun kali ada permintaan cukup unik,biasa tugas madam bakaran nerima laporan bakaran nyelamatan hewan namun kal ada rmintaan cukup unik
2044243009500524644,2026-04-17T01:16:58.000Z,0,@Yernjun JANJI! Bahkan pemadam kebakaran aja minta ampun ✋😂🤚 BTW SELAMAT comeback Bang YeonJun 🔥🔥🔥 https://t.co/iXmF3QknD2,2044948196523417773,https://pbs.twimg.com/media/HGEdioxbMAAy8c7.jpg,Yernjun,in,,0,0,0,https://x.com/chrimty/status/2044948196523417773,1664726724548993026,chrimty,@Yernjun JANJI! Bahkan pemadam kebakaran aja minta ampun ✋😂🤚 BTW SELAMAT comeback Bang YeonJun 🔥🔥🔥 https://t.co/iXmF3QknD2,janji bahkan pemadam kebakaran aja minta ampun btw selamat comeback bang yeonjun,janji bahkan pemadam kebakaran aja minta ampun btw selamat comeback bang yeonjun,janji bahkan pemadam kebakaran aja minta ampun btw selamat comeback bang yeonjun,janj bah madam bakaran aja minta ampun btw selamat comeback bang yeonjun
2043859783925801204,2026-04-14T06:17:08.000Z,0,@txtdrimedia Mending dititip ke kantor pemadam kebakaran ih 😠,2043936573167940026,,txtdrimedia,in,,0,0,0,https://x.com/ainiadhyna/status/2043936573167940026,85531679,ainiadhyna,@txtdrimedia Mending dititip ke kantor pemadam kebakaran ih 😠,mending dititip ke kantor pemadam kebakaran ih,mending dititip ke kantor pemadam kebakaran ih,mending dititip kantor pemadam kebakaran ih,nding titip kantor madam bakaran ih
2044726394908021151,2026-04-16T10:35:56.000Z,0,"Menindaklanjuti laporan tersebut, unit dan personel segera menuju lokasi untuk melakukan upaya pemadaman. Operasi pemadaman mulai dilaksanakan pada pukul 14.22 WIB. Kemudian api berhasil dilokalisir pada pukul 14.48 WIB.",2044726479913927002,,humasjakfire,in,,0,1,0,https://x.com/humasjakfire/status/2044726479913927002,555862521,humasjakfire,"Menindaklanjuti laporan tersebut, unit dan personel segera menuju lokasi untuk melakukan upaya pemadaman. Operasi pemadaman mulai dilaksanakan pada pukul 14.22 WIB. Kemudian api berhasil dilokalisir pada pukul 14.48 WIB.",menindaklanjuti laporan tersebut unit dan personel segera menuju lokasi untuk melakukan upaya pemadaman operasi pemadaman mulai dilaksanakan pada pukul wib kemudian api berhasil dilokalisir pada pukul wib,menindaklanjuti laporan tersebut unit dan personel segera menuju lokasi untuk melakukan upaya pemadaman operasi pemadaman mulai dilaksanakan pada pukul wib kemudian api berhasil dilokalisir pada pukul wib,menindaklanjuti laporan tersebut unit personel segera menuju lokasi melakukan upaya pemadaman operasi pemadaman mulai dilaksanakan pukul wib kemudian api berhasil dilokalisir pukul wib,nindaklanjut laporan sebut unit rsonel segera nuju lokas laku upaya madaman operas madaman mula laksana pukul wib mudian ap berhasil lokalisir pukul wib
2043320955360145539,2026-04-12T13:30:53.000Z,0,"Image Huang Jingyu sebagai petugas negara tuh melekat banget di aku, karena entah kenapa semua fave ku yang main sama dia, dia selalu jadi abdi negara🙂
Sama Zhang Jingyi jadi pemadam kebakaran, sama Sun Qian jadi polisi, sama Li Qin tentara, sama Xu Rouhan polisi lagi😂",2043320955360145539,,,in,,0,0,0,https://x.com/queenofsunchine/status/2043320955360145539,1999663498020945920,queenofsunchine,"Image Huang Jingyu sebagai petugas negara tuh melekat banget di aku, karena entah kenapa semua fave ku yang main sama dia, dia selalu jadi abdi negara🙂
Sama Zhang Jingyi jadi pemadam kebakaran, sama Sun Qian jadi polisi, sama Li Qin tentara, sama Xu Rouhan polisi lagi😂",image huang jingyu sebagai petugas negara tuh melekat banget di aku karena entah kenapa semua fave ku yang main sama dia dia selalu jadi abdi negara sama zhang jingyi jadi pemadam kebakaran sama sun qian jadi polisi sama li qin tentara sama xu rouhan polisi lagi,image huang jingyu sebagai petugas negara tuh melekat banget di saya karena entah kenapa semua fave ku yang main sama dia dia selalu jadi abdi negara sama zhang jingyi jadi pemadam kebakaran sama sun qian jadi polisi sama li qin tentara sama xu rouhan polisi lagi,image huang jingyu sebagai petugas negara tuh melekat banget karena entah kenapa semua fave ku main sama selalu jadi abdi negara sama zhang jingyi jadi pemadam kebakaran sama sun qian jadi polisi sama li qin tentara sama xu rouhan polisi lagi,image huang jingyu sebaga tugas negara tuh lekat banget karena entah napa semua fave  main sama selalu jad abd negara sama zhang jingy jad madam bakaran sama sun qian jad polis sama l qin tentara sama xu rouhan polis lag
2045251748093464978,2026-04-17T21:40:38.000Z,2,"@InFebriyan128 Walau haditsnya lemah, dapat diamalkan doa berikut yg diriwayatkan oleh Ibnu Juraij dan Imam Syafi’i menyebutnya dalam Musnad-nya:

“Allahumma zid hadzal baita tasrifan wa ta'zhiman wa takriman wa mahabatan, wa zid man syarrafahu wa 'azzhamahu mimman hajjahu awi 'tamarahu",2045256142595752061,,InFebriyan128,in,,0,1,2,https://x.com/AzzamIzzulhaq/status/2045256142595752061,103210292,AzzamIzzulhaq,"@InFebriyan128 Walau haditsnya lemah, dapat diamalkan doa berikut yg diriwayatkan oleh Ibnu Juraij dan Imam Syafi’i menyebutnya dalam Musnad-nya:

“Allahumma zid hadzal baita tasrifan wa ta'zhiman wa takriman wa mahabatan, wa zid man syarrafahu wa 'azzhamahu mimman hajjahu awi 'tamarahu",walau haditsnya lemah dapat diamalkan doa berikut yg diriwayatkan oleh ibnu juraij dan imam syafi i menyebutnya dalam musnad nya allahumma zid hadzal baita tasrifan wa ta zhiman wa takriman wa mahabatan wa zid man syarrafahu wa azzhamahu mimman hajjahu awi tamarahu,walau haditsnya lemah dapat diamalkan doa berikut yang diriwayatkan oleh ibnu juraij dan imam syafi i menyebutnya dalam musnad nya allahumma zid hadzal baita tasrifan wa ta zhiman wa takriman wa mahabatan wa zid man syarrafahu wa azzhamahu mimman hajjahu awi tamarahu,walau haditsnya lemah dapat diamalkan doa berikut diriwayatkan oleh ibnu juraij imam syafi i menyebutnya musnad nya allahumma zid hadzal baita tasrifan wa ta zhiman wa takriman wa mahabatan wa zid man syarrafahu wa azzhamahu mimman hajjahu awi tamarahu,walau hadits lemah dapat amal doa berikut riwayat oleh ibnu juraij imam syaf  nyebut musnad  allahumma zid hadzal baita tasrifan wa ta zhiman wa takriman wa mahabatan wa zid man syarrafahu wa azzhamahu mimman hajjahu aw tamarahu
2042794264783130824,2026-04-11T02:38:00.000Z,0,"Tim Rescue DAMKAR BS menindak lanjuti laporan Ibu Desy untuk mengevakuasi ular piton pada hari Sabtu, 11 April 2026 pukul 08.18 WIB. 

Lokasi Ular Piton tersebut berada di Jl. SMA Karya, Kota Manna, tepatnya di kandang ayam belakang rumah pelapor.
 https://t.co/0NQuRFDR8o",2042794264783130824,,,in,,0,0,0,https://x.com/damkarbs/status/2042794264783130824,1390080853569458177,damkarbs,"Tim Rescue DAMKAR BS menindak lanjuti laporan Ibu Desy untuk mengevakuasi ular piton pada hari Sabtu, 11 April 2026 pukul 08.18 WIB. 

Lokasi Ular Piton tersebut berada di Jl. SMA Karya, Kota Manna, tepatnya di kandang ayam belakang rumah pelapor.
 https://t.co/0NQuRFDR8o",tim rescue damkar bs menindak lanjuti laporan ibu desy untuk mengevakuasi ular piton pada hari sabtu april pukul wib lokasi ular piton tersebut berada di jl sma karya kota manna tepatnya di kandang ayam belakang rumah pelapor,tim rescue damkar bs menindak lanjuti laporan ibu desy untuk mengevakuasi ular piton pada hari sabtu april pukul wib lokasi ular piton tersebut berada di jl sma karya kota manna tepatnya di kandang ayam belakang rumah pelapor,tim rescue damkar bs menindak lanjuti laporan ibu desy mengevakuasi ular piton hari sabtu april pukul wib lokasi ular piton tersebut berada jl sma karya kota manna tepatnya kandang ayam belakang rumah pelapor,tim rescue damkar bs nindak lanjut laporan ibu desy ngevakuas ular piton har sabtu april pukul wib lokas ular piton sebut berada jl sma karya kota manna tepat kandang ayam belakang rumah lapor
2045118094939693124,2026-04-17T12:32:04.000Z,0,"Dinas Kominfo Jatim menggelar Sosialisasi dan Simulasi Penanggulangan Kebakaran bagi pegawai, petugas keamanan, dan petugas kebersihan pada Jumat (17/4/2026). Kegiatan ini berkolaborasi dengan Dinas Pemadam Kebakaran dan Penyelamatan Kota Surabaya. https://t.co/r8f1d9RbBr",2045118094939693124,https://pbs.twimg.com/media/HGG4Dxja4AA4yec.jpg,,in,,0,1,0,https://x.com/KominfoJatim/status/2045118094939693124,1569962529178402817,KominfoJatim,"Dinas Kominfo Jatim menggelar Sosialisasi dan Simulasi Penanggulangan Kebakaran bagi pegawai, petugas keamanan, dan petugas kebersihan pada Jumat (17/4/2026). Kegiatan ini berkolaborasi dengan Dinas Pemadam Kebakaran dan Penyelamatan Kota Surabaya. https://t.co/r8f1d9RbBr",dinas kominfo jatim menggelar sosialisasi dan simulasi penanggulangan kebakaran bagi pegawai petugas keamanan dan petugas kebersihan pada jumat kegiatan ini berkolaborasi dengan dinas pemadam kebakaran dan penyelamatan kota surabaya,dinas kominfo jatim menggelar sosialisasi dan simulasi penanggulangan kebakaran bagi pegawai petugas keamanan dan petugas kebersihan pada jumat kegiatan ini berkolaborasi dengan dinas pemadam kebakaran dan penyelamatan kota surabaya,dinas kominfo jatim menggelar sosialisasi simulasi penanggulangan kebakaran bagi pegawai petugas keamanan petugas kebersihan jumat kegiatan berkolaborasi dinas pemadam kebakaran penyelamatan kota surabaya,nas kominfo jatim nggelar sosialisas simulas nanggulangan bakaran bag gawa tugas amanan tugas bersihan jumat giatan berkolaboras nas madam bakaran nyelamatan kota surabaya
2038382946399453447,2026-03-29T22:29:00.000Z,376,"🇹🇷 ""Serangan demi serangan dari Iran.""

Sebuah saluran televisi Turki merekam momen ketika petugas pemadam kebakaran Israel merunduk ke tanah saat sirene kembali berbunyi ketika berupaya memadamkan api di kompleks kimia Ramat Hovav.

Para pejabat Israel awalnya mengklaim https://t.co/2SxffZwb2G",2038382946399453447,https://pbs.twimg.com/amplify_video_thumb/2038382656078114816/img/2CZ-noPY72ZLzwQn.jpg,,in,,0,1,110,https://x.com/SoftWarNews/status/2038382946399453447,2256063276,SoftWarNews,"🇹🇷 ""Serangan demi serangan dari Iran.""

Sebuah saluran televisi Turki merekam momen ketika petugas pemadam kebakaran Israel merunduk ke tanah saat sirene kembali berbunyi ketika berupaya memadamkan api di kompleks kimia Ramat Hovav.

Para pejabat Israel awalnya mengklaim https://t.co/2SxffZwb2G",serangan demi serangan dari iran sebuah saluran televisi turki merekam momen ketika petugas pemadam kebakaran israel merunduk ke tanah saat sirene kembali berbunyi ketika berupaya memadamkan api di kompleks kimia ramat hovav para pejabat israel awalnya mengklaim,serangan demi serangan dari iran sebuah saluran televisi turki merekam momen ketika petugas pemadam kebakaran israel merunduk ke tanah saat sirene kembali berbunyi ketika berupaya memadamkan api di kompleks kimia ramat hovav para pejabat israel awalnya mengklaim,serangan demi serangan iran saluran televisi turki merekam momen ketika petugas pemadam kebakaran israel merunduk tanah saat sirene kembali berbunyi ketika berupaya memadamkan api kompleks kimia ramat hovav para pejabat israel awalnya mengklaim,serangan dem serangan iran saluran televis turk rekam momen tika tugas madam bakaran israel runduk tanah saat sirene mbal berbuny tika berupaya madam ap kompleks kimia ramat hovav para jabat israel awal ngklaim
2045224689161896204,2026-04-17T19:36:33.000Z,0,"Dalam diskusi daring, Kemenkum Jabar  ingatkan pentingnya zona bebas parkir di sekitar hidran pemadam. RDTR Karawang harus dukung akses darurat penanganan kebakaran melalui perencanaan ruang disiplin.

Kemenkum Jabar - Asep Sutandar",2045224918691008811,,kemenkumjabar,in,,0,0,0,https://x.com/kemenkumjabar/status/2045224918691008811,1177725229,kemenkumjabar,"Dalam diskusi daring, Kemenkum Jabar  ingatkan pentingnya zona bebas parkir di sekitar hidran pemadam. RDTR Karawang harus dukung akses darurat penanganan kebakaran melalui perencanaan ruang disiplin.

Kemenkum Jabar - Asep Sutandar",dalam diskusi daring kemenkum jabar ingatkan pentingnya zona bebas parkir di sekitar hidran pemadam rdtr karawang harus dukung akses darurat penanganan kebakaran melalui perencanaan ruang disiplin kemenkum jabar asep sutandar,dalam diskusi daring kemenkum jabar ingatkan pentingnya zona bebas parkir di sekitar hidran pemadam rdtr karawang harus dukung akses darurat penanganan kebakaran melalui perencanaan ruang disiplin kemenkum jabar asep sutandar,diskusi daring kemenkum jabar ingatkan pentingnya zona bebas parkir sekitar hidran pemadam rdtr karawang harus dukung akses darurat penanganan kebakaran melalui perencanaan ruang disiplin kemenkum jabar asep sutandar,skus daring menkum jabar ingat nting zona bebas parkir sekitar hidran madam rdtr karawang harus dukung akses darurat nanganan bakaran lalu rencanaan ruang siplin menkum jabar asep sutandar
2043958925469594012,2026-04-14T07:45:57.000Z,0,"Kapolda Kalimantan Selatan Irjen Pol Dr. Rosyanto Yudha Hermawan, S.I.K., S.H., M.H. memimpin langsung Apel Gelar Kesiapsiagaan Sarana Prasarana (Sarpras) Kebakaran Hutan dan Lahan (Karhutla) serta Peralatan Pengamanan Pengendalian Massa (Dalmas). Selasa (14/4/2026) pagi. https://t.co/aL97qVTxyQ",2043958925469594012,https://pbs.twimg.com/media/HF2ZzVpbEAAg1fg.jpg,,in,,0,0,0,https://x.com/polresbjb/status/2043958925469594012,1439087851711303681,polresbjb,"Kapolda Kalimantan Selatan Irjen Pol Dr. Rosyanto Yudha Hermawan, S.I.K., S.H., M.H. memimpin langsung Apel Gelar Kesiapsiagaan Sarana Prasarana (Sarpras) Kebakaran Hutan dan Lahan (Karhutla) serta Peralatan Pengamanan Pengendalian Massa (Dalmas). Selasa (14/4/2026) pagi. https://t.co/aL97qVTxyQ",kapolda kalimantan selatan irjen pol dr rosyanto yudha hermawan s i k s h m h memimpin langsung apel gelar kesiapsiagaan sarana prasarana sarpras kebakaran hutan dan lahan karhutla serta peralatan pengamanan pengendalian massa dalmas selasa pagi,kapolda kalimantan selatan irjen pol dr rosyanto yudha hermawan s i k s h m h memimpin langsung apel gelar kesiapsiagaan sarana prasarana sarpras kebakaran hutan dan lahan karhutla serta peralatan pengamanan pengendalian massa dalmas selasa pagi,kapolda kalimantan selatan irjen pol dr rosyanto yudha hermawan s i k s h m h memimpin langsung apel gelar kesiapsiagaan sarana prasarana sarpras kebakaran hutan lahan karhutla serta peralatan pengamanan pengendalian massa dalmas selasa pagi,kapolda kalimantan selatan irjen pol dr rosyanto yudha hermawan s  k s h m h mimpin langsung apel gelar siapsiagaan sarana prasarana sarpras bakaran hutan lahan karhutla serta ralatan ngamanan ngendalian massa dalmas selasa pag
2044726394908021151,2026-04-16T10:36:02.000Z,0,"Pada pukul 15.10 WIB operasi pemadaman memasuki tahap pendinginan untuk mengurai material yang mudah terbakar agar tidak menyisakan api maupun asap.

Setelah mengerahkan 30 unit dan 141 personel, pemadaman api dinyatakan selesai pukul 15.45 WIB.",2044726504316399890,,humasjakfire,in,,0,0,0,https://x.com/humasjakfire/status/2044726504316399890,555862521,humasjakfire,"Pada pukul 15.10 WIB operasi pemadaman memasuki tahap pendinginan untuk mengurai material yang mudah terbakar agar tidak menyisakan api maupun asap.

Setelah mengerahkan 30 unit dan 141 personel, pemadaman api dinyatakan selesai pukul 15.45 WIB.",pada pukul wib operasi pemadaman memasuki tahap pendinginan untuk mengurai material yang mudah terbakar agar tidak menyisakan api maupun asap setelah mengerahkan unit dan personel pemadaman api dinyatakan selesai pukul wib,pada pukul wib operasi pemadaman memasuki tahap pendinginan untuk mengurai material yang mudah terbakar agar tidak menyisakan api maupun asap setelah mengerahkan unit dan personel pemadaman api dinyatakan selesai pukul wib,pukul wib operasi pemadaman memasuki tahap pendinginan mengurai material mudah terbakar agar tidak menyisakan api maupun asap setelah mengerahkan unit personel pemadaman api dinyatakan selesai pukul wib,pukul wib operas madaman masuk tahap ndinginan ngura material mudah bakar agar tidak nyisa ap maupun asap sete ngerah unit rsonel madaman ap nyata selesa pukul wib
2043724822031835232,2026-04-13T16:15:42.000Z,0,"Numpang Ngopi', Pria Mengaku Wartawan Aniaya Petugas Damkar di Pinang

Seorang anggota pemadam  kebakaran (Damkar) menjadi korban dugaan penganiayaan oleh pria yang mengaku sebagai wartawan saat berada di Pos Damkar Pinang, Kota Tangerang,  Jumat (10/4/2026) siang.

Korban https://t.co/JHw7WfLOM2",2043724822031835232,https://pbs.twimg.com/media/HFzE4-zaIAADyja.jpg,,in,,0,0,0,https://x.com/Nadia29504883/status/2043724822031835232,1434741265401200645,Nadia29504883,"Numpang Ngopi', Pria Mengaku Wartawan Aniaya Petugas Damkar di Pinang

Seorang anggota pemadam  kebakaran (Damkar) menjadi korban dugaan penganiayaan oleh pria yang mengaku sebagai wartawan saat berada di Pos Damkar Pinang, Kota Tangerang,  Jumat (10/4/2026) siang.

Korban https://t.co/JHw7WfLOM2",numpang ngopi pria mengaku wartawan aniaya petugas damkar di pinang seorang anggota pemadam kebakaran damkar menjadi korban dugaan penganiayaan oleh pria yang mengaku sebagai wartawan saat berada di pos damkar pinang kota tangerang jumat siang korban,numpang ngopi pria mengaku wartawan aniaya petugas damkar di pinang seorang anggota pemadam kebakaran damkar menjadi korban dugaan penganiayaan oleh pria yang mengaku sebagai wartawan saat berada di pos damkar pinang kota tangerang jumat siang korban,numpang ngopi pria mengaku wartawan aniaya petugas damkar pinang seorang anggota pemadam kebakaran damkar menjadi korban dugaan penganiayaan oleh pria mengaku sebagai wartawan saat berada pos damkar pinang kota tangerang jumat siang korban,numpang ngop pria nga wartawan aniaya tugas damkar pinang seorang anggota madam bakaran damkar njad korban dugaan nganiayaan oleh pria nga sebaga wartawan saat berada pos damkar pinang kota tangerang jumat siang korban
2043269171463749986,2026-04-12T10:05:07.000Z,0,"Petugas Damkar Kota Bandung menerima laporan mengenai seekor monyet yang tersangkut di kabel listrik di kawasan Jalan Ciwaruga, Kelurahan Gegerkalong, Kecamatan Sukasari pada Minggu (12/4/2026). Informasi tersebut masuk ke pihak pemadam kebakaran sekitar pukul 08.55 WIB. https://t.co/gzzJCp3kfa",2043269171463749986,https://pbs.twimg.com/ext_tw_video_thumb/2043269132465127424/pu/img/YbN0lrvkQZsimXCV.jpg,,in,,0,0,0,https://x.com/spiritsid_/status/2043269171463749986,2008437998288072705,spiritsid_,"Petugas Damkar Kota Bandung menerima laporan mengenai seekor monyet yang tersangkut di kabel listrik di kawasan Jalan Ciwaruga, Kelurahan Gegerkalong, Kecamatan Sukasari pada Minggu (12/4/2026). Informasi tersebut masuk ke pihak pemadam kebakaran sekitar pukul 08.55 WIB. https://t.co/gzzJCp3kfa",petugas damkar kota bandung menerima laporan mengenai seekor monyet yang tersangkut di kabel listrik di kawasan jalan ciwaruga kelurahan gegerkalong kecamatan sukasari pada minggu informasi tersebut masuk ke pihak pemadam kebakaran sekitar pukul wib,petugas damkar kota bandung menerima laporan mengenai seekor monyet yang tersangkut di kabel listrik di kawasan jalan ciwaruga kelurahan gegerkalong kecamatan sukasari pada minggu informasi tersebut masuk ke pihak pemadam kebakaran sekitar pukul wib,petugas damkar kota bandung menerima laporan mengenai seekor monyet tersangkut kabel listrik kawasan jalan ciwaruga kelurahan gegerkalong kecamatan sukasari minggu informasi tersebut masuk pihak pemadam kebakaran sekitar pukul wib,tugas damkar kota bandung nerima laporan ngena seekor monyet sangkut kabel listrik kawasan jalan ciwaruga lurahan gegerkalong camatan sukasar minggu informas sebut masuk pihak madam bakaran sekitar pukul wib
2044245120804106645,2026-04-15T02:43:11.000Z,248,"Damkarmat Kulon Progo Evakuasi Botol yang Terjepit di Alat Kelamin Lansia

KULON PROGO – Personel Pemadam Kebakaran dan Penyelamatan (Damkarmat) Kabupaten Kulon Progo melakukan aksi penyelamatan yang tidak biasa di RSUD Wates pada Selasa (14/4/2026). Petugas diminta membantu tim https://t.co/y6esuQM9Iz",2044245120804106645,https://pbs.twimg.com/media/HF6eGbSasAEWLrW.jpg,,in,,35,92,29,https://x.com/merapi_uncover/status/2044245120804106645,1279804428724211712,merapi_uncover,"Damkarmat Kulon Progo Evakuasi Botol yang Terjepit di Alat Kelamin Lansia

KULON PROGO – Personel Pemadam Kebakaran dan Penyelamatan (Damkarmat) Kabupaten Kulon Progo melakukan aksi penyelamatan yang tidak biasa di RSUD Wates pada Selasa (14/4/2026). Petugas diminta membantu tim https://t.co/y6esuQM9Iz",damkarmat kulon progo evakuasi botol yang terjepit di alat kelamin lansia kulon progo personel pemadam kebakaran dan penyelamatan damkarmat kabupaten kulon progo melakukan aksi penyelamatan yang tidak biasa di rsud wates pada selasa petugas diminta membantu tim,damkarmat kulon progo evakuasi botol yang terjepit di alat kelamin lansia kulon progo personel pemadam kebakaran dan penyelamatan damkarmat kabupaten kulon progo melakukan aksi penyelamatan yang tidak biasa di rsud wates pada selasa petugas diminta membantu tim,damkarmat kulon progo evakuasi botol terjepit alat kelamin lansia kulon progo personel pemadam kebakaran penyelamatan damkarmat kabupaten kulon progo melakukan aksi penyelamatan tidak biasa rsud wates selasa petugas diminta membantu tim,damkarmat kulon progo evakuas botol jepit alat lamin lansia kulon progo rsonel madam bakaran nyelamatan damkarmat kabupaten kulon progo laku aks nyelamatan tidak biasa rsud wates selasa tugas minta mbantu tim
2043988791522931153,2026-04-14T09:44:38.000Z,4,"Kodim 0830/Surabaya dan Damkar Gelar Simulasi Pemadaman Kebakaran
 
https://t.co/uUfrpIv5kE https://t.co/mRJU6hQxXy",2043988791522931153,https://pbs.twimg.com/media/HF209aPaAAA9QUv.jpg,,in,,0,0,0,https://x.com/Dim0830/status/2043988791522931153,3306622926,Dim0830,"Kodim 0830/Surabaya dan Damkar Gelar Simulasi Pemadaman Kebakaran
 
https://t.co/uUfrpIv5kE https://t.co/mRJU6hQxXy",kodim surabaya dan damkar gelar simulasi pemadaman kebakaran,kodim surabaya dan damkar gelar simulasi pemadaman kebakaran,kodim surabaya damkar gelar simulasi pemadaman kebakaran,kodim surabaya damkar gelar simulas madaman bakaran
2044447996516196741,2026-04-15T16:25:27.000Z,0,"@prettystrn aku nemu komen tiktok begini ""udh bener jadi pemadam kebakaran,malah ngide ikut²an bakar istana"" 😭🫵🏻",2044452050084434130,,prettystrn,in,,0,1,0,https://x.com/uccccisss/status/2044452050084434130,1392122885855014918,uccccisss,"@prettystrn aku nemu komen tiktok begini ""udh bener jadi pemadam kebakaran,malah ngide ikut²an bakar istana"" 😭🫵🏻",aku nemu komen tiktok begini udh bener jadi pemadam kebakaran malah ngide ikut an bakar istana,saya nemu komen tiktok begini sudah bener jadi pemadam kebakaran malah ngide ikut an bakar istana,nemu komen tiktok begini bener jadi pemadam kebakaran malah ngide ikut an bakar istana,ne komen tiktok begin bener jad madam bakaran ma ngide ikut an bakar istana
2042187766302478425,2026-04-10T01:48:13.000Z,3,"@pandji Kasih aja Bang @muhadkly 
Awal adegan
Kalo kemarin itu Polisi balap2an dan berantam.

Film selanjutnya nanti @pandji jadi petugas pemadam kebakaran, sementara empat orang Agak Laen ini makan sate ayam sambil nontonin kebakaran.

🤧🤧🤧",2042419349672411623,,pandji,in,,0,0,0,https://x.com/riyansetya/status/2042419349672411623,77157971,riyansetya,"@pandji Kasih aja Bang @muhadkly 
Awal adegan
Kalo kemarin itu Polisi balap2an dan berantam.

Film selanjutnya nanti @pandji jadi petugas pemadam kebakaran, sementara empat orang Agak Laen ini makan sate ayam sambil nontonin kebakaran.

🤧🤧🤧",kasih aja bang awal adegan kalo kemarin itu polisi balap an dan berantam film selanjutnya nanti jadi petugas pemadam kebakaran sementara empat orang agak laen ini makan sate ayam sambil nontonin kebakaran,kasih aja bang awal adegan kalau kemarin itu polisi balap an dan berantam film selanjutnya nanti jadi petugas pemadam kebakaran sementara empat orang agak laen ini makan sate ayam sambil nontonin kebakaran,kasih aja bang awal adegan kalau kemarin polisi balap an berantam film selanjutnya nanti jadi petugas pemadam kebakaran sementara empat orang agak laen makan sate ayam sambil nontonin kebakaran,kasih aja bang awal adegan kalau marin polis balap an berantam film selanjut nant jad tugas madam bakaran sementara empat orang agak laen ma sate ayam sambil nontonin bakaran
2044065517632401788,2026-04-14T14:49:30.000Z,0,Louis kaya anak TK lagi main ke pemadam kebakaran https://t.co/ZoYr9Vc7YP,2044065517632401788,https://pbs.twimg.com/ext_tw_video_thumb/2044057059218599939/pu/img/lBaXPzZ9edGpG7SL.jpg,,in,,0,0,0,https://x.com/jieziecloud/status/2044065517632401788,1157693341745549314,jieziecloud,Louis kaya anak TK lagi main ke pemadam kebakaran https://t.co/ZoYr9Vc7YP,louis kaya anak tk lagi main ke pemadam kebakaran,louis kaya anak tk lagi main ke pemadam kebakaran,louis kaya anak tk lagi main pemadam kebakaran,louis kaya anak tk lag main madam bakaran
2043539730537603106,2026-04-13T04:00:13.000Z,0,"dan tidak mudah terbakar. Dilengkapi dengan Thermal Protector sebagai pemutus arus otomatis jika motor pompa overheat sehingga motor tidak terbakar.

#BintangnyaPompaAir
#PompanyaShimizu
#ShimizuIndonesia
#PompaAir
#SumurDangkal",2043539731401642049,,Shimizu_Indo,in,,0,0,0,https://x.com/Shimizu_Indo/status/2043539731401642049,754762770,Shimizu_Indo,"dan tidak mudah terbakar. Dilengkapi dengan Thermal Protector sebagai pemutus arus otomatis jika motor pompa overheat sehingga motor tidak terbakar.

#BintangnyaPompaAir
#PompanyaShimizu
#ShimizuIndonesia
#PompaAir
#SumurDangkal",dan tidak mudah terbakar dilengkapi dengan thermal protector sebagai pemutus arus otomatis jika motor pompa overheat sehingga motor tidak terbakar bintangnyapompaair pompanyashimizu shimizuindonesia pompaair sumurdangkal,dan tidak mudah terbakar dilengkapi dengan thermal protector sebagai pemutus arus otomatis jika motor pompa overheat sehingga motor tidak terbakar bintangnyapompaair pompanyashimizu shimizuindonesia pompaair sumurdangkal,tidak mudah terbakar dilengkapi thermal protector sebagai pemutus arus otomatis jika motor pompa overheat sehingga motor tidak terbakar bintangnyapompaair pompanyashimizu shimizuindonesia pompaair sumurdangkal,tidak mudah bakar lengkap thermal protector sebaga mutus arus otomatis jika motor pompa overheat sehingga motor tidak bakar bintangnyapompaair pompanyashimizu shimizuindonesia pompaair sumurdangkal
2044714266427900350,2026-04-16T20:27:19.000Z,0,@haetjill pemadam kebakaran indo☝🏻,2044875304238481611,,haetjill,in,,0,0,0,https://x.com/mi_meword/status/2044875304238481611,1922565267563110400,mi_meword,@haetjill pemadam kebakaran indo☝🏻,pemadam kebakaran indo,pemadam kebakaran indo,pemadam kebakaran indo,madam bakaran indo
2045141942514885010,2026-04-17T14:06:50.000Z,10,Bahkan pemadam kebakaran pun tidak mampu memadamkan api asmara yang dulu pernah membara,2045141942514885010,,,in,,0,10,1,https://x.com/tuanpoetrih/status/2045141942514885010,1992547186836697088,tuanpoetrih,Bahkan pemadam kebakaran pun tidak mampu memadamkan api asmara yang dulu pernah membara,bahkan pemadam kebakaran pun tidak mampu memadamkan api asmara yang dulu pernah membara,bahkan pemadam kebakaran pun tidak mampu memadamkan api asmara yang dulu pernah membara,bahkan pemadam kebakaran pun tidak mampu memadamkan api asmara dulu pernah membara,bah madam bakaran pun tidak mampu madam ap asmara dulu rnah mbara
2038071706871611626,2026-03-29T01:52:15.000Z,0,"Satgas Pemadam Kebakaran menerima laporan terjadinya kebakaran rumah Bapak Yapindi di Tanjung Beringin, Air Nipis dari Bapak Abel Trigintara pada hari Minggu, 29 Maret 2026 pukul 04.25 WIB dan langsung menuju lokasi untuk memadamkan kebakaran tersebut. 

https://t.co/QNgWzhmZmU",2038071706871611626,,,in,,0,0,0,https://x.com/damkarbs/status/2038071706871611626,1390080853569458177,damkarbs,"Satgas Pemadam Kebakaran menerima laporan terjadinya kebakaran rumah Bapak Yapindi di Tanjung Beringin, Air Nipis dari Bapak Abel Trigintara pada hari Minggu, 29 Maret 2026 pukul 04.25 WIB dan langsung menuju lokasi untuk memadamkan kebakaran tersebut. 

https://t.co/QNgWzhmZmU",satgas pemadam kebakaran menerima laporan terjadinya kebakaran rumah bapak yapindi di tanjung beringin air nipis dari bapak abel trigintara pada hari minggu maret pukul wib dan langsung menuju lokasi untuk memadamkan kebakaran tersebut,satgas pemadam kebakaran menerima laporan terjadinya kebakaran rumah bapak yapindi di tanjung beringin air nipis dari bapak abel trigintara pada hari minggu maret pukul wib dan langsung menuju lokasi untuk memadamkan kebakaran tersebut,satgas pemadam kebakaran menerima laporan terjadinya kebakaran rumah bapak yapindi tanjung beringin air nipis bapak abel trigintara hari minggu maret pukul wib langsung menuju lokasi memadamkan kebakaran tersebut,satgas madam bakaran nerima laporan jad bakaran rumah bapak yapind tanjung beringin air nipis bapak abel trigintara har minggu maret pukul wib langsung nuju lokas madam bakaran sebut
2043009662111596878,2026-04-11T16:53:55.000Z,0,"Seorang petugas pemadam kebakaran (damkar) Pos Pinang, BPBD Kota Tangerang, mengalami luka di bagian kepala setelah menjadi korban penganiayaan oleh seorang warga saat sedang menjalankan tugas piket.https://t.co/YPwphUAkk5",2043009662111596878,,,in,,0,0,0,https://x.com/wartaxpress/status/2043009662111596878,1903300427501953024,wartaxpress,"Seorang petugas pemadam kebakaran (damkar) Pos Pinang, BPBD Kota Tangerang, mengalami luka di bagian kepala setelah menjadi korban penganiayaan oleh seorang warga saat sedang menjalankan tugas piket.https://t.co/YPwphUAkk5",seorang petugas pemadam kebakaran damkar pos pinang bpbd kota tangerang mengalami luka di bagian kepala setelah menjadi korban penganiayaan oleh seorang warga saat sedang menjalankan tugas piket,seorang petugas pemadam kebakaran damkar pos pinang bpbd kota tangerang mengalami luka di bagian kepala setelah menjadi korban penganiayaan oleh seorang warga saat sedang menjalankan tugas piket,seorang petugas pemadam kebakaran damkar pos pinang bpbd kota tangerang mengalami luka bagian kepala setelah menjadi korban penganiayaan oleh seorang warga saat sedang menjalankan tugas piket,seorang tugas madam bakaran damkar pos pinang bpbd kota tangerang ngalam luka bagian pala sete njad korban nganiayaan oleh seorang warga saat sedang njalan tugas piket
2044685527627313630,2026-04-16T07:53:12.000Z,10,"Sebuah rumah di kawasan Perumahan Tanah Kusir, Jakarta Selatan, dilaporkan terbakar. Hingga saat ini, petugas pemadam kebakaran masih berjibaku memadamkan api untuk mencegah kobaran meluas ke bangunan lain di sekitarnya, Kamis (16/4). 🎥Ris https://t.co/ihmlTlATqT",2044685527627313630,https://pbs.twimg.com/amplify_video_thumb/2044685262962438144/img/LsF7T9FZ6J2OhcAd.jpg,,in,,2,0,2,https://x.com/RadioElshinta/status/2044685527627313630,121640063,RadioElshinta,"Sebuah rumah di kawasan Perumahan Tanah Kusir, Jakarta Selatan, dilaporkan terbakar. Hingga saat ini, petugas pemadam kebakaran masih berjibaku memadamkan api untuk mencegah kobaran meluas ke bangunan lain di sekitarnya, Kamis (16/4). 🎥Ris https://t.co/ihmlTlATqT",sebuah rumah di kawasan perumahan tanah kusir jakarta selatan dilaporkan terbakar hingga saat ini petugas pemadam kebakaran masih berjibaku memadamkan api untuk mencegah kobaran meluas ke bangunan lain di sekitarnya kamis ris,sebuah rumah di kawasan perumahan tanah kusir jakarta selatan dilaporkan terbakar hingga saat ini petugas pemadam kebakaran masih berjibaku memadamkan api untuk mencegah kobaran meluas ke bangunan lain di sekitarnya kamis ris,rumah kawasan perumahan tanah kusir jakarta selatan dilaporkan terbakar hingga saat petugas pemadam kebakaran masih berjibaku memadamkan api mencegah kobaran meluas bangunan lain sekitarnya kamis ris,rumah kawasan rumahan tanah kusir jakarta selatan lapor bakar hingga saat tugas madam bakaran masih berjiba madam ap ncegah kobaran luas bangunan lain sekitar kamis ris
2045033696366084606,2026-04-17T06:56:42.000Z,1,"Kapolres Metro Tangerang Kota melakukan pengecekan langsung lokasi kebakaran di Asrama Polri Ciledug.

Dalam kejadian tersebut, personel gabungan bersama petugas pemadam kebakaran bergerak cepat melakukan penanganan hingga api berhasil dipadamkan. https://t.co/TwUtjjJMJ5",2045033696366084606,https://pbs.twimg.com/ext_tw_video_thumb/2045033621132840960/pu/img/1qX8QI_PzeUNw9Xa.jpg,,in,,0,0,0,https://x.com/restrotangkot/status/2045033696366084606,4722542119,restrotangkot,"Kapolres Metro Tangerang Kota melakukan pengecekan langsung lokasi kebakaran di Asrama Polri Ciledug.

Dalam kejadian tersebut, personel gabungan bersama petugas pemadam kebakaran bergerak cepat melakukan penanganan hingga api berhasil dipadamkan. https://t.co/TwUtjjJMJ5",kapolres metro tangerang kota melakukan pengecekan langsung lokasi kebakaran di asrama polri ciledug dalam kejadian tersebut personel gabungan bersama petugas pemadam kebakaran bergerak cepat melakukan penanganan hingga api berhasil dipadamkan,kapolres metro tangerang kota melakukan pengecekan langsung lokasi kebakaran di asrama polri ciledug dalam kejadian tersebut personel gabungan bersama petugas pemadam kebakaran bergerak cepat melakukan penanganan hingga api berhasil dipadamkan,kapolres metro tangerang kota melakukan pengecekan langsung lokasi kebakaran asrama polri ciledug kejadian tersebut personel gabungan bersama petugas pemadam kebakaran bergerak cepat melakukan penanganan hingga api berhasil dipadamkan,kapolres tro tangerang kota laku ngece langsung lokas bakaran asrama polr ciledug jadian sebut rsonel gabungan bersama tugas madam bakaran bergerak cepat laku nanganan hingga ap berhasil padam
2039605899329995142,2026-04-02T07:28:35.000Z,0,"Tim RESCUE Pemadam Kebakaran Bengkulu Selatan menindak lanjuti laporan Bapak Ilham Anwar Zuhri untuk mengevakuasi sarang tawon Vespa Affinis pada hari Kamis, 2 April 2026 pukul 13.45 WIB. 

Lokasi sarang tawon tersebut berada di Jl. Gerak Alam, Kota Medan
https://t.co/6LaB8VSBbH",2039605899329995142,,,in,,0,0,0,https://x.com/damkarbs/status/2039605899329995142,1390080853569458177,damkarbs,"Tim RESCUE Pemadam Kebakaran Bengkulu Selatan menindak lanjuti laporan Bapak Ilham Anwar Zuhri untuk mengevakuasi sarang tawon Vespa Affinis pada hari Kamis, 2 April 2026 pukul 13.45 WIB. 

Lokasi sarang tawon tersebut berada di Jl. Gerak Alam, Kota Medan
https://t.co/6LaB8VSBbH",tim rescue pemadam kebakaran bengkulu selatan menindak lanjuti laporan bapak ilham anwar zuhri untuk mengevakuasi sarang tawon vespa affinis pada hari kamis april pukul wib lokasi sarang tawon tersebut berada di jl gerak alam kota medan,tim rescue pemadam kebakaran bengkulu selatan menindak lanjuti laporan bapak ilham anwar zuhri untuk mengevakuasi sarang tawon vespa affinis pada hari kamis april pukul wib lokasi sarang tawon tersebut berada di jl gerak alam kota medan,tim rescue pemadam kebakaran bengkulu selatan menindak lanjuti laporan bapak ilham anwar zuhri mengevakuasi sarang tawon vespa affinis hari kamis april pukul wib lokasi sarang tawon tersebut berada jl gerak alam kota medan,tim rescue madam bakaran bengkulu selatan nindak lanjut laporan bapak ilham anwar zuhr ngevakuas sarang tawon vespa affinis har kamis april pukul wib lokas sarang tawon sebut berada jl gerak alam kota dan
2045262975196668406,2026-04-17T22:08:22.000Z,0,"เวลา 05.01 น. เหตุเพลิงไหม้หญ้า ซอยรามคำแหง 21 แยก 1 เจ้าหน้าที่สถานีดับเพลิงและกู้ภัยหัวหมาก ถึงที่เกิดเหตุ อยู่ระหว่างใช้น้ำทำการดับ
#ศูนย์วิทยุพระราม199",2045263123494654306,,praramcommand,th,,0,0,0,https://x.com/praramcommand/status/2045263123494654306,596042165,praramcommand,"เวลา 05.01 น. เหตุเพลิงไหม้หญ้า ซอยรามคำแหง 21 แยก 1 เจ้าหน้าที่สถานีดับเพลิงและกู้ภัยหัวหมาก ถึงที่เกิดเหตุ อยู่ระหว่างใช้น้ำทำการดับ
#ศูนย์วิทยุพระราม199",,,,
2044599635533275257,2026-04-16T04:11:32.000Z,0,"@abid0588 @unmagnetism Pemadam kebakaran, karena potensi korbannya bisa banyak..",2044629743841300951,,abid0588,in,,0,0,0,https://x.com/semesta_hilang/status/2044629743841300951,1244465373530865664,semesta_hilang,"@abid0588 @unmagnetism Pemadam kebakaran, karena potensi korbannya bisa banyak..",pemadam kebakaran karena potensi korbannya bisa banyak,pemadam kebakaran karena potensi korbannya bisa banyak,pemadam kebakaran karena potensi korbannya bisa banyak,madam bakaran karena potens korban bisa banyak
2044619527871463698,2026-04-16T11:30:32.000Z,0,@tattedoc harus nyobain mie ayam chili oil samping pemadam kebakaran tanjung duren 🙆🫶,2044740218230862260,,tattedoc,in,,0,1,0,https://x.com/petrchr/status/2044740218230862260,1609184778515017729,petrchr,@tattedoc harus nyobain mie ayam chili oil samping pemadam kebakaran tanjung duren 🙆🫶,harus nyobain mie ayam chili oil samping pemadam kebakaran tanjung duren,harus nyobain mie ayam chili oil samping pemadam kebakaran tanjung duren,harus nyobain mie ayam chili oil samping pemadam kebakaran tanjung duren,harus nyobain mie ayam chil oil samping madam bakaran tanjung duren
2044358919989215327,2026-04-15T10:15:23.000Z,1,"Dinas Pemadam Kebakaran dan Penyelamatan (Damkarmat) Kabupaten Banyuwangi menangani insiden kebakaran yang melalap lahan bambu di Dusun Krajan, Desa Bajulmati, Kecamatan Wongsorejo, Kabupaten Banyuwangi pada Rabu, 15 April 2026. https://t.co/aimFzS4Se5",2044358919989215327,https://pbs.twimg.com/ext_tw_video_thumb/2044358841136189440/pu/img/25kgcr54M6_SXRjH.jpg,,in,,0,0,0,https://x.com/BwiDamkar/status/2044358919989215327,1620611682069544970,BwiDamkar,"Dinas Pemadam Kebakaran dan Penyelamatan (Damkarmat) Kabupaten Banyuwangi menangani insiden kebakaran yang melalap lahan bambu di Dusun Krajan, Desa Bajulmati, Kecamatan Wongsorejo, Kabupaten Banyuwangi pada Rabu, 15 April 2026. https://t.co/aimFzS4Se5",dinas pemadam kebakaran dan penyelamatan damkarmat kabupaten banyuwangi menangani insiden kebakaran yang melalap lahan bambu di dusun krajan desa bajulmati kecamatan wongsorejo kabupaten banyuwangi pada rabu april,dinas pemadam kebakaran dan penyelamatan damkarmat kabupaten banyuwangi menangani insiden kebakaran yang melalap lahan bambu di dusun krajan desa bajulmati kecamatan wongsorejo kabupaten banyuwangi pada rabu april,dinas pemadam kebakaran penyelamatan damkarmat kabupaten banyuwangi menangani insiden kebakaran melalap lahan bambu dusun krajan desa bajulmati kecamatan wongsorejo kabupaten banyuwangi rabu april,nas madam bakaran nyelamatan damkarmat kabupaten banyuwang nangan insiden bakaran lalap lahan bambu dusun krajan desa bajulmat camatan wongsorejo kabupaten banyuwang rabu april
2045261025625231717,2026-04-17T22:00:02.000Z,0,"Kasus ini melibatkan praktik ilegal pemindahan elpiji bersubsidi ukuran 3 kg ke tabung elpiji nonsubsidi ukuran 12 kg, menggunakan alat modifikasi berbahan logam https://t.co/XW0s4agxTd",2045261025625231717,,,in,,0,0,0,https://x.com/mediaindonesia/status/2045261025625231717,68930552,mediaindonesia,"Kasus ini melibatkan praktik ilegal pemindahan elpiji bersubsidi ukuran 3 kg ke tabung elpiji nonsubsidi ukuran 12 kg, menggunakan alat modifikasi berbahan logam https://t.co/XW0s4agxTd",kasus ini melibatkan praktik ilegal pemindahan elpiji bersubsidi ukuran kg ke tabung elpiji nonsubsidi ukuran kg menggunakan alat modifikasi berbahan logam,kasus ini melibatkan praktik ilegal pemindahan elpiji bersubsidi ukuran kg ke tabung elpiji nonsubsidi ukuran kg menggunakan alat modifikasi berbahan logam,kasus melibatkan praktik ilegal pemindahan elpiji bersubsidi ukuran kg tabung elpiji nonsubsidi ukuran kg menggunakan alat modifikasi berbahan logam,kasus libat praktik ilegal mindahan elpij bersubsid ukuran kg tabung elpij nonsubsid ukuran kg ngguna alat modifikas berbahan logam
2044911557335994843,2026-04-16T22:51:22.000Z,0,"JATIM24JAM - Robot Damkar milik Dinas Pemadam Kebakaran Surabaya, ikut diterjunkan langsung guna untuk memadamkan api di titik kobaran api yang sulit dijangkau.

🎥 : damkar112suroboyo 

#jatim24jam #jawatimur #damkar #kebakaran #surabayahits https://t.co/9LcRiyjcDB",2044911557335994843,https://pbs.twimg.com/ext_tw_video_thumb/2044911504269721600/pu/img/hrywAyvB6awAYkZW.jpg,,in,,0,0,0,https://x.com/Jawatimur24jam/status/2044911557335994843,1980924096151257088,Jawatimur24jam,"JATIM24JAM - Robot Damkar milik Dinas Pemadam Kebakaran Surabaya, ikut diterjunkan langsung guna untuk memadamkan api di titik kobaran api yang sulit dijangkau.

🎥 : damkar112suroboyo 

#jatim24jam #jawatimur #damkar #kebakaran #surabayahits https://t.co/9LcRiyjcDB",jatim jam robot damkar milik dinas pemadam kebakaran surabaya ikut diterjunkan langsung guna untuk memadamkan api di titik kobaran api yang sulit dijangkau damkar suroboyo jatim jam jawatimur damkar kebakaran surabayahits,jatim jam robot damkar milik dinas pemadam kebakaran surabaya ikut diterjunkan langsung guna untuk memadamkan api di titik kobaran api yang sulit dijangkau damkar suroboyo jatim jam jawatimur damkar kebakaran surabayahits,jatim jam robot damkar milik dinas pemadam kebakaran surabaya ikut diterjunkan langsung guna memadamkan api titik kobaran api sulit dijangkau damkar suroboyo jatim jam jawatimur damkar kebakaran surabayahits,jatim jam robot damkar milik nas madam bakaran surabaya ikut terjun langsung guna madam ap titik kobaran ap sulit jangkau damkar suroboyo jatim jam jawatimur damkar bakaran surabayahits
2043207420382707839,2026-04-12T05:59:44.000Z,0,Petugas Pemadam Kebakaran Jaksel Damkar Jaksel berhasil mengevakuasi 10 ... https://t.co/kHwleGW1Zy via @YouTube,2043207420382707839,,,in,,0,0,0,https://x.com/lokatvnews/status/2043207420382707839,1921502098061135872,lokatvnews,Petugas Pemadam Kebakaran Jaksel Damkar Jaksel berhasil mengevakuasi 10 ... https://t.co/kHwleGW1Zy via @YouTube,petugas pemadam kebakaran jaksel damkar jaksel berhasil mengevakuasi via,petugas pemadam kebakaran jaksel damkar jaksel berhasil mengevakuasi via,petugas pemadam kebakaran jaksel damkar jaksel berhasil mengevakuasi via,tugas madam bakaran jaksel damkar jaksel berhasil ngevakuas via
2044634882467639738,2026-04-16T04:31:58.000Z,1,"Seekor ular piton sepanjang 6 meter dievakuasi petugas Pemadam Kebakaran dari rumah panggung warga di Jalan Antang, Makassar, Rabu (15/4/2026). Proses penanganan berlangsung dramatis selama satu jam karena ular bersikap agresif dan melilit kuat pada struktur kayu bangunan, https://t.co/w1wU0WuuF0",2044634882467639738,https://pbs.twimg.com/amplify_video_thumb/2044634828151431168/img/HG0qKqdj26K7eXH5.jpg,,in,,0,0,0,https://x.com/Beritasatu/status/2044634882467639738,154102750,Beritasatu,"Seekor ular piton sepanjang 6 meter dievakuasi petugas Pemadam Kebakaran dari rumah panggung warga di Jalan Antang, Makassar, Rabu (15/4/2026). Proses penanganan berlangsung dramatis selama satu jam karena ular bersikap agresif dan melilit kuat pada struktur kayu bangunan, https://t.co/w1wU0WuuF0",seekor ular piton sepanjang meter dievakuasi petugas pemadam kebakaran dari rumah panggung warga di jalan antang makassar rabu proses penanganan berlangsung dramatis selama satu jam karena ular bersikap agresif dan melilit kuat pada struktur kayu bangunan,seekor ular piton sepanjang meter dievakuasi petugas pemadam kebakaran dari rumah panggung warga di jalan antang makassar rabu proses penanganan berlangsung dramatis selama satu jam karena ular bersikap agresif dan melilit kuat pada struktur kayu bangunan,seekor ular piton sepanjang meter dievakuasi petugas pemadam kebakaran rumah panggung warga jalan antang makassar rabu proses penanganan berlangsung dramatis selama satu jam karena ular bersikap agresif melilit kuat struktur kayu bangunan,seekor ular piton sepanjang ter evakuas tugas madam bakaran rumah panggung warga jalan antang makassar rabu proses nanganan berlangsung dramatis selama satu jam karena ular bersikap agresif lilit kuat struktur kayu bangunan
2043221239578443859,2026-04-12T13:09:27.000Z,0,@Jiwonshouse kalo bukan shopeefood berarti pemadam kebakaran?,2043315561820799132,,Jiwonshouse,in,,0,1,0,https://x.com/xiyeonshouse/status/2043315561820799132,707673055527575553,xiyeonshouse,@Jiwonshouse kalo bukan shopeefood berarti pemadam kebakaran?,kalo bukan shopeefood berarti pemadam kebakaran,kalau bukan shopeefood berarti pemadam kebakaran,kalau bukan shopeefood berarti pemadam kebakaran,kalau bu shopeefood berart madam bakaran
2044639146317414422,2026-04-16T13:01:41.000Z,0,"@empty__core Jelaslah mobil MBG yg didahulukan, kalau tidak polisi, pemadam  kebakaran dan sopir ambulance bisa bisa dipecat lho 🤣🤣",2044763156468408689,,empty__core,in,,0,1,0,https://x.com/Handy2094896/status/2044763156468408689,1930036873235443712,Handy2094896,"@empty__core Jelaslah mobil MBG yg didahulukan, kalau tidak polisi, pemadam  kebakaran dan sopir ambulance bisa bisa dipecat lho 🤣🤣",jelaslah mobil mbg yg didahulukan kalau tidak polisi pemadam kebakaran dan sopir ambulance bisa bisa dipecat lho,jelaslah mobil mbg yang didahulukan kalau tidak polisi pemadam kebakaran dan sopir ambulance bisa bisa dipecat lho,jelaslah mobil mbg didahulukan kalau tidak polisi pemadam kebakaran sopir ambulance bisa bisa dipecat lho,jelas mobil mbg dahulu kalau tidak polis madam bakaran sopir ambulance bisa bisa pecat lho
2044692874479259896,2026-04-16T12:30:29.000Z,0,"@tirta_cipeng yaampun ternyata ada org main GTA ngamuk 🤏🏻 chill aja doct, cobain jd supir taxi dan pemadam kebakaran aja seru ✨",2044755305079419370,,tirta_cipeng,in,,0,1,0,https://x.com/pppaperoni/status/2044755305079419370,2016960778772127744,pppaperoni,"@tirta_cipeng yaampun ternyata ada org main GTA ngamuk 🤏🏻 chill aja doct, cobain jd supir taxi dan pemadam kebakaran aja seru ✨",yaampun ternyata ada org main gta ngamuk chill aja doct cobain jd supir taxi dan pemadam kebakaran aja seru,yaampun ternyata ada org main gta ngamuk chill aja doct cobain jd supir taxi dan pemadam kebakaran aja seru,yaampun ternyata ada org main gta ngamuk chill aja doct cobain jd supir taxi pemadam kebakaran aja seru,yaampun nyata ada org main gta ngamuk chill aja doct cobain jd supir tax madam bakaran aja seru
2040082564766138599,2026-04-03T15:02:40.000Z,0,"Satgas Pemadam Kebakaran menerima laporan terjadinya kebakaran badas di Gunung Kembang, Manna dari anggota Sdr. Elin pada hari Jumat, 3 April 2026 pukul 20.24 WIB dan langsung menuju lokasi untuk memadamkan kebakaran tersebut. 
                 https://t.co/KHS60FWEZm",2040082564766138599,,,in,,0,0,0,https://x.com/damkarbs/status/2040082564766138599,1390080853569458177,damkarbs,"Satgas Pemadam Kebakaran menerima laporan terjadinya kebakaran badas di Gunung Kembang, Manna dari anggota Sdr. Elin pada hari Jumat, 3 April 2026 pukul 20.24 WIB dan langsung menuju lokasi untuk memadamkan kebakaran tersebut. 
                 https://t.co/KHS60FWEZm",satgas pemadam kebakaran menerima laporan terjadinya kebakaran badas di gunung kembang manna dari anggota sdr elin pada hari jumat april pukul wib dan langsung menuju lokasi untuk memadamkan kebakaran tersebut,satgas pemadam kebakaran menerima laporan terjadinya kebakaran badas di gunung kembang manna dari anggota sdr elin pada hari jumat april pukul wib dan langsung menuju lokasi untuk memadamkan kebakaran tersebut,satgas pemadam kebakaran menerima laporan terjadinya kebakaran badas gunung kembang manna anggota sdr elin hari jumat april pukul wib langsung menuju lokasi memadamkan kebakaran tersebut,satgas madam bakaran nerima laporan jad bakaran badas gunung mbang manna anggota sdr elin har jumat april pukul wib langsung nuju lokas madam bakaran sebut
2039684197334303153,2026-04-02T12:39:42.000Z,1,"Dinas Pemadam Kebakaran dan Penyelamatan (Disdamkarmat) Kota Bekasi menyatakan kebakaran di area SPBE Jalan Cinyosog, Kelurahan Cimuning, Kecamatan Mustika Jaya, Kota Bekasi, Rabu (1/4) malam, diduga dipicu kebocoran gas.

Peristiwa tersebut juga mengakibatkan 12 orang menjadi https://t.co/efiC5yuNQK",2039684197334303153,https://pbs.twimg.com/amplify_video_thumb/2039684081001357312/img/QnMU4U1s61PjC91g.jpg,,in,,0,0,0,https://x.com/antaranews/status/2039684197334303153,18071520,antaranews,"Dinas Pemadam Kebakaran dan Penyelamatan (Disdamkarmat) Kota Bekasi menyatakan kebakaran di area SPBE Jalan Cinyosog, Kelurahan Cimuning, Kecamatan Mustika Jaya, Kota Bekasi, Rabu (1/4) malam, diduga dipicu kebocoran gas.

Peristiwa tersebut juga mengakibatkan 12 orang menjadi https://t.co/efiC5yuNQK",dinas pemadam kebakaran dan penyelamatan disdamkarmat kota bekasi menyatakan kebakaran di area spbe jalan cinyosog kelurahan cimuning kecamatan mustika jaya kota bekasi rabu malam diduga dipicu kebocoran gas peristiwa tersebut juga mengakibatkan orang menjadi,dinas pemadam kebakaran dan penyelamatan disdamkarmat kota bekasi menyatakan kebakaran di area spbe jalan cinyosog kelurahan cimuning kecamatan mustika jaya kota bekasi rabu malam diduga dipicu kebocoran gas peristiwa tersebut juga mengakibatkan orang menjadi,dinas pemadam kebakaran penyelamatan disdamkarmat kota bekasi menyatakan kebakaran area spbe jalan cinyosog kelurahan cimuning kecamatan mustika jaya kota bekasi rabu malam diduga dipicu kebocoran gas peristiwa tersebut mengakibatkan orang menjadi,nas madam bakaran nyelamatan sdamkarmat kota bekas nyata bakaran area spbe jalan cinyosog lurahan cimuning camatan mustika jaya kota bekas rabu malam duga picu bocoran gas ristiwa sebut ngakibat orang njad
2044673889247404145,2026-04-16T07:06:58.000Z,1,"Seekor ular sepanjang enam meter ditemukan melilit bagian rumah panggung warga di Kecamatan Manggala, Kota Makassar, Sulawesi Selatan, Rabu (15/4/2026) malam.

Peristiwa ini sempat memicu kepanikan warga sebelum akhirnya dilaporkan kepada petugas Dinas Pemadam Kebakaran dan https://t.co/UeAgFSokPp",2044673889247404145,https://pbs.twimg.com/amplify_video_thumb/2044673783043440640/img/7lqiQq1Z3KL9C2Yx.jpg,,in,,0,0,0,https://x.com/inilahdotcom/status/2044673889247404145,46693036,inilahdotcom,"Seekor ular sepanjang enam meter ditemukan melilit bagian rumah panggung warga di Kecamatan Manggala, Kota Makassar, Sulawesi Selatan, Rabu (15/4/2026) malam.

Peristiwa ini sempat memicu kepanikan warga sebelum akhirnya dilaporkan kepada petugas Dinas Pemadam Kebakaran dan https://t.co/UeAgFSokPp",seekor ular sepanjang enam meter ditemukan melilit bagian rumah panggung warga di kecamatan manggala kota makassar sulawesi selatan rabu malam peristiwa ini sempat memicu kepanikan warga sebelum akhirnya dilaporkan kepada petugas dinas pemadam kebakaran dan,seekor ular sepanjang enam meter ditemukan melilit bagian rumah panggung warga di kecamatan manggala kota makassar sulawesi selatan rabu malam peristiwa ini sempat memicu kepanikan warga sebelum akhirnya dilaporkan kepada petugas dinas pemadam kebakaran dan,seekor ular sepanjang enam meter ditemukan melilit bagian rumah panggung warga kecamatan manggala kota makassar sulawesi selatan rabu malam peristiwa sempat memicu kepanikan warga sebelum akhirnya dilaporkan kepada petugas dinas pemadam kebakaran,seekor ular sepanjang enam ter temu lilit bagian rumah panggung warga camatan manggala kota makassar sulawes selatan rabu malam ristiwa sempat micu pani warga sebelum akhir lapor pada tugas nas madam bakaran
2043204396369203358,2026-04-12T08:55:55.000Z,0,"@Kanseulir MBG dong walaupun ambulance bawa orang sekarat, MGB paling utama, walaupun mobil pemadam dalam kondisi darurat karena kebakaran hebat, MBG dong yang di dahulukan, paham kan seurgent itu MBG....🤣🤣🤣🥰",2043251756004676039,,Kanseulir,in,,0,0,0,https://x.com/rahmanrmyn/status/2043251756004676039,230598742,rahmanrmyn,"@Kanseulir MBG dong walaupun ambulance bawa orang sekarat, MGB paling utama, walaupun mobil pemadam dalam kondisi darurat karena kebakaran hebat, MBG dong yang di dahulukan, paham kan seurgent itu MBG....🤣🤣🤣🥰",mbg dong walaupun ambulance bawa orang sekarat mgb paling utama walaupun mobil pemadam dalam kondisi darurat karena kebakaran hebat mbg dong yang di dahulukan paham kan seurgent itu mbg,mbg dong walaupun ambulance bawa orang sekarat mgb paling utama walaupun mobil pemadam dalam kondisi darurat karena kebakaran hebat mbg dong yang di dahulukan paham kan seurgent itu mbg,mbg dong walaupun ambulance bawa orang sekarat mgb paling utama walaupun mobil pemadam kondisi darurat karena kebakaran hebat mbg dong dahulukan paham kan seurgent mbg,mbg dong walaupun ambulance bawa orang sekarat mgb paling utama walaupun mobil madam kondis darurat karena bakaran hebat mbg dong dahulu paham  seurgent mbg
2043351816289857848,2026-04-12T15:33:31.000Z,0,"Ternyata ad banyak jalan menghadiri konser gratis dgn kursi terbaik! Td aku liat ada petugas 119 ap pemadam kebakaran jg, terus krew konser dr yg konfettian sampe yg dipinggir venue! Aellah lahir tuh di ibukota apa kota besar negara maju dre bukan di pelosok! 😂",2043351816289857848,,,in,,0,0,0,https://x.com/dyan0909/status/2043351816289857848,167679866,dyan0909,"Ternyata ad banyak jalan menghadiri konser gratis dgn kursi terbaik! Td aku liat ada petugas 119 ap pemadam kebakaran jg, terus krew konser dr yg konfettian sampe yg dipinggir venue! Aellah lahir tuh di ibukota apa kota besar negara maju dre bukan di pelosok! 😂",ternyata ad banyak jalan menghadiri konser gratis dgn kursi terbaik td aku liat ada petugas ap pemadam kebakaran jg terus krew konser dr yg konfettian sampe yg dipinggir venue aellah lahir tuh di ibukota apa kota besar negara maju dre bukan di pelosok,ternyata ad banyak jalan menghadiri konser gratis dengan kursi terbaik td saya liat ada petugas ap pemadam kebakaran juga terus krew konser dr yang konfettian sampai yang dipinggir venue aellah lahir tuh di ibukota apa kota besar negara maju dre bukan di pelosok,ternyata ad banyak jalan menghadiri konser gratis kursi terbaik td liat ada petugas ap pemadam kebakaran terus krew konser dr konfettian sampai dipinggir venue aellah lahir tuh ibukota apa kota besar negara maju dre bukan pelosok,nyata ad banyak jalan nghadir konser gratis kurs baik td liat ada tugas ap madam bakaran us krew konser dr konfettian sampa pinggir venue ael lahir tuh ibukota apa kota besar negara maju dre bu losok
2045258896353468869,2026-04-17T21:51:34.000Z,0,"Allah Subhanahu wa Ta'ala berfirman:

بِسْمِ اللّٰهِ الرَّحْمٰنِ الرَّحِيْمِ

""Dengan nama Allah Yang Maha Pengasih lagi Maha Penyayang.""

QS. Al-Fatihah[1]",2045258896353468869,,,ca,,0,0,0,https://x.com/DimasPrase1988/status/2045258896353468869,1665379835588521984,DimasPrase1988,"Allah Subhanahu wa Ta'ala berfirman:

بِسْمِ اللّٰهِ الرَّحْمٰنِ الرَّحِيْمِ

""Dengan nama Allah Yang Maha Pengasih lagi Maha Penyayang.""

QS. Al-Fatihah[1]",allah subhanahu wa ta ala berfirman dengan nama allah yang maha pengasih lagi maha penyayang qs al fatihah,allah subhanahu wa ta ala berfirman dengan nama allah yang maha pengasih lagi maha penyayang qs al fatihah,allah subhanahu wa ta ala berfirman nama allah maha pengasih lagi maha penyayang qs al fatihah,al subhanahu wa ta ala berfirman nama al maha ngasih lag maha nyayang qs al fatihah
2042271358705406227,2026-04-10T07:35:15.000Z,0,@9EUNYANG @starfess kamu seperti pemadam kebakaran kak 😭,2042506679775060076,,9EUNYANG,in,,0,1,0,https://x.com/ordinaryorenji6/status/2042506679775060076,1025351707872526343,ordinaryorenji6,@9EUNYANG @starfess kamu seperti pemadam kebakaran kak 😭,kamu seperti pemadam kebakaran kak,kamu seperti pemadam kebakaran kak,kamu seperti pemadam kebakaran kak,ka sepert madam bakaran kak
2044798581509702005,2026-04-16T15:22:27.000Z,0,"Ngeri juga lihat langsung kebakaran, asapnya menggulung, kayu2 fondasi buat kerangka atap tu hampir rubuh, panas juga…
Semoga ga kenapa2 tadi… bberapa menit berlalu udah pas2an sama pemadam sama ambulans…",2044798581509702005,,,in,,0,0,0,https://x.com/seamiratcha/status/2044798581509702005,1625786277957361664,seamiratcha,"Ngeri juga lihat langsung kebakaran, asapnya menggulung, kayu2 fondasi buat kerangka atap tu hampir rubuh, panas juga…
Semoga ga kenapa2 tadi… bberapa menit berlalu udah pas2an sama pemadam sama ambulans…",ngeri juga lihat langsung kebakaran asapnya menggulung kayu fondasi buat kerangka atap tu hampir rubuh panas juga semoga ga kenapa tadi bberapa menit berlalu udah pas an sama pemadam sama ambulans,ngeri juga lihat langsung kebakaran asapnya menggulung kayu fondasi buat kerangka atap tu hampir rubuh panas juga semoga tidak kenapa tadi bberapa menit berlalu udah pas an sama pemadam sama ambulans,ngeri lihat langsung kebakaran asapnya menggulung kayu fondasi buat kerangka atap tu hampir rubuh panas semoga tidak kenapa tadi bberapa menit berlalu udah pas an sama pemadam sama ambulans,nger lihat langsung bakaran asap nggulung kayu fondas buat rangka atap tu hampir rubuh panas semoga tidak napa tad bberapa nit berlalu udah pas an sama madam sama ambulans
2042534878802219295,2026-04-10T19:21:24.000Z,0,"@strawbeyreen Undang pemadam kebakaran aja, biar diguyur sekalian",2042684388580954400,,strawbeyreen,in,,0,1,0,https://x.com/MrsKennedy59/status/2042684388580954400,1112594142448611329,MrsKennedy59,"@strawbeyreen Undang pemadam kebakaran aja, biar diguyur sekalian",undang pemadam kebakaran aja biar diguyur sekalian,undang pemadam kebakaran aja biar diguyur sekalian,undang pemadam kebakaran aja biar diguyur sekalian,undang madam bakaran aja biar guyur sekalian
2041050626789101957,2026-04-06T07:09:24.000Z,0,"Tim RESCUE Pemadam Kebakaran Bengkulu Selatan menindak lanjuti laporan Bapak Singgih untuk mengevakuasi sarang tawon Vespa Affinis pada hari Senin, 6 April 2026 pukul 13.00 WIB. 

Lokasi sarang tawon tersebut berada di Kantor Camat Pino Raya, Pasar Pino

https://t.co/XHgl2LV4Bf",2041050626789101957,,,in,,0,0,0,https://x.com/damkarbs/status/2041050626789101957,1390080853569458177,damkarbs,"Tim RESCUE Pemadam Kebakaran Bengkulu Selatan menindak lanjuti laporan Bapak Singgih untuk mengevakuasi sarang tawon Vespa Affinis pada hari Senin, 6 April 2026 pukul 13.00 WIB. 

Lokasi sarang tawon tersebut berada di Kantor Camat Pino Raya, Pasar Pino

https://t.co/XHgl2LV4Bf",tim rescue pemadam kebakaran bengkulu selatan menindak lanjuti laporan bapak singgih untuk mengevakuasi sarang tawon vespa affinis pada hari senin april pukul wib lokasi sarang tawon tersebut berada di kantor camat pino raya pasar pino,tim rescue pemadam kebakaran bengkulu selatan menindak lanjuti laporan bapak singgih untuk mengevakuasi sarang tawon vespa affinis pada hari senin april pukul wib lokasi sarang tawon tersebut berada di kantor camat pino raya pasar pino,tim rescue pemadam kebakaran bengkulu selatan menindak lanjuti laporan bapak singgih mengevakuasi sarang tawon vespa affinis hari senin april pukul wib lokasi sarang tawon tersebut berada kantor camat pino raya pasar pino,tim rescue madam bakaran bengkulu selatan nindak lanjut laporan bapak singgih ngevakuas sarang tawon vespa affinis har senin april pukul wib lokas sarang tawon sebut berada kantor camat pino raya pasar pino
2042525824277189005,2026-04-10T08:51:19.000Z,0,"Puluhan petugas dikerahkan memadamkan kebakaran di Olympic Park Velodrome, Rio de Janeiro, Rabu (9/4/2026).

Sebanyak 80 personel dan 20 mobil pemadam berhasil mengendalikan api.

-

Inilah Arena adalah bagian dari Grup Media @inilah_com | Dapatkan informasi selengkapnya dengan https://t.co/Oc1tzeIr9F",2042525824277189005,https://pbs.twimg.com/amplify_video_thumb/2042525723597139968/img/ma2mLV-bpmTsCq1L.jpg,,in,,0,0,0,https://x.com/inilahdotcom/status/2042525824277189005,46693036,inilahdotcom,"Puluhan petugas dikerahkan memadamkan kebakaran di Olympic Park Velodrome, Rio de Janeiro, Rabu (9/4/2026).

Sebanyak 80 personel dan 20 mobil pemadam berhasil mengendalikan api.

-

Inilah Arena adalah bagian dari Grup Media @inilah_com | Dapatkan informasi selengkapnya dengan https://t.co/Oc1tzeIr9F",puluhan petugas dikerahkan memadamkan kebakaran di olympic park velodrome rio de janeiro rabu sebanyak personel dan mobil pemadam berhasil mengendalikan api inilah arena adalah bagian dari grup media dapatkan informasi selengkapnya dengan,puluhan petugas dikerahkan memadamkan kebakaran di olympic park velodrome rio de janeiro rabu sebanyak personel dan mobil pemadam berhasil mengendalikan api inilah arena adalah bagian dari grup media dapatkan informasi selengkapnya dengan,puluhan petugas dikerahkan memadamkan kebakaran olympic park velodrome rio de janeiro rabu sebanyak personel mobil pemadam berhasil mengendalikan api inilah arena bagian grup media dapatkan informasi selengkapnya,puluhan tugas kerah madam bakaran olympic park velodrome rio de janeiro rabu sebanyak rsonel mobil madam berhasil ngendali ap in arena bagian grup dia dapat informas selengkap
2042965924354129975,2026-04-11T14:00:07.000Z,0,"POV jadi damkar , bisa naik truk damkar loh ya 😹 . merasakan sensasi dalam kabin truk pemadam kebakaran . 

Giicomvec 2026 Demo Unit 
Hino 300 163 HDX
Water Tender 3.000 Liter Fire truck buatan kajama . #hino #toyota #damkar #firefighter #morita #firetruck #automobiles https://t.co/cn9L8CHYkV",2042965924354129975,https://pbs.twimg.com/media/HFoSlSqasAAH-BD.jpg,,in,,0,0,1,https://x.com/archie62865/status/2042965924354129975,1896439064909520896,archie62865,"POV jadi damkar , bisa naik truk damkar loh ya 😹 . merasakan sensasi dalam kabin truk pemadam kebakaran . 

Giicomvec 2026 Demo Unit 
Hino 300 163 HDX
Water Tender 3.000 Liter Fire truck buatan kajama . #hino #toyota #damkar #firefighter #morita #firetruck #automobiles https://t.co/cn9L8CHYkV",pov jadi damkar bisa naik truk damkar loh ya merasakan sensasi dalam kabin truk pemadam kebakaran giicomvec demo unit hino hdx water tender liter fire truck buatan kajama hino toyota damkar firefighter morita firetruck automobiles,pov jadi damkar bisa naik truk damkar loh ya merasakan sensasi dalam kabin truk pemadam kebakaran giicomvec demo unit hino hdx water tender liter fire truck buatan kajama hino toyota damkar firefighter morita firetruck automobiles,pov jadi damkar bisa naik truk damkar loh ya merasakan sensasi kabin truk pemadam kebakaran giicomvec demo unit hino hdx water tender liter fire truck buatan kajama hino toyota damkar firefighter morita firetruck automobiles,pov jad damkar bisa naik truk damkar loh ya rasa sensas kabin truk madam bakaran giicomvec demo unit hino hdx water tender liter fire truck buatan kajama hino toyota damkar firefighter morita firetruck automobiles
2044053823430541356,2026-04-14T14:03:02.000Z,0,"Sersan Mayor (Res.) Ayal Uriel Bianco, 30, dari Katzrin, seorang pengemudi kendaraan pemadam kebakaran di Brigade ke-188, terbunuh dalam pertempuran di Lebanon selatan. Keluarganya telah diberitahu dan namanya disetujui untuk dipublikasikan. https://t.co/imd2UvG4Jw",2044053823430541356,https://pbs.twimg.com/media/HF3wHq2asAESAW9.jpg,,in,,0,0,0,https://x.com/EddieFisher_id/status/2044053823430541356,621924795,EddieFisher_id,"Sersan Mayor (Res.) Ayal Uriel Bianco, 30, dari Katzrin, seorang pengemudi kendaraan pemadam kebakaran di Brigade ke-188, terbunuh dalam pertempuran di Lebanon selatan. Keluarganya telah diberitahu dan namanya disetujui untuk dipublikasikan. https://t.co/imd2UvG4Jw",sersan mayor res ayal uriel bianco dari katzrin seorang pengemudi kendaraan pemadam kebakaran di brigade ke terbunuh dalam pertempuran di lebanon selatan keluarganya telah diberitahu dan namanya disetujui untuk dipublikasikan,sersan mayor res ayal uriel bianco dari katzrin seorang pengemudi kendaraan pemadam kebakaran di brigade ke terbunuh dalam pertempuran di lebanon selatan keluarganya telah diberitahu dan namanya disetujui untuk dipublikasikan,sersan mayor res ayal uriel bianco katzrin seorang pengemudi kendaraan pemadam kebakaran brigade terbunuh pertempuran lebanon selatan keluarganya telah diberitahu namanya disetujui dipublikasikan,sersan mayor res ayal uriel bianco katzrin seorang ngemud ndaraan madam bakaran brigade bunuh rtempuran lebanon selatan luarga te beritahu nama setuju publikasi
2043966942726488233,2026-04-14T08:17:48.000Z,1,"🚒 *KEGIATAN EDUKASI &amp; SOSIALISASI KEBAKARAN* 🔥

Dinas Pemadam Kebakaran dan Penyelamatan (Damkarmat) Kabupaten Banyuwangi melalui Bidang Pencegahan kembali melaksanakan kegiatan edukasi dan sosialisasi kebakaran kepada para pelajar. https://t.co/BzXKc7MTTs",2043966942726488233,https://pbs.twimg.com/ext_tw_video_thumb/2043965756581502978/pu/img/-nQ6guYPGglDBw5Y.jpg,,in,,0,0,0,https://x.com/BwiDamkar/status/2043966942726488233,1620611682069544970,BwiDamkar,"🚒 *KEGIATAN EDUKASI &amp; SOSIALISASI KEBAKARAN* 🔥

Dinas Pemadam Kebakaran dan Penyelamatan (Damkarmat) Kabupaten Banyuwangi melalui Bidang Pencegahan kembali melaksanakan kegiatan edukasi dan sosialisasi kebakaran kepada para pelajar. https://t.co/BzXKc7MTTs",kegiatan edukasi amp sosialisasi kebakaran dinas pemadam kebakaran dan penyelamatan damkarmat kabupaten banyuwangi melalui bidang pencegahan kembali melaksanakan kegiatan edukasi dan sosialisasi kebakaran kepada para pelajar,kegiatan edukasi amp sosialisasi kebakaran dinas pemadam kebakaran dan penyelamatan damkarmat kabupaten banyuwangi melalui bidang pencegahan kembali melaksanakan kegiatan edukasi dan sosialisasi kebakaran kepada para pelajar,kegiatan edukasi amp sosialisasi kebakaran dinas pemadam kebakaran penyelamatan damkarmat kabupaten banyuwangi melalui bidang pencegahan kembali melaksanakan kegiatan edukasi sosialisasi kebakaran kepada para pelajar,giatan edukas amp sosialisas bakaran nas madam bakaran nyelamatan damkarmat kabupaten banyuwang lalu bidang ncegahan mbal laksana giatan edukas sosialisas bakaran pada para lajar
2042979892854428101,2026-04-11T14:55:37.000Z,0,Satuan  Polisi Pamong Praja (Satpol PP) dan Pemadam Kebakaran (Damkar) Padang  Pariaman menangkap 13 perempuan pemandu karaoke di Kecamatan Lubuk Alung  pada Jumat (10/4/2026) dini hari. https://t.co/mPblUk8Xfm,2042979892854428101,https://pbs.twimg.com/media/HFofMzZakAIwJuC.jpg,,in,,0,1,0,https://x.com/sumbarkitaid_/status/2042979892854428101,1886311304702681088,sumbarkitaid_,Satuan  Polisi Pamong Praja (Satpol PP) dan Pemadam Kebakaran (Damkar) Padang  Pariaman menangkap 13 perempuan pemandu karaoke di Kecamatan Lubuk Alung  pada Jumat (10/4/2026) dini hari. https://t.co/mPblUk8Xfm,satuan polisi pamong praja satpol pp dan pemadam kebakaran damkar padang pariaman menangkap perempuan pemandu karaoke di kecamatan lubuk alung pada jumat dini hari,satuan polisi pamong praja satpol pp dan pemadam kebakaran damkar padang pariaman menangkap perempuan pemandu karaoke di kecamatan lubuk alung pada jumat dini hari,satuan polisi pamong praja satpol pp pemadam kebakaran damkar padang pariaman menangkap perempuan pemandu karaoke kecamatan lubuk alung jumat dini hari,satuan polis pamong praja satpol pp madam bakaran damkar padang pariaman nangkap rempuan mandu karaoke camatan lubuk alung jumat n har
2043605863064289422,2026-04-13T12:03:50.000Z,0,@bagindo_kopi Pemadam kebakaran.,2043661434383638811,,bagindo_kopi,in,,0,0,0,https://x.com/heri_mitra/status/2043661434383638811,917378263084761089,heri_mitra,@bagindo_kopi Pemadam kebakaran.,pemadam kebakaran,pemadam kebakaran,pemadam kebakaran,madam bakaran
2041114758414541001,2026-04-16T07:08:58.000Z,0,"@Joingseong Halo kak! Kakak jago masak kah makanya mau jadi chef? Kalo iya, sama dooong! Boleh ga aku minta resep cilor ala kakak yg suka pake topping marshmallow itu? Cita-cita masa kecilku apa yaaa... kayanya jadi pemadam kebakaran? :/",2044674395306885530,,Joingseong,in,,0,0,0,https://x.com/naaikoko/status/2044674395306885530,523239892,naaikoko,"@Joingseong Halo kak! Kakak jago masak kah makanya mau jadi chef? Kalo iya, sama dooong! Boleh ga aku minta resep cilor ala kakak yg suka pake topping marshmallow itu? Cita-cita masa kecilku apa yaaa... kayanya jadi pemadam kebakaran? :/",halo kak kakak jago masak kah makanya mau jadi chef kalo iya sama dooong boleh ga aku minta resep cilor ala kakak yg suka pake topping marshmallow itu cita cita masa kecilku apa yaaa kayanya jadi pemadam kebakaran,halo kak kakak jago masak kah makanya mau jadi chef kalau iya sama dooong boleh tidak saya minta resep cilor ala kakak yang suka pake topping marshmallow itu cita cita masa kecilku apa yaaa kayanya jadi pemadam kebakaran,halo kak kakak jago masak kah makanya mau jadi chef kalau iya sama dooong boleh tidak minta resep cilor ala kakak suka pake topping marshmallow cita cita masa kecilku apa yaaa kayanya jadi pemadam kebakaran,halo kak kakak jago masak  maka mau jad chef kalau iya sama dooong boleh tidak minta resep cilor ala kakak suka pake topping marshmallow cita cita masa cil apa yaaa kaya jad madam bakaran
2043289843804094963,2026-04-12T13:52:17.000Z,0,"@is_pelssy Ambulans klo bawa mayat, diusahakan mobil pemadam dulu yang mo padamkan kebakaran",2043326339760209927,,is_pelssy,in,,0,0,0,https://x.com/BaimWowor/status/2043326339760209927,97885141,BaimWowor,"@is_pelssy Ambulans klo bawa mayat, diusahakan mobil pemadam dulu yang mo padamkan kebakaran",ambulans klo bawa mayat diusahakan mobil pemadam dulu yang mo padamkan kebakaran,ambulans klo bawa mayat diusahakan mobil pemadam dulu yang mo padamkan kebakaran,ambulans klo bawa mayat diusahakan mobil pemadam dulu mo padamkan kebakaran,ambulans klo bawa mayat usaha mobil madam dulu mo padam bakaran
2044092895528137183,2026-04-14T16:38:19.000Z,0,"antasida itu ibarat pemadam kebakaran. dia langsung nyiram dan menetralisir asam yang udah terlanjur bikin lambungmu perih. kerjanya cepat, instan, tapi efeknya cuma sebentar.",2044092898468384971,,permanaandi_,in,,0,1,0,https://x.com/permanaandi_/status/2044092898468384971,1075926599344615425,permanaandi_,"antasida itu ibarat pemadam kebakaran. dia langsung nyiram dan menetralisir asam yang udah terlanjur bikin lambungmu perih. kerjanya cepat, instan, tapi efeknya cuma sebentar.",antasida itu ibarat pemadam kebakaran dia langsung nyiram dan menetralisir asam yang udah terlanjur bikin lambungmu perih kerjanya cepat instan tapi efeknya cuma sebentar,antasida itu ibarat pemadam kebakaran dia langsung nyiram dan menetralisir asam yang udah terlanjur bikin lambungmu perih kerjanya cepat instan tapi efeknya cuma sebentar,antasida ibarat pemadam kebakaran langsung nyiram menetralisir asam udah terlanjur bikin lambungmu perih kerjanya cepat instan tapi efeknya cuma sebentar,antasida ibarat madam bakaran langsung nyiram netralisir asam udah lanjur bikin lambung rih rja cepat instan tap efek cuma sebentar
2043979223749063110,2026-04-14T09:06:36.000Z,0,"#latepost - Kebakaran melanda sebuah rumah warga di Desa Kemplong, Kecamatan Wiradesa, Kabupaten Pekalongan, pada Selasa dini hari (14/04/2026) sekitar pukul 02.15 WIB. Rumah yang terbakar diketahui milik Bapak Arifin yang berada di sebelah utara kawasan Batik Pesisir.

Peristiwa https://t.co/IiRI9uUX7n",2043979223749063110,https://pbs.twimg.com/ext_tw_video_thumb/2043979106304311296/pu/img/BGVSLdjNmHnMCtcL.jpg,,in,,0,0,0,https://x.com/pekalongan_info/status/2043979223749063110,802181984675995648,pekalongan_info,"#latepost - Kebakaran melanda sebuah rumah warga di Desa Kemplong, Kecamatan Wiradesa, Kabupaten Pekalongan, pada Selasa dini hari (14/04/2026) sekitar pukul 02.15 WIB. Rumah yang terbakar diketahui milik Bapak Arifin yang berada di sebelah utara kawasan Batik Pesisir.

Peristiwa https://t.co/IiRI9uUX7n",latepost kebakaran melanda sebuah rumah warga di desa kemplong kecamatan wiradesa kabupaten pekalongan pada selasa dini hari sekitar pukul wib rumah yang terbakar diketahui milik bapak arifin yang berada di sebelah utara kawasan batik pesisir peristiwa,latepost kebakaran melanda sebuah rumah warga di desa kemplong kecamatan wiradesa kabupaten pekalongan pada selasa dini hari sekitar pukul wib rumah yang terbakar diketahui milik bapak arifin yang berada di sebelah utara kawasan batik pesisir peristiwa,latepost kebakaran melanda rumah warga desa kemplong kecamatan wiradesa kabupaten pekalongan selasa dini hari sekitar pukul wib rumah terbakar diketahui milik bapak arifin berada sebelah utara kawasan batik pesisir peristiwa,latepost bakaran landa rumah warga desa mplong camatan wiradesa kabupaten kalongan selasa n har sekitar pukul wib rumah bakar ketahu milik bapak arifin berada sebe utara kawasan batik sisir ristiwa
2044521145530044668,2026-04-15T21:00:01.000Z,0,Warga Desa Karangsalam Lor dihebohkan dengan penemuan ular King Koros sepanjang 3 meter di dalam rumah. Tim pemadam kebakaran menangani evakuasi dengan hati-hati. Pastikan segera melapor jika menemukan satwa liar berbahaya! https://t.co/erQkLrfJKd,2044521145530044668,https://pbs.twimg.com/media/HF8i5aDbgAEfYwB.jpg,,in,,0,0,0,https://x.com/radarmasnetwork/status/2044521145530044668,3245882905,radarmasnetwork,Warga Desa Karangsalam Lor dihebohkan dengan penemuan ular King Koros sepanjang 3 meter di dalam rumah. Tim pemadam kebakaran menangani evakuasi dengan hati-hati. Pastikan segera melapor jika menemukan satwa liar berbahaya! https://t.co/erQkLrfJKd,warga desa karangsalam lor dihebohkan dengan penemuan ular king koros sepanjang meter di dalam rumah tim pemadam kebakaran menangani evakuasi dengan hati hati pastikan segera melapor jika menemukan satwa liar berbahaya,warga desa karangsalam lor dihebohkan dengan penemuan ular king koros sepanjang meter di dalam rumah tim pemadam kebakaran menangani evakuasi dengan hati hati pastikan segera melapor jika menemukan satwa liar berbahaya,warga desa karangsalam lor dihebohkan penemuan ular king koros sepanjang meter rumah tim pemadam kebakaran menangani evakuasi hati hati pastikan segera melapor jika menemukan satwa liar berbahaya,warga desa karangsalam lor heboh nemuan ular king koros sepanjang ter rumah tim madam bakaran nangan evakuas hat hat pasti segera lapor jika nemu satwa liar berbahaya
2045260497155747910,2026-04-17T22:05:13.000Z,0,@Kabelkebakar_ @Kabelkebakar_  Hai Kak. Mimin siap melayani sepenuh hati. Mohon maaf atas ketidaknyamanannya. Perihal tsb Kk bisa infokan detail alamat lengkap dan No telp ke DM mimin. Ditunggu konfirmasinya lebih lanjut ya. Tks -Bian,2045262331710705736,,Kabelkebakar_,in,,0,0,0,https://x.com/pln_123/status/2045262331710705736,558516132,pln_123,@Kabelkebakar_ @Kabelkebakar_  Hai Kak. Mimin siap melayani sepenuh hati. Mohon maaf atas ketidaknyamanannya. Perihal tsb Kk bisa infokan detail alamat lengkap dan No telp ke DM mimin. Ditunggu konfirmasinya lebih lanjut ya. Tks -Bian,hai kak mimin siap melayani sepenuh hati mohon maaf atas ketidaknyamanannya perihal tsb kk bisa infokan detail alamat lengkap dan no telp ke dm mimin ditunggu konfirmasinya lebih lanjut ya tks bian,hai kak mimin siap melayani sepenuh hati mohon maaf atas ketidaknyamanannya perihal tsb kk bisa infokan detail alamat lengkap dan no telp ke dm mimin ditunggu konfirmasinya lebih lanjut ya tks bian,hai kak mimin siap melayani sepenuh hati mohon maaf atas ketidaknyamanannya perihal tsb kk bisa infokan detail alamat lengkap no telp dm mimin ditunggu konfirmasinya lebih lanjut ya tks bian,ha kak mimin siap layan sepenuh hat mohon maaf atas tidaknyamanan rihal tsb kk bisa info detail alamat lengkap no telp dm mimin tunggu konfirmas lebih lanjut ya tks bian
2045025760004690277,2026-04-17T06:25:10.000Z,0,"Kepolisian mengungkapkan berdasarkan keterangan petugas pemadam, terdapat sepeda listrik yang tengah diisi daya di dalam rumah korban terkait peristiwa kebakaran yang menewaskan satu keluarga di Grogol Petamburan, Jakarta Barat, Jumat dini hari.https://t.co/1RhesL0b0Q",2045025760004690277,,,in,,0,0,0,https://x.com/ANTARABengkulu/status/2045025760004690277,423220305,ANTARABengkulu,"Kepolisian mengungkapkan berdasarkan keterangan petugas pemadam, terdapat sepeda listrik yang tengah diisi daya di dalam rumah korban terkait peristiwa kebakaran yang menewaskan satu keluarga di Grogol Petamburan, Jakarta Barat, Jumat dini hari.https://t.co/1RhesL0b0Q",kepolisian mengungkapkan berdasarkan keterangan petugas pemadam terdapat sepeda listrik yang tengah diisi daya di dalam rumah korban terkait peristiwa kebakaran yang menewaskan satu keluarga di grogol petamburan jakarta barat jumat dini hari,kepolisian mengungkapkan berdasarkan keterangan petugas pemadam terdapat sepeda listrik yang tengah diisi daya di dalam rumah korban terkait peristiwa kebakaran yang menewaskan satu keluarga di grogol petamburan jakarta barat jumat dini hari,kepolisian mengungkapkan berdasarkan keterangan petugas pemadam terdapat sepeda listrik tengah diisi daya rumah korban terkait peristiwa kebakaran menewaskan satu keluarga grogol petamburan jakarta barat jumat dini hari,polisian ngungkap berdasar terangan tugas madam dapat sepeda listrik tengah is daya rumah korban kait ristiwa bakaran newas satu luarga grogol tamburan jakarta barat jumat n har
2044391583953326318,2026-04-16T10:23:24.000Z,0,@worksfess pemadam kebakaran,2044723324803310055,,worksfess,in,,0,0,0,https://x.com/dosolllswag/status/2044723324803310055,1298588800403165184,dosolllswag,@worksfess pemadam kebakaran,pemadam kebakaran,pemadam kebakaran,pemadam kebakaran,madam bakaran
2043266533678571829,2026-04-13T01:47:37.000Z,1,"@_fxxxkboy Warna nyala api kompor
🟦 pembakaran sempurna, efisiensi maksimal, CO minimal, emisi dominan CH dan C2
🟥 suhu lebih rendah, zona dingin api
🟧 pembakaran tidak sempurna, CO meningkat, kemingkinan kontaminan Na
🟩 kontaminan Cu ata Ba",2043506361460514925,,_fxxxkboy,in,,0,0,0,https://x.com/pentoltakikardi/status/2043506361460514925,1737733072995631104,pentoltakikardi,"@_fxxxkboy Warna nyala api kompor
🟦 pembakaran sempurna, efisiensi maksimal, CO minimal, emisi dominan CH dan C2
🟥 suhu lebih rendah, zona dingin api
🟧 pembakaran tidak sempurna, CO meningkat, kemingkinan kontaminan Na
🟩 kontaminan Cu ata Ba",warna nyala api kompor pembakaran sempurna efisiensi maksimal co minimal emisi dominan ch dan c suhu lebih rendah zona dingin api pembakaran tidak sempurna co meningkat kemingkinan kontaminan na kontaminan cu ata ba,warna nyala api kompor pembakaran sempurna efisiensi maksimal co minimal emisi dominan ch dan c suhu lebih rendah zona dingin api pembakaran tidak sempurna co meningkat kemingkinan kontaminan na kontaminan cu ata ba,warna nyala api kompor pembakaran sempurna efisiensi maksimal co minimal emisi dominan ch c suhu lebih rendah zona dingin api pembakaran tidak sempurna co meningkat kemingkinan kontaminan na kontaminan cu ata ba,warna nyala ap kompor mbakaran sempurna efisiens maksimal co minimal emis dominan ch c suhu lebih rendah zona ngin ap mbakaran tidak sempurna co ningkat mingkinan kontaminan na kontaminan cu ata ba
2044685669688369646,2026-04-16T07:53:46.000Z,0,ini kebakaran dimana ya? kodam kah? rame bgt pemadam lewat 😨,2044685669688369646,,,in,,0,1,0,https://x.com/Alwaysmemoriesu/status/2044685669688369646,395822471,Alwaysmemoriesu,ini kebakaran dimana ya? kodam kah? rame bgt pemadam lewat 😨,ini kebakaran dimana ya kodam kah rame bgt pemadam lewat,ini kebakaran dimana ya kodam kah rame banget pemadam lewat,kebakaran dimana ya kodam kah rame banget pemadam lewat,bakaran mana ya kodam  rame banget madam lewat
2042788231696257511,2026-04-11T02:26:05.000Z,0,"@Yoxxinori Aku juga nyimpen nomor darurat seperti rumah sakit, pemadam kebakaran, dan polisi di HP. Biar kalau ada apa-apa, nggak panik nyari nomor dulu. Aku juga berusaha kenal tetangga sekitar rumah, jadi udah tahu harus ke mana atau minta bantuan ke siapa kalau terjadi sesuatu.",2042791263657955434,,Kanlemoto,in,,0,1,0,https://x.com/Kanlemoto/status/2042791263657955434,1040221722950086656,Kanlemoto,"@Yoxxinori Aku juga nyimpen nomor darurat seperti rumah sakit, pemadam kebakaran, dan polisi di HP. Biar kalau ada apa-apa, nggak panik nyari nomor dulu. Aku juga berusaha kenal tetangga sekitar rumah, jadi udah tahu harus ke mana atau minta bantuan ke siapa kalau terjadi sesuatu.",aku juga nyimpen nomor darurat seperti rumah sakit pemadam kebakaran dan polisi di hp biar kalau ada apa apa nggak panik nyari nomor dulu aku juga berusaha kenal tetangga sekitar rumah jadi udah tahu harus ke mana atau minta bantuan ke siapa kalau terjadi sesuatu,saya juga nyimpen nomor darurat seperti rumah sakit pemadam kebakaran dan polisi di hp biar kalau ada apa apa nggak panik nyari nomor dulu saya juga berusaha kenal tetangga sekitar rumah jadi udah tahu harus ke mana atau minta bantuan ke siapa kalau terjadi sesuatu,nyimpen nomor darurat seperti rumah sakit pemadam kebakaran polisi hp biar kalau ada apa apa nggak panik nyari nomor dulu berusaha kenal tetangga sekitar rumah jadi udah tahu harus mana minta bantuan siapa kalau terjadi sesuatu,nyimpen nomor darurat sepert rumah sakit madam bakaran polis hp biar kalau ada apa apa nggak panik nyar nomor dulu berusaha nal tetangga sekitar rumah jad udah tahu harus mana minta bantuan siapa kalau jad sesuatu
2044104730427990403,2026-04-14T17:25:20.000Z,0,WOI AKU NANGIS LIAT FANART MADARA JADI PEMADAM KEBAKARAN CILIK,2044104730427990403,,,in,,0,0,0,https://x.com/RedLovePpy/status/2044104730427990403,1440716276075171840,RedLovePpy,WOI AKU NANGIS LIAT FANART MADARA JADI PEMADAM KEBAKARAN CILIK,woi aku nangis liat fanart madara jadi pemadam kebakaran cilik,woi saya nangis liat fanart madara jadi pemadam kebakaran cilik,woi nangis liat fanart madara jadi pemadam kebakaran cilik,wo nangis liat fanart madara jad madam bakaran cilik
2044391583953326318,2026-04-16T04:54:36.000Z,0,@worksfess pemadam kebakaran,2044640578043043842,,worksfess,in,,0,0,0,https://x.com/ManusiaNonBumi/status/2044640578043043842,998724607,ManusiaNonBumi,@worksfess pemadam kebakaran,pemadam kebakaran,pemadam kebakaran,pemadam kebakaran,madam bakaran
2042528421272784998,2026-04-12T02:36:05.000Z,0,@sydneyzw Dari pihak resto gak ada inisiatif ambil tabung pemadam kebakaran semprot ke mereka biar berhenti,2043156170765123895,,sydneyzw,in,,0,0,0,https://x.com/budi1471987/status/2043156170765123895,2032851453333876736,budi1471987,@sydneyzw Dari pihak resto gak ada inisiatif ambil tabung pemadam kebakaran semprot ke mereka biar berhenti,dari pihak resto gak ada inisiatif ambil tabung pemadam kebakaran semprot ke mereka biar berhenti,dari pihak resto tidak ada inisiatif ambil tabung pemadam kebakaran semprot ke mereka biar berhenti,pihak resto tidak ada inisiatif ambil tabung pemadam kebakaran semprot biar berhenti,pihak resto tidak ada inisiatif ambil tabung madam bakaran semprot biar berhent
2044510578337587627,2026-04-16T14:49:52.000Z,0,@RaminNasibov petuga pemadam kebakaran akan menangis melihat ini,2044790384921117027,,RaminNasibov,in,,0,0,0,https://x.com/Kairos_Hunter/status/2044790384921117027,1771708055161548800,Kairos_Hunter,@RaminNasibov petuga pemadam kebakaran akan menangis melihat ini,petuga pemadam kebakaran akan menangis melihat ini,petuga pemadam kebakaran akan menangis melihat ini,petuga pemadam kebakaran akan menangis melihat,tuga madam bakaran a nangis lihat
2043919586396123179,2026-04-14T05:09:38.000Z,0,"Kalo ada apa"" mending ke pemadam kebakaran udah bener. Gua lebih ikhlas pajak gua dipake ngegaji petugas pemadam daripada ngegaji polisi.",2043919586396123179,,,in,,0,0,0,https://x.com/natsuself/status/2043919586396123179,1288007882730946560,natsuself,"Kalo ada apa"" mending ke pemadam kebakaran udah bener. Gua lebih ikhlas pajak gua dipake ngegaji petugas pemadam daripada ngegaji polisi.",kalo ada apa mending ke pemadam kebakaran udah bener gua lebih ikhlas pajak gua dipake ngegaji petugas pemadam daripada ngegaji polisi,kalau ada apa mending ke pemadam kebakaran udah bener gua lebih ikhlas pajak gua dipake ngegaji petugas pemadam daripada ngegaji polisi,kalau ada apa mending pemadam kebakaran udah bener gua lebih ikhlas pajak gua dipake ngegaji petugas pemadam daripada ngegaji polisi,kalau ada apa nding madam bakaran udah bener gua lebih ikhlas pajak gua pake ngegaj tugas madam daripada ngegaj polis
2039492725201117612,2026-04-01T23:58:52.000Z,0,"Plt Kepala Dinas Pemadam Kebakaran Kota Bekasi Heriyanto mengatakan, upaya pemadaman masih terus dilakukan oleh petugas. Di sisi lain, warga setempat, Bayu menyebut, kebakaran merembet ke permukiman penduduk di sana. Ketika api besar, penghuni rumah mengungsi lebih dulu",2039492725201117612,,,in,,0,0,0,https://x.com/mediaindonesia/status/2039492725201117612,68930552,mediaindonesia,"Plt Kepala Dinas Pemadam Kebakaran Kota Bekasi Heriyanto mengatakan, upaya pemadaman masih terus dilakukan oleh petugas. Di sisi lain, warga setempat, Bayu menyebut, kebakaran merembet ke permukiman penduduk di sana. Ketika api besar, penghuni rumah mengungsi lebih dulu",plt kepala dinas pemadam kebakaran kota bekasi heriyanto mengatakan upaya pemadaman masih terus dilakukan oleh petugas di sisi lain warga setempat bayu menyebut kebakaran merembet ke permukiman penduduk di sana ketika api besar penghuni rumah mengungsi lebih dulu,plt kepala dinas pemadam kebakaran kota bekasi heriyanto mengatakan upaya pemadaman masih terus dilakukan oleh petugas di sisi lain warga setempat bayu menyebut kebakaran merembet ke permukiman penduduk di sana ketika api besar penghuni rumah mengungsi lebih dulu,plt kepala dinas pemadam kebakaran kota bekasi heriyanto mengatakan upaya pemadaman masih terus dilakukan oleh petugas sisi lain warga setempat bayu menyebut kebakaran merembet permukiman penduduk sana ketika api besar penghuni rumah mengungsi lebih dulu,plt pala nas madam bakaran kota bekas heriyanto ngata upaya madaman masih us laku oleh tugas sis lain warga setempat bayu nyebut bakaran rembet rmukiman nduduk sana tika ap besar nghun rumah ngungs lebih dulu
2045091988064911486,2026-04-17T10:48:20.000Z,0,sumpah kaget kirain tadi pake seragam pemadam kebakaran sini😭 https://t.co/sm5Udr9YRw,2045091988064911486,https://pbs.twimg.com/ext_tw_video_thumb/2045046007491387392/pu/img/DdiHkVavsZZruxqe.jpg,,in,,0,0,0,https://x.com/ujibaragi/status/2045091988064911486,126363940,ujibaragi,sumpah kaget kirain tadi pake seragam pemadam kebakaran sini😭 https://t.co/sm5Udr9YRw,sumpah kaget kirain tadi pake seragam pemadam kebakaran sini,sumpah kaget kirain tadi pake seragam pemadam kebakaran sini,sumpah kaget kirain tadi pake seragam pemadam kebakaran sini,sumpah kaget kirain tad pake seragam madam bakaran sin
2044704471880761662,2026-04-16T09:08:29.000Z,0,woy ini pemadam kebakaran lewat 3 kali.....,2044704471880761662,,,in,,0,1,0,https://x.com/dalkyuma/status/2044704471880761662,1195750553600417792,dalkyuma,woy ini pemadam kebakaran lewat 3 kali.....,woy ini pemadam kebakaran lewat kali,woy ini pemadam kebakaran lewat kali,woy pemadam kebakaran lewat kali,woy madam bakaran lewat kal
2044339964805079188,2026-04-15T09:00:04.000Z,6,"[nihao] kalau gak salah sempat booming dracin tentang dokter sama pemadam kebakaran ya (?) Atau sejenisnya sender lupa, belum sempat di masukkan ke watchlist judulnya juga lupa ada yang bisa kasih tau judul nya?",2044339964805079188,,,in,,0,9,0,https://x.com/mandarinfess/status/2044339964805079188,1263156707833704451,mandarinfess,"[nihao] kalau gak salah sempat booming dracin tentang dokter sama pemadam kebakaran ya (?) Atau sejenisnya sender lupa, belum sempat di masukkan ke watchlist judulnya juga lupa ada yang bisa kasih tau judul nya?",nihao kalau gak salah sempat booming dracin tentang dokter sama pemadam kebakaran ya atau sejenisnya sender lupa belum sempat di masukkan ke watchlist judulnya juga lupa ada yang bisa kasih tau judul nya,nihao kalau tidak salah sempat booming dracin tentang dokter sama pemadam kebakaran ya atau sejenisnya sender lupa belum sempat di masukkan ke watchlist judulnya juga lupa ada yang bisa kasih tau judul nya,nihao kalau tidak salah sempat booming dracin tentang dokter sama pemadam kebakaran ya sejenisnya sender lupa belum sempat masukkan watchlist judulnya lupa ada bisa kasih tau judul nya,nihao kalau tidak sa sempat booming dracin tentang dokter sama madam bakaran ya sejenis sender lupa belum sempat masuk watchlist judul lupa ada bisa kasih tau judul 
2038473249294791017,2026-03-30T04:27:50.000Z,0,"Tim RESCUE Pemadam Kebakaran Bengkulu Selatan menindak lanjuti laporan Bapak Rudianto untuk mengevakuasi sarang tawon Vespa Affinis pada hari Senin, 30 Maret 2026 pukul 10.00 WIB. 

Lokasi sarang tawon tersebut berada di SMPN 5 BS, Jl. Raya Kelutum

https://t.co/Sv1ZHnqlnP",2038473249294791017,,,in,,0,0,0,https://x.com/damkarbs/status/2038473249294791017,1390080853569458177,damkarbs,"Tim RESCUE Pemadam Kebakaran Bengkulu Selatan menindak lanjuti laporan Bapak Rudianto untuk mengevakuasi sarang tawon Vespa Affinis pada hari Senin, 30 Maret 2026 pukul 10.00 WIB. 

Lokasi sarang tawon tersebut berada di SMPN 5 BS, Jl. Raya Kelutum

https://t.co/Sv1ZHnqlnP",tim rescue pemadam kebakaran bengkulu selatan menindak lanjuti laporan bapak rudianto untuk mengevakuasi sarang tawon vespa affinis pada hari senin maret pukul wib lokasi sarang tawon tersebut berada di smpn bs jl raya kelutum,tim rescue pemadam kebakaran bengkulu selatan menindak lanjuti laporan bapak rudianto untuk mengevakuasi sarang tawon vespa affinis pada hari senin maret pukul wib lokasi sarang tawon tersebut berada di smpn bs jl raya kelutum,tim rescue pemadam kebakaran bengkulu selatan menindak lanjuti laporan bapak rudianto mengevakuasi sarang tawon vespa affinis hari senin maret pukul wib lokasi sarang tawon tersebut berada smpn bs jl raya kelutum,tim rescue madam bakaran bengkulu selatan nindak lanjut laporan bapak rudianto ngevakuas sarang tawon vespa affinis har senin maret pukul wib lokas sarang tawon sebut berada smpn bs jl raya lutum
2042077032381870247,2026-04-10T01:49:04.000Z,0,"@DivHumas_Polri :/ emangnya polri sdh komitmen sm kerjaannya.

Malah ngurus mbg dan jadi petani. Badgenya serahin aja ke pemadam kebakaran, masa sekarang begal diurus sm pemadam kebakaran. Nuntut macem2 tp sendirinya jobdesk dilupain. Rakyat jg berhak nuntut.",2042419562663301509,,DivHumas_Polri,in,,0,0,0,https://x.com/kokamugithu/status/2042419562663301509,79994626,kokamugithu,"@DivHumas_Polri :/ emangnya polri sdh komitmen sm kerjaannya.

Malah ngurus mbg dan jadi petani. Badgenya serahin aja ke pemadam kebakaran, masa sekarang begal diurus sm pemadam kebakaran. Nuntut macem2 tp sendirinya jobdesk dilupain. Rakyat jg berhak nuntut.",emangnya polri sdh komitmen sm kerjaannya malah ngurus mbg dan jadi petani badgenya serahin aja ke pemadam kebakaran masa sekarang begal diurus sm pemadam kebakaran nuntut macem tp sendirinya jobdesk dilupain rakyat jg berhak nuntut,emangnya polri sudah komitmen sm kerjaannya malah ngurus mbg dan jadi petani badgenya serahin aja ke pemadam kebakaran masa sekarang begal diurus sm pemadam kebakaran nuntut macem tapi sendirinya jobdesk dilupain rakyat juga berhak nuntut,emangnya polri komitmen sm kerjaannya malah ngurus mbg jadi petani badgenya serahin aja pemadam kebakaran masa sekarang begal diurus sm pemadam kebakaran nuntut macem tapi sendirinya jobdesk dilupain rakyat berhak nuntut,emang polr komitmen sm rjaan ma ngurus mbg jad tan badge serahin aja madam bakaran masa sekarang begal urus sm madam bakaran nuntut macem tap sendir jobdesk lupain rakyat berhak nuntut
2045037318550274540,2026-04-17T07:11:06.000Z,6,"Kecelakaan yang melibatkan ambulans swasta yang sedang mengangkut pasien darurat terus terjadi di wilayah Gangwon.

Menurut kepolisian dan otoritas pemadam kebakaran
di Jalan Nasional 59 dekat Jembatan Uam di Songjeong-ri, Jinbu-myeon, Pyeongchang-gun, sebuah ambulans swasta yang https://t.co/3QeHXinjt1",2045037318550274540,https://pbs.twimg.com/media/HGFumOUaAAAEvSd.png,,in,,1,1,2,https://x.com/tang__kira/status/2045037318550274540,1211794832,tang__kira,"Kecelakaan yang melibatkan ambulans swasta yang sedang mengangkut pasien darurat terus terjadi di wilayah Gangwon.

Menurut kepolisian dan otoritas pemadam kebakaran
di Jalan Nasional 59 dekat Jembatan Uam di Songjeong-ri, Jinbu-myeon, Pyeongchang-gun, sebuah ambulans swasta yang https://t.co/3QeHXinjt1",kecelakaan yang melibatkan ambulans swasta yang sedang mengangkut pasien darurat terus terjadi di wilayah gangwon menurut kepolisian dan otoritas pemadam kebakaran di jalan nasional dekat jembatan uam di songjeong ri jinbu myeon pyeongchang gun sebuah ambulans swasta yang,kecelakaan yang melibatkan ambulans swasta yang sedang mengangkut pasien darurat terus terjadi di wilayah gangwon menurut kepolisian dan otoritas pemadam kebakaran di jalan nasional dekat jembatan uam di songjeong ri jinbu myeon pyeongchang gun sebuah ambulans swasta yang,kecelakaan melibatkan ambulans swasta sedang mengangkut pasien darurat terus terjadi wilayah gangwon menurut kepolisian otoritas pemadam kebakaran jalan nasional dekat jembatan uam songjeong ri jinbu myeon pyeongchang gun ambulans swasta,celakaan libat ambulans swasta sedang ngangkut pasien darurat us jad wilayah gangwon nurut polisian otoritas madam bakaran jalan nasional dekat jembatan uam songjeong r jinbu myeon pyeongchang gun ambulans swasta
2044184967769649198,2026-04-14T22:44:13.000Z,4,"Outlet nya ada 3 ya :

STORE PUSAT — Jln. KS Tubun (depan pemadam kebakaran) Tegal, Debong Randugunting.

CABANG 1 — Jln. Raya Banjaran (dekat basa toserba Banjaran) Adiwerna, Tegal.

Cirebon : Cipto Park Kosambi Cirebon, Blok E No.02

Kalo yg jauh kesana jangan sedih girls ada https://t.co/ZXAjhjYbj7",2044184982906908768,https://pbs.twimg.com/media/HF5nZrpasAALL_1.jpg,terserahajaaku,in,,0,1,0,https://x.com/terserahajaaku/status/2044184982906908768,1942996133279842304,terserahajaaku,"Outlet nya ada 3 ya :

STORE PUSAT — Jln. KS Tubun (depan pemadam kebakaran) Tegal, Debong Randugunting.

CABANG 1 — Jln. Raya Banjaran (dekat basa toserba Banjaran) Adiwerna, Tegal.

Cirebon : Cipto Park Kosambi Cirebon, Blok E No.02

Kalo yg jauh kesana jangan sedih girls ada https://t.co/ZXAjhjYbj7",outlet nya ada ya store pusat jln ks tubun depan pemadam kebakaran tegal debong randugunting cabang jln raya banjaran dekat basa toserba banjaran adiwerna tegal cirebon cipto park kosambi cirebon blok e no kalo yg jauh kesana jangan sedih girls ada,outlet nya ada ya store pusat jln ks tubun depan pemadam kebakaran tegal debong randugunting cabang jln raya banjaran dekat basa toserba banjaran adiwerna tegal cirebon cipto park kosambi cirebon blok e no kalau yang jauh kesana jangan sedih girls ada,outlet nya ada ya store pusat jln ks tubun depan pemadam kebakaran tegal debong randugunting cabang jln raya banjaran dekat basa toserba banjaran adiwerna tegal cirebon cipto park kosambi cirebon blok e no kalau jauh kesana jangan sedih girls ada,outlet  ada ya store pusat jln ks tubun depan madam bakaran tegal debong randugunting cabang jln raya banjaran dekat basa toserba banjaran adiwerna tegal cirebon cipto park kosamb cirebon blok e no kalau jauh sana jangan sedih girls ada
2042880860819439903,2026-04-11T08:22:06.000Z,43,"Halo BEUS indonesia, untuk merayakan Birthday  HEART, temukan poster HEART ya!🩷

📍 Blok M, Jakarta
Detail lokasi: 
- Blok M Hub depan pintu keluar dan masuk di bawah mrt 
- Pemadam kebakaran samping M hotel 
- tiang listrik Samping m hotel 

jika menemukan jangan lupa untuk https://t.co/kyFRmCaeb8",2042880860819439903,https://pbs.twimg.com/media/HFnFSvvakAkIZ0B.jpg,,in,,3,1,54,https://x.com/HEARTCHUINA/status/2042880860819439903,2039137543048880128,HEARTCHUINA,"Halo BEUS indonesia, untuk merayakan Birthday  HEART, temukan poster HEART ya!🩷

📍 Blok M, Jakarta
Detail lokasi: 
- Blok M Hub depan pintu keluar dan masuk di bawah mrt 
- Pemadam kebakaran samping M hotel 
- tiang listrik Samping m hotel 

jika menemukan jangan lupa untuk https://t.co/kyFRmCaeb8",halo beus indonesia untuk merayakan birthday heart temukan poster heart ya blok m jakarta detail lokasi blok m hub depan pintu keluar dan masuk di bawah mrt pemadam kebakaran samping m hotel tiang listrik samping m hotel jika menemukan jangan lupa untuk,halo beus indonesia untuk merayakan birthday heart temukan poster heart ya blok m jakarta detail lokasi blok m hub depan pintu keluar dan masuk di bawah mrt pemadam kebakaran samping m hotel tiang listrik samping m hotel jika menemukan jangan lupa untuk,halo beus indonesia merayakan birthday heart temukan poster heart ya blok m jakarta detail lokasi blok m hub depan pintu keluar masuk bawah mrt pemadam kebakaran samping m hotel tiang listrik samping m hotel jika menemukan jangan lupa,halo beus indonesia raya birthday heart temu poster heart ya blok m jakarta detail lokas blok m hub depan pintu luar masuk bawah mrt madam bakaran samping m hotel tiang listrik samping m hotel jika nemu jangan lupa
2044738087935500744,2026-04-16T11:31:34.000Z,0,@narawlndrii kan dh gw bilang gue udh siapin nomor pemadam kebakaran,2044740479200428298,,narawlndrii,in,,0,1,0,https://x.com/179dump/status/2044740479200428298,1630551352047976448,179dump,@narawlndrii kan dh gw bilang gue udh siapin nomor pemadam kebakaran,kan dh gw bilang gue udh siapin nomor pemadam kebakaran,kan dh saya bilang saya sudah siapin nomor pemadam kebakaran,kan dh bilang siapin nomor pemadam kebakaran, dh bilang siapin nomor madam bakaran
2044026218618761379,2026-04-14T12:13:21.000Z,1,"Tentara Israel mengumumkan kematian pengemudi truk pemadam kebakaran di brigade ""Barak"" selama pertempuran di Lebanon Selatan, dan 3 orang lainnya cedera parah 🔥

GO TO HELL https://t.co/Ut9sNhVqMi",2044026218618761379,https://pbs.twimg.com/media/HF3XA5YaAAEJbL9.jpg,,in,,0,0,0,https://x.com/Onl1Jb/status/2044026218618761379,1473951054744068100,Onl1Jb,"Tentara Israel mengumumkan kematian pengemudi truk pemadam kebakaran di brigade ""Barak"" selama pertempuran di Lebanon Selatan, dan 3 orang lainnya cedera parah 🔥

GO TO HELL https://t.co/Ut9sNhVqMi",tentara israel mengumumkan kematian pengemudi truk pemadam kebakaran di brigade barak selama pertempuran di lebanon selatan dan orang lainnya cedera parah go to hell,tentara israel mengumumkan kematian pengemudi truk pemadam kebakaran di brigade barak selama pertempuran di lebanon selatan dan orang lainnya cedera parah go to hell,tentara israel mengumumkan kematian pengemudi truk pemadam kebakaran brigade barak selama pertempuran lebanon selatan orang lainnya cedera parah go to hell,tentara israel ngumum matian ngemud truk madam bakaran brigade barak selama rtempuran lebanon selatan orang lain cedera parah go to hell
2045015871194865962,2026-04-17T05:45:52.000Z,0,"Komitmen Tingkatkan Kompetensi
Sebanyak empat aparatur pemadam kebakaran BPBD DIY saat ini tengah mengikuti Pelatihan Pemadam Kebakaran Kualifikasi Pemadam I yang diselenggarakan di Balai Pelatihan Kompetensi Fungsional APDN, Bogor. https://t.co/gdnM0EShLX",2045015871194865962,https://pbs.twimg.com/amplify_video_thumb/2045015599580131328/img/Afx-QElPhF_EiqyC.jpg,,in,,0,1,0,https://x.com/BPBDDIY/status/2045015871194865962,758572219,BPBDDIY,"Komitmen Tingkatkan Kompetensi
Sebanyak empat aparatur pemadam kebakaran BPBD DIY saat ini tengah mengikuti Pelatihan Pemadam Kebakaran Kualifikasi Pemadam I yang diselenggarakan di Balai Pelatihan Kompetensi Fungsional APDN, Bogor. https://t.co/gdnM0EShLX",komitmen tingkatkan kompetensi sebanyak empat aparatur pemadam kebakaran bpbd diy saat ini tengah mengikuti pelatihan pemadam kebakaran kualifikasi pemadam i yang diselenggarakan di balai pelatihan kompetensi fungsional apdn bogor,komitmen tingkatkan kompetensi sebanyak empat aparatur pemadam kebakaran bpbd diy saat ini tengah mengikuti pelatihan pemadam kebakaran kualifikasi pemadam i yang diselenggarakan di balai pelatihan kompetensi fungsional apdn bogor,komitmen tingkatkan kompetensi sebanyak empat aparatur pemadam kebakaran bpbd diy saat tengah mengikuti pelatihan pemadam kebakaran kualifikasi pemadam i diselenggarakan balai pelatihan kompetensi fungsional apdn bogor,komitmen tingkat kompetens sebanyak empat aparatur madam bakaran bpbd y saat tengah ngikut latihan madam bakaran kualifikas madam  selenggara bala latihan kompetens fungsional apdn bogor
2044219030488400182,2026-04-15T14:17:52.000Z,0,"@nbt_27_ @RadioElshinta Bos, ini kasus yg menimpa pemadam kebakaran yang menjadi satu satunya kebanggaan kita dan menolong masyarakat, gue ga terima dia dibegal menurut gue itu kejahatan luar biasa setara terorisme!!!",2044419943505256691,,nbt_27_,in,,0,0,0,https://x.com/Mecix11/status/2044419943505256691,2043346577344143360,Mecix11,"@nbt_27_ @RadioElshinta Bos, ini kasus yg menimpa pemadam kebakaran yang menjadi satu satunya kebanggaan kita dan menolong masyarakat, gue ga terima dia dibegal menurut gue itu kejahatan luar biasa setara terorisme!!!",bos ini kasus yg menimpa pemadam kebakaran yang menjadi satu satunya kebanggaan kita dan menolong masyarakat gue ga terima dia dibegal menurut gue itu kejahatan luar biasa setara terorisme,bos ini kasus yang menimpa pemadam kebakaran yang menjadi satu satunya kebanggaan kita dan menolong masyarakat saya tidak terima dia dibegal menurut saya itu kejahatan luar biasa setara terorisme,bos kasus menimpa pemadam kebakaran menjadi satu satunya kebanggaan menolong masyarakat tidak terima dibegal menurut kejahatan luar biasa setara terorisme,bos kasus nimpa madam bakaran njad satu satu banggaan nolong masyarakat tidak ima begal nurut jahatan luar biasa setara orisme
2045260878665380333,2026-04-17T21:59:27.000Z,0,"Satlantas Polresta Sidoarjo melalui program Police Goes to Pesantren hadir di Ponpes Al Amanah Krian, menanamkan disiplin dan keselamatan berlalu lintas sejak dini. Tak hanya berbagi materi, para santri juga dibekali safety 
#PolrestaSidoarjo
#PolriUntukMasyarakat
#SafetyRiding https://t.co/jCqFrRUxLK",2045260878665380333,https://pbs.twimg.com/media/HGI57hbaQAA5mqV.jpg,,in,,0,0,0,https://x.com/NandaSukem90585/status/2045260878665380333,1936253302465032192,NandaSukem90585,"Satlantas Polresta Sidoarjo melalui program Police Goes to Pesantren hadir di Ponpes Al Amanah Krian, menanamkan disiplin dan keselamatan berlalu lintas sejak dini. Tak hanya berbagi materi, para santri juga dibekali safety 
#PolrestaSidoarjo
#PolriUntukMasyarakat
#SafetyRiding https://t.co/jCqFrRUxLK",satlantas polresta sidoarjo melalui program police goes to pesantren hadir di ponpes al amanah krian menanamkan disiplin dan keselamatan berlalu lintas sejak dini tak hanya berbagi materi para santri juga dibekali safety polrestasidoarjo polriuntukmasyarakat safetyriding,satlantas polresta sidoarjo melalui program police goes to pesantren hadir di ponpes al amanah krian menanamkan disiplin dan keselamatan berlalu lintas sejak dini tak hanya berbagi materi para santri juga dibekali safety polrestasidoarjo polriuntukmasyarakat safetyriding,satlantas polresta sidoarjo melalui program police goes to pesantren hadir ponpes al amanah krian menanamkan disiplin keselamatan berlalu lintas sejak dini tak hanya berbagi materi para santri dibekali safety polrestasidoarjo polriuntukmasyarakat safetyriding,satlantas polresta sidoarjo lalu program police goes to santren hadir ponpes al amanah krian nanam siplin selamatan berlalu lintas sejak n tak ha berbag mater para santr bekal safety polrestasidoarjo polriuntukmasyarakat safetyriding
2036274061484097719,2026-03-24T02:49:03.000Z,0,"Pesawat Air Canada dilaporkan bertabrakan hebat dengan kendaraan penyelamat pemadam kebakaran saat sedang mendarat.

https://t.co/vYYmAE1VTB",2036274061484097719,,,in,,0,0,0,https://x.com/mediaindonesia/status/2036274061484097719,68930552,mediaindonesia,"Pesawat Air Canada dilaporkan bertabrakan hebat dengan kendaraan penyelamat pemadam kebakaran saat sedang mendarat.

https://t.co/vYYmAE1VTB",pesawat air canada dilaporkan bertabrakan hebat dengan kendaraan penyelamat pemadam kebakaran saat sedang mendarat,pesawat air canada dilaporkan bertabrakan hebat dengan kendaraan penyelamat pemadam kebakaran saat sedang mendarat,pesawat air canada dilaporkan bertabrakan hebat kendaraan penyelamat pemadam kebakaran saat sedang mendarat,sawat air canada lapor bertabra hebat ndaraan nyelamat madam bakaran saat sedang ndarat
2044342701559328805,2026-04-15T09:10:56.000Z,0,Kenapa pemadam kebakaran di Jepang ganteng2😭,2044342701559328805,,,in,,0,0,0,https://x.com/whosvee0/status/2044342701559328805,1633659810821574656,whosvee0,Kenapa pemadam kebakaran di Jepang ganteng2😭,kenapa pemadam kebakaran di jepang ganteng,kenapa pemadam kebakaran di jepang ganteng,kenapa pemadam kebakaran jepang ganteng,napa madam bakaran jepang ganteng
2043297457166287192,2026-04-12T11:57:31.000Z,1,"Waspada saat meninggalkan rumah, gara-gara api tungku belum padam saat ditinggal kenduri, dapur warga di Kalikuning Tulakan ludes terbakar semalam. Jadikan pelajaran agar lebih teliti, simak kronologi lengkapnya di sini 👇

https://t.co/6e6fWXXK1Y",2043297457166287192,,,in,,0,0,0,https://x.com/Pacitanku/status/2043297457166287192,1394260704,Pacitanku,"Waspada saat meninggalkan rumah, gara-gara api tungku belum padam saat ditinggal kenduri, dapur warga di Kalikuning Tulakan ludes terbakar semalam. Jadikan pelajaran agar lebih teliti, simak kronologi lengkapnya di sini 👇

https://t.co/6e6fWXXK1Y",waspada saat meninggalkan rumah gara gara api tungku belum padam saat ditinggal kenduri dapur warga di kalikuning tulakan ludes terbakar semalam jadikan pelajaran agar lebih teliti simak kronologi lengkapnya di sini,waspada saat meninggalkan rumah gara gara api tungku belum padam saat ditinggal kenduri dapur warga di kalikuning tulakan ludes terbakar semalam jadikan pelajaran agar lebih teliti simak kronologi lengkapnya di sini,waspada saat meninggalkan rumah gara gara api tungku belum padam saat ditinggal kenduri dapur warga kalikuning tulakan ludes terbakar semalam jadikan pelajaran agar lebih teliti simak kronologi lengkapnya sini,waspada saat ninggal rumah gara gara ap tung belum padam saat tinggal ndur dapur warga kalikuning tula ludes bakar semalam jadi lajaran agar lebih telit simak kronolog lengkap sin
2044834441948971145,2026-04-16T17:44:56.000Z,0,"Ambulans, pemadam kebakaran, polisi, mbg",2044834441948971145,,,in,,0,0,0,https://x.com/rayuanq/status/2044834441948971145,1867878933317992448,rayuanq,"Ambulans, pemadam kebakaran, polisi, mbg",ambulans pemadam kebakaran polisi mbg,ambulans pemadam kebakaran polisi mbg,ambulans pemadam kebakaran polisi mbg,ambulans madam bakaran polis mbg
2045193818358845465,2026-04-17T17:33:34.000Z,0,"Kemenkum Jabar pastikan draf RDTR Karawang sudah akomodir rencana  pembangunan pos pemadam kebakaran. Tata ruang harus dukung respon cepat darurat melalui penyediaan lokasi strategis di tiap kecamatan.

Kemenkum Jabar - Asep Sutandar",2045193967856488671,,kemenkumjabar,in,,0,0,0,https://x.com/kemenkumjabar/status/2045193967856488671,1177725229,kemenkumjabar,"Kemenkum Jabar pastikan draf RDTR Karawang sudah akomodir rencana  pembangunan pos pemadam kebakaran. Tata ruang harus dukung respon cepat darurat melalui penyediaan lokasi strategis di tiap kecamatan.

Kemenkum Jabar - Asep Sutandar",kemenkum jabar pastikan draf rdtr karawang sudah akomodir rencana pembangunan pos pemadam kebakaran tata ruang harus dukung respon cepat darurat melalui penyediaan lokasi strategis di tiap kecamatan kemenkum jabar asep sutandar,kemenkum jabar pastikan draf rdtr karawang sudah akomodir rencana pembangunan pos pemadam kebakaran tata ruang harus dukung respon cepat darurat melalui penyediaan lokasi strategis di tiap kecamatan kemenkum jabar asep sutandar,kemenkum jabar pastikan draf rdtr karawang akomodir rencana pembangunan pos pemadam kebakaran tata ruang harus dukung respon cepat darurat melalui penyediaan lokasi strategis tiap kecamatan kemenkum jabar asep sutandar,menkum jabar pasti draf rdtr karawang akomodir rencana mbangunan pos madam bakaran tata ruang harus dukung respon cepat darurat lalu nyediaan lokas strategis tiap camatan menkum jabar asep sutandar
2044267513274675397,2026-04-15T04:12:10.000Z,0,"Dalam rangka mengantisipasi terjadinya kebakaran hutan dan lahan (Karhutla), Kapolres Tanjab Timur AKBP Ade Candra, S.P., S.I.K. bersama Wakapolres Tanjab Timur Kompol M. Ridha, M.M. melaksanakan pengecekan langsung terhadap peralatan pemadam Karhutla milik Polres Tanjab Timur. https://t.co/PrEpmqLAHC",2044267513274675397,https://pbs.twimg.com/media/HF6ycafaMAApMJn.jpg,,in,,0,0,0,https://x.com/Polrestanjabtim/status/2044267513274675397,1285115386371772416,Polrestanjabtim,"Dalam rangka mengantisipasi terjadinya kebakaran hutan dan lahan (Karhutla), Kapolres Tanjab Timur AKBP Ade Candra, S.P., S.I.K. bersama Wakapolres Tanjab Timur Kompol M. Ridha, M.M. melaksanakan pengecekan langsung terhadap peralatan pemadam Karhutla milik Polres Tanjab Timur. https://t.co/PrEpmqLAHC",dalam rangka mengantisipasi terjadinya kebakaran hutan dan lahan karhutla kapolres tanjab timur akbp ade candra s p s i k bersama wakapolres tanjab timur kompol m ridha m m melaksanakan pengecekan langsung terhadap peralatan pemadam karhutla milik polres tanjab timur,dalam rangka mengantisipasi terjadinya kebakaran hutan dan lahan karhutla kapolres tanjab timur akbp ade candra s p s i k bersama wakapolres tanjab timur kompol m ridha m m melaksanakan pengecekan langsung terhadap peralatan pemadam karhutla milik polres tanjab timur,rangka mengantisipasi terjadinya kebakaran hutan lahan karhutla kapolres tanjab timur akbp ade candra s p s i k bersama wakapolres tanjab timur kompol m ridha m m melaksanakan pengecekan langsung terhadap peralatan pemadam karhutla milik polres tanjab timur,rangka ngantisipas jad bakaran hutan lahan karhutla kapolres tanjab timur akbp ade candra s p s  k bersama wakapolres tanjab timur kompol m ridha m m laksana ngece langsung hadap ralatan madam karhutla milik polres tanjab timur
2032271143982538970,2026-03-13T01:42:53.000Z,3,"#SSInfo: Pelayanan yang berkaitan langsung dengan keselamatan dan kebutuhan dasar masyarakat tidak boleh terhenti. 

Eri Cahyadi Wali Kota Surabaya memastikan sejumlah dinas tetap siaga selama 24 jam dengan sistem rotasi, di antaranya Dinas Kesehatan, Dinas Pemadam Kebakaran dan",2032271143982538970,,,in,,0,1,0,https://x.com/e100ss/status/2032271143982538970,848614550,e100ss,"#SSInfo: Pelayanan yang berkaitan langsung dengan keselamatan dan kebutuhan dasar masyarakat tidak boleh terhenti. 

Eri Cahyadi Wali Kota Surabaya memastikan sejumlah dinas tetap siaga selama 24 jam dengan sistem rotasi, di antaranya Dinas Kesehatan, Dinas Pemadam Kebakaran dan",ssinfo pelayanan yang berkaitan langsung dengan keselamatan dan kebutuhan dasar masyarakat tidak boleh terhenti eri cahyadi wali kota surabaya memastikan sejumlah dinas tetap siaga selama jam dengan sistem rotasi di antaranya dinas kesehatan dinas pemadam kebakaran dan,ssinfo pelayanan yang berkaitan langsung dengan keselamatan dan kebutuhan dasar masyarakat tidak boleh terhenti eri cahyadi wali kota surabaya memastikan sejumlah dinas tetap siaga selama jam dengan sistem rotasi di antaranya dinas kesehatan dinas pemadam kebakaran dan,ssinfo pelayanan berkaitan langsung keselamatan kebutuhan dasar masyarakat tidak boleh terhenti eri cahyadi wali kota surabaya memastikan sejumlah dinas tetap siaga selama jam sistem rotasi antaranya dinas kesehatan dinas pemadam kebakaran,ssinfo layanan berkaitan langsung selamatan butuhan dasar masyarakat tidak boleh hent er cahyad wal kota surabaya masti sejum nas tetap siaga selama jam sistem rotas antara nas sehatan nas madam bakaran
2045027633948467529,2026-04-17T06:32:37.000Z,0,"Medan Curam 45 Derajat, SAR Berhasil Evakuasi 8 Korban Helikopter PK-CFX https://t.co/QuHQjzM2jA",2045027633948467529,,,in,,0,0,0,https://x.com/IDNTimesKaltim/status/2045027633948467529,1318854352069554177,IDNTimesKaltim,"Medan Curam 45 Derajat, SAR Berhasil Evakuasi 8 Korban Helikopter PK-CFX https://t.co/QuHQjzM2jA",medan curam derajat sar berhasil evakuasi korban helikopter pk cfx,medan curam derajat sar berhasil evakuasi korban helikopter pk cfx,medan curam derajat sar berhasil evakuasi korban helikopter pk cfx,dan curam derajat sar berhasil evakuas korban helikopter pk cfx
2044317550662791534,2026-04-15T07:31:00.000Z,3,"Terjadi kebakaran di Jl. Dipatiunus, Kecamatan Cibodas, Kota Tangerang pada tanggal 15 April 2026, pukul 13:03 WIB . Pemadam kebakaran sudah berada di lokasi. (ig:@about.perumtng) https://t.co/qjDXqWa1a6",2044317550662791534,https://pbs.twimg.com/amplify_video_thumb/2044317301219176450/img/szTp-5wSst0Z1_ry.jpg,,in,,0,0,0,https://x.com/SonoraFM92/status/2044317550662791534,180696019,SonoraFM92,"Terjadi kebakaran di Jl. Dipatiunus, Kecamatan Cibodas, Kota Tangerang pada tanggal 15 April 2026, pukul 13:03 WIB . Pemadam kebakaran sudah berada di lokasi. (ig:@about.perumtng) https://t.co/qjDXqWa1a6",terjadi kebakaran di jl dipatiunus kecamatan cibodas kota tangerang pada tanggal april pukul wib pemadam kebakaran sudah berada di lokasi ig perumtng,terjadi kebakaran di jl dipatiunus kecamatan cibodas kota tangerang pada tanggal april pukul wib pemadam kebakaran sudah berada di lokasi ig perumtng,terjadi kebakaran jl dipatiunus kecamatan cibodas kota tangerang tanggal april pukul wib pemadam kebakaran berada lokasi ig perumtng,jad bakaran jl patiunus camatan cibodas kota tangerang tanggal april pukul wib madam bakaran berada lokas ig rumtng
2042804958291202372,2026-04-11T03:20:30.000Z,1,Dinas Pemadam Kebakaran dan Penyelamatan Kabupaten Banyuwangi melalui Bidang Pencegahan melaksanakan kegiatan monitoring dan inspeksi alat proteksi kebakaran sebagai upaya memastikan kesiapan sarana proteksi kebakaran di lingkungan bangunan. https://t.co/QG3yC64fsG,2042804958291202372,https://pbs.twimg.com/ext_tw_video_thumb/2042804914674634753/pu/img/bV4YXW8ZfiK2SEKV.jpg,,in,,0,0,0,https://x.com/BwiDamkar/status/2042804958291202372,1620611682069544970,BwiDamkar,Dinas Pemadam Kebakaran dan Penyelamatan Kabupaten Banyuwangi melalui Bidang Pencegahan melaksanakan kegiatan monitoring dan inspeksi alat proteksi kebakaran sebagai upaya memastikan kesiapan sarana proteksi kebakaran di lingkungan bangunan. https://t.co/QG3yC64fsG,dinas pemadam kebakaran dan penyelamatan kabupaten banyuwangi melalui bidang pencegahan melaksanakan kegiatan monitoring dan inspeksi alat proteksi kebakaran sebagai upaya memastikan kesiapan sarana proteksi kebakaran di lingkungan bangunan,dinas pemadam kebakaran dan penyelamatan kabupaten banyuwangi melalui bidang pencegahan melaksanakan kegiatan monitoring dan inspeksi alat proteksi kebakaran sebagai upaya memastikan kesiapan sarana proteksi kebakaran di lingkungan bangunan,dinas pemadam kebakaran penyelamatan kabupaten banyuwangi melalui bidang pencegahan melaksanakan kegiatan monitoring inspeksi alat proteksi kebakaran sebagai upaya memastikan kesiapan sarana proteksi kebakaran lingkungan bangunan,nas madam bakaran nyelamatan kabupaten banyuwang lalu bidang ncegahan laksana giatan monitoring inspeks alat proteks bakaran sebaga upaya masti siapan sarana proteks bakaran lingkungan bangunan
2043478902501458034,2026-04-12T23:58:31.000Z,0,"AKSI “JUMAT KERAMAT”, LSM GEMPITA DESAK POLISI USUT TUNTAS KEBAKARAN SUMUR MINYAK ILEGAL DAN COPOT KAPOLSEK KELUANG -  https://t.co/G0JyDmM22l https://t.co/675vEvgm5x",2043478902501458034,https://pbs.twimg.com/media/HFvlO6oaoAAcuxO.jpg,,in,,0,0,0,https://x.com/domainrakyatcom/status/2043478902501458034,1151151013,domainrakyatcom,"AKSI “JUMAT KERAMAT”, LSM GEMPITA DESAK POLISI USUT TUNTAS KEBAKARAN SUMUR MINYAK ILEGAL DAN COPOT KAPOLSEK KELUANG -  https://t.co/G0JyDmM22l https://t.co/675vEvgm5x",aksi jumat keramat lsm gempita desak polisi usut tuntas kebakaran sumur minyak ilegal dan copot kapolsek keluang,aksi jumat keramat lsm gempita desak polisi usut tuntas kebakaran sumur minyak ilegal dan copot kapolsek keluang,aksi jumat keramat lsm gempita desak polisi usut tuntas kebakaran sumur minyak ilegal copot kapolsek keluang,aks jumat ramat lsm gempita desak polis usut tuntas bakaran sumur minyak ilegal copot kapolsek luang
2045263866259714294,2026-04-17T22:11:19.000Z,0,"Komsos ke Warga, Babinsa Bahas Pentingnya Hidup Sehat di Lingkungan Bersih 

Melalui kegiatan komunikasi sosial, Babinsa Koramil 15/Gemolong Kodim 0725/Sragen Serka Sumanto mengajak warga binaan untuk membiasakan hidup sehat di lingkungan yang bersih, Jum’at (17/04/2026). https://t.co/pbzJSJEWqT",2045263866259714294,https://pbs.twimg.com/media/HGI8paVaIAA1StC.jpg,,in,,0,0,0,https://x.com/Kodim_Sragen/status/2045263866259714294,4857501925,Kodim_Sragen,"Komsos ke Warga, Babinsa Bahas Pentingnya Hidup Sehat di Lingkungan Bersih 

Melalui kegiatan komunikasi sosial, Babinsa Koramil 15/Gemolong Kodim 0725/Sragen Serka Sumanto mengajak warga binaan untuk membiasakan hidup sehat di lingkungan yang bersih, Jum’at (17/04/2026). https://t.co/pbzJSJEWqT",komsos ke warga babinsa bahas pentingnya hidup sehat di lingkungan bersih melalui kegiatan komunikasi sosial babinsa koramil gemolong kodim sragen serka sumanto mengajak warga binaan untuk membiasakan hidup sehat di lingkungan yang bersih jum at,komsos ke warga babinsa bahas pentingnya hidup sehat di lingkungan bersih melalui kegiatan komunikasi sosial babinsa koramil gemolong kodim sragen serka sumanto mengajak warga binaan untuk membiasakan hidup sehat di lingkungan yang bersih jum at,komsos warga babinsa bahas pentingnya hidup sehat lingkungan bersih melalui kegiatan komunikasi sosial babinsa koramil gemolong kodim sragen serka sumanto mengajak warga binaan membiasakan hidup sehat lingkungan bersih jum at,komsos warga babinsa bahas nting hidup sehat lingkungan bersih lalu giatan komunikas sosial babinsa koramil gemolong kodim sragen serka sumanto ngajak warga binaan mbiasa hidup sehat lingkungan bersih jum at
2045034568206692465,2026-04-17T07:00:10.000Z,0,"Kapolres Metro Tangerang Kota melakukan pengecekan langsung lokasi kebakaran di Asrama Polri Ciledug.

Dalam kejadian tersebut, personel gabungan bersama petugas pemadam kebakaran bergerak cepat melakukan penanganan hingga api berhasil dipadamkan. https://t.co/jKnGSdpThX",2045034568206692465,https://pbs.twimg.com/ext_tw_video_thumb/2045034469502201856/pu/img/UmTTzx4Z-n94YO2R.jpg,,in,,0,0,0,https://x.com/Kapolrestangkot/status/2045034568206692465,1552212625533968386,Kapolrestangkot,"Kapolres Metro Tangerang Kota melakukan pengecekan langsung lokasi kebakaran di Asrama Polri Ciledug.

Dalam kejadian tersebut, personel gabungan bersama petugas pemadam kebakaran bergerak cepat melakukan penanganan hingga api berhasil dipadamkan. https://t.co/jKnGSdpThX",kapolres metro tangerang kota melakukan pengecekan langsung lokasi kebakaran di asrama polri ciledug dalam kejadian tersebut personel gabungan bersama petugas pemadam kebakaran bergerak cepat melakukan penanganan hingga api berhasil dipadamkan,kapolres metro tangerang kota melakukan pengecekan langsung lokasi kebakaran di asrama polri ciledug dalam kejadian tersebut personel gabungan bersama petugas pemadam kebakaran bergerak cepat melakukan penanganan hingga api berhasil dipadamkan,kapolres metro tangerang kota melakukan pengecekan langsung lokasi kebakaran asrama polri ciledug kejadian tersebut personel gabungan bersama petugas pemadam kebakaran bergerak cepat melakukan penanganan hingga api berhasil dipadamkan,kapolres tro tangerang kota laku ngece langsung lokas bakaran asrama polr ciledug jadian sebut rsonel gabungan bersama tugas madam bakaran bergerak cepat laku nanganan hingga ap berhasil padam
2043196934006227295,2026-04-12T05:18:04.000Z,0,"Anggota satgas DAMKAR BS menerima laporan dari Bapak Ikon yang datang langsung ke Pos Padang Panjang untuk meminta bantuan evakuasi cincin pada hari Minggu, 12 April 2026 pukul 10.00 WIB.

#damkar #pemadamkebakaran #bengkuluselatan #membara
              https://t.co/jWwyv5pGKQ",2043196934006227295,,,in,,0,0,0,https://x.com/damkarbs/status/2043196934006227295,1390080853569458177,damkarbs,"Anggota satgas DAMKAR BS menerima laporan dari Bapak Ikon yang datang langsung ke Pos Padang Panjang untuk meminta bantuan evakuasi cincin pada hari Minggu, 12 April 2026 pukul 10.00 WIB.

#damkar #pemadamkebakaran #bengkuluselatan #membara
              https://t.co/jWwyv5pGKQ",anggota satgas damkar bs menerima laporan dari bapak ikon yang datang langsung ke pos padang panjang untuk meminta bantuan evakuasi cincin pada hari minggu april pukul wib damkar pemadamkebakaran bengkuluselatan membara,anggota satgas damkar bs menerima laporan dari bapak ikon yang datang langsung ke pos padang panjang untuk meminta bantuan evakuasi cincin pada hari minggu april pukul wib damkar pemadamkebakaran bengkuluselatan membara,anggota satgas damkar bs menerima laporan bapak ikon datang langsung pos padang panjang meminta bantuan evakuasi cincin hari minggu april pukul wib damkar pemadamkebakaran bengkuluselatan membara,anggota satgas damkar bs nerima laporan bapak ikon datang langsung pos padang panjang minta bantuan evakuas cincin har minggu april pukul wib damkar madamkebakaran bengkuluselatan mbara
2045258682779517036,2026-04-17T21:50:43.000Z,0,"Jum'at, 17 April 2026, Samapta Polsek Ngaglik melaksanakan patroli sambang SPBU Gondangan Sardonoharjo sekaligus menyampaikan pesan kamtibmas serta antisipasi gangguan Kamtibmas, Curat, Curas, Curan di wilayah Ngaglik. https://t.co/jXTU7V66EH",2045258682779517036,https://pbs.twimg.com/media/HGI36p3agAAWzBL.jpg,,in,,0,0,0,https://x.com/humasngaglik/status/2045258682779517036,1477979603436113920,humasngaglik,"Jum'at, 17 April 2026, Samapta Polsek Ngaglik melaksanakan patroli sambang SPBU Gondangan Sardonoharjo sekaligus menyampaikan pesan kamtibmas serta antisipasi gangguan Kamtibmas, Curat, Curas, Curan di wilayah Ngaglik. https://t.co/jXTU7V66EH",jum at april samapta polsek ngaglik melaksanakan patroli sambang spbu gondangan sardonoharjo sekaligus menyampaikan pesan kamtibmas serta antisipasi gangguan kamtibmas curat curas curan di wilayah ngaglik,jum at april samapta polsek ngaglik melaksanakan patroli sambang spbu gondangan sardonoharjo sekaligus menyampaikan pesan kamtibmas serta antisipasi gangguan kamtibmas curat curas curan di wilayah ngaglik,jum at april samapta polsek ngaglik melaksanakan patroli sambang spbu gondangan sardonoharjo sekaligus menyampaikan pesan kamtibmas serta antisipasi gangguan kamtibmas curat curas curan wilayah ngaglik,jum at april samapta polsek ngaglik laksana patrol sambang spbu gondangan sardonoharjo sekaligus nyampai san kamtibmas serta antisipas gangguan kamtibmas curat curas curan wilayah ngaglik
2043237732592578942,2026-04-12T08:15:11.000Z,35,@devilsmete Kamu siap2 selang pemadam kebakaran,2043241507399073947,,devilsmete,in,,0,1,0,https://x.com/RanindyaDewi/status/2043241507399073947,797914250,RanindyaDewi,@devilsmete Kamu siap2 selang pemadam kebakaran,kamu siap selang pemadam kebakaran,kamu siap selang pemadam kebakaran,kamu siap selang pemadam kebakaran,ka siap selang madam bakaran
2043289843804094963,2026-04-13T04:53:41.000Z,0,"@is_pelssy Mobil polisi nabrak mobil MBG, mobil pemadam kebakaran memadamkan apinya, mobil ambulance membawa korbanya.. 
Begitukah alur cerita y?",2043553184443166975,,is_pelssy,in,,0,0,0,https://x.com/iskan45v/status/2043553184443166975,1241596438561181696,iskan45v,"@is_pelssy Mobil polisi nabrak mobil MBG, mobil pemadam kebakaran memadamkan apinya, mobil ambulance membawa korbanya.. 
Begitukah alur cerita y?",mobil polisi nabrak mobil mbg mobil pemadam kebakaran memadamkan apinya mobil ambulance membawa korbanya begitukah alur cerita y,mobil polisi nabrak mobil mbg mobil pemadam kebakaran memadamkan apinya mobil ambulance membawa korbanya begitukah alur cerita y,mobil polisi nabrak mobil mbg mobil pemadam kebakaran memadamkan apinya mobil ambulance membawa korbanya begitukah alur cerita y,mobil polis nabrak mobil mbg mobil madam bakaran madam ap mobil ambulance mbawa korba begitu alur cerita y
2044738571446427823,2026-04-16T11:23:59.000Z,0,"1. pemadam kebakaran (karena nyangkut banyak nyawa ""mungkin"")
2. ambulan (karena hubungan dengan keselamatan jiwa (tapi tergantung suara sirine nya juga ""bisa aja ambulan posisi 1"")
3. polisi (no komen)",2044738571446427823,,,in,,0,0,0,https://x.com/gausahngepoin/status/2044738571446427823,1409192131168591876,gausahngepoin,"1. pemadam kebakaran (karena nyangkut banyak nyawa ""mungkin"")
2. ambulan (karena hubungan dengan keselamatan jiwa (tapi tergantung suara sirine nya juga ""bisa aja ambulan posisi 1"")
3. polisi (no komen)",pemadam kebakaran karena nyangkut banyak nyawa mungkin ambulan karena hubungan dengan keselamatan jiwa tapi tergantung suara sirine nya juga bisa aja ambulan posisi polisi no komen,pemadam kebakaran karena nyangkut banyak nyawa mungkin ambulan karena hubungan dengan keselamatan jiwa tapi tergantung suara sirine nya juga bisa aja ambulan posisi polisi no komen,pemadam kebakaran karena nyangkut banyak nyawa mungkin ambulan karena hubungan keselamatan jiwa tapi tergantung suara sirine nya bisa aja ambulan posisi polisi no komen,madam bakaran karena nyangkut banyak nyawa mungkin ambulan karena hubungan selamatan jiwa tap gantung suara sirine  bisa aja ambulan posis polis no komen
2045129632383701095,2026-04-17T13:17:55.000Z,0,"Sobat Pemadam, pastikan memiliki APAR di rumah!

Pilih jenis APAR yang sesuai dengan kebutuhan. Untuk perlindungan serbaguna di rumah, gunakan APAR jenis serbuk kimia (Dry Chemical Powder).

#PemadamJakarta #JagaJakarta #JAKI @JS112 - @dkijakarta https://t.co/ny7yOI1D7I",2045129632383701095,https://pbs.twimg.com/media/HGHCjsjaoAA92HO.jpg,,in,,0,0,0,https://x.com/humasjakfire/status/2045129632383701095,555862521,humasjakfire,"Sobat Pemadam, pastikan memiliki APAR di rumah!

Pilih jenis APAR yang sesuai dengan kebutuhan. Untuk perlindungan serbaguna di rumah, gunakan APAR jenis serbuk kimia (Dry Chemical Powder).

#PemadamJakarta #JagaJakarta #JAKI @JS112 - @dkijakarta https://t.co/ny7yOI1D7I",sobat pemadam pastikan memiliki apar di rumah pilih jenis apar yang sesuai dengan kebutuhan untuk perlindungan serbaguna di rumah gunakan apar jenis serbuk kimia dry chemical powder pemadamjakarta jagajakarta jaki,sobat pemadam pastikan memiliki apar di rumah pilih jenis apar yang sesuai dengan kebutuhan untuk perlindungan serbaguna di rumah gunakan apar jenis serbuk kimia dry chemical powder pemadamjakarta jagajakarta jaki,sobat pemadam pastikan memiliki apar rumah pilih jenis apar sesuai kebutuhan perlindungan serbaguna rumah gunakan apar jenis serbuk kimia dry chemical powder pemadamjakarta jagajakarta jaki,sobat madam pasti milik apar rumah pilih jenis apar sesua butuhan rlindungan serbaguna rumah guna apar jenis serbuk kimia dry chemical powder madamjakarta jagajakarta jak
2031263541077131326,2026-03-10T06:59:01.000Z,49,"Kata pemadam: merunduklah saat kebakaran,
sebab panas berkumpul di pucuk ruangan.
Sayangnya rindu tak kenal hukum itu—
dalam kesulitan melupakanmu,
namamu selalu naik ke pucuk pikiranku. https://t.co/4ZHtygiCTy",2031263541077131326,https://pbs.twimg.com/ext_tw_video_thumb/2031263491584307204/pu/img/imQ45dtKPZ-kuYZh.jpg,,in,,0,58,8,https://x.com/ibnsainz/status/2031263541077131326,2005569014983200768,ibnsainz,"Kata pemadam: merunduklah saat kebakaran,
sebab panas berkumpul di pucuk ruangan.
Sayangnya rindu tak kenal hukum itu—
dalam kesulitan melupakanmu,
namamu selalu naik ke pucuk pikiranku. https://t.co/4ZHtygiCTy",kata pemadam merunduklah saat kebakaran sebab panas berkumpul di pucuk ruangan sayangnya rindu tak kenal hukum itu dalam kesulitan melupakanmu namamu selalu naik ke pucuk pikiranku,kata pemadam merunduklah saat kebakaran sebab panas berkumpul di pucuk ruangan sayangnya rindu tak kenal hukum itu dalam kesulitan melupakanmu namamu selalu naik ke pucuk pikiranku,kata pemadam merunduklah saat kebakaran sebab panas berkumpul pucuk ruangan sayangnya rindu tak kenal hukum kesulitan melupakanmu namamu selalu naik pucuk pikiranku,kata madam runduk saat bakaran sebab panas berkumpul pucuk ruangan sayang rindu tak nal hukum sulitan lupa nama selalu naik pucuk pikiran
2043600074161172588,2026-04-14T15:43:50.000Z,0,@ChevJlx @tempodotco Btw supir embegeh tuh suka ugal2an gak sih? Beberapa yg gw temuin begitu sih ngeliat dr beberapa berita kecelakaan jg begitu... udah ngerasa kek supir ambulan/pemadam kebakaran aja,2044079190291689603,,ChevJlx,in,,0,1,0,https://x.com/kapurungkuah/status/2044079190291689603,1418071511890489350,kapurungkuah,@ChevJlx @tempodotco Btw supir embegeh tuh suka ugal2an gak sih? Beberapa yg gw temuin begitu sih ngeliat dr beberapa berita kecelakaan jg begitu... udah ngerasa kek supir ambulan/pemadam kebakaran aja,btw supir embegeh tuh suka ugal an gak sih beberapa yg gw temuin begitu sih ngeliat dr beberapa berita kecelakaan jg begitu udah ngerasa kek supir ambulan pemadam kebakaran aja,btw supir embegeh tuh suka ugal an tidak sih beberapa yang saya temuin begitu sih ngeliat dr beberapa berita kecelakaan juga begitu udah ngerasa kek supir ambulan pemadam kebakaran aja,btw supir embegeh tuh suka ugal an tidak sih beberapa temuin begitu sih ngeliat dr beberapa berita kecelakaan begitu udah ngerasa kek supir ambulan pemadam kebakaran aja,btw supir embegeh tuh suka ugal an tidak sih beberapa temuin begitu sih ngeliat dr beberapa berita celakaan begitu udah ngerasa k supir ambulan madam bakaran aja
2044306160833180078,2026-04-15T06:45:44.000Z,0,"Polsek Bekasi Utara menggelar pelatihan tanggap darurat bagi para pekerja kuliner. Selasa (14/4), Bhabinkamtibmas Kelurahan Marga Mulya, Aipda Tukiran, bersama petugas Dinas Pemadam Kebakaran  Kota Bekasi menyambangi dapur Warung Padang Keliling di kawasan Pasar Teluk Buyung. https://t.co/r9WvK2ucTL",2044306160833180078,https://pbs.twimg.com/media/HF7VnSMaEAArq6N.jpg,,in,,0,0,0,https://x.com/Humastrobkskota/status/2044306160833180078,1186458088682868736,Humastrobkskota,"Polsek Bekasi Utara menggelar pelatihan tanggap darurat bagi para pekerja kuliner. Selasa (14/4), Bhabinkamtibmas Kelurahan Marga Mulya, Aipda Tukiran, bersama petugas Dinas Pemadam Kebakaran  Kota Bekasi menyambangi dapur Warung Padang Keliling di kawasan Pasar Teluk Buyung. https://t.co/r9WvK2ucTL",polsek bekasi utara menggelar pelatihan tanggap darurat bagi para pekerja kuliner selasa bhabinkamtibmas kelurahan marga mulya aipda tukiran bersama petugas dinas pemadam kebakaran kota bekasi menyambangi dapur warung padang keliling di kawasan pasar teluk buyung,polsek bekasi utara menggelar pelatihan tanggap darurat bagi para pekerja kuliner selasa bhabinkamtibmas kelurahan marga mulya aipda tukiran bersama petugas dinas pemadam kebakaran kota bekasi menyambangi dapur warung padang keliling di kawasan pasar teluk buyung,polsek bekasi utara menggelar pelatihan tanggap darurat bagi para pekerja kuliner selasa bhabinkamtibmas kelurahan marga mulya aipda tukiran bersama petugas dinas pemadam kebakaran kota bekasi menyambangi dapur warung padang keliling kawasan pasar teluk buyung,polsek bekas utara nggelar latihan tanggap darurat bag para kerja kuliner selasa bhabinkamtibmas lurahan marga mulya aipda tukiran bersama tugas nas madam bakaran kota bekas nyambang dapur warung padang liling kawasan pasar teluk buyung
2042486954860904694,2026-04-10T06:17:57.000Z,0,"[6] keamanan meliputi Satpol PP &amp; BPBD, hingga unsur Dishub &amp; Pemadam Kebakaran (Damkar).

Untuk pejabat Eselon II hingga camat &amp; lurah juga harus tetap siaga di kantor masing-masing. Ika menekankan WFH bukan berarti libur, tapi kerja dari rumah dengan tetap produktif &amp; siaga",2042487229713695010,,radiopatria,in,,0,1,0,https://x.com/radiopatria/status/2042487229713695010,100132119,radiopatria,"[6] keamanan meliputi Satpol PP &amp; BPBD, hingga unsur Dishub &amp; Pemadam Kebakaran (Damkar).

Untuk pejabat Eselon II hingga camat &amp; lurah juga harus tetap siaga di kantor masing-masing. Ika menekankan WFH bukan berarti libur, tapi kerja dari rumah dengan tetap produktif &amp; siaga",keamanan meliputi satpol pp amp bpbd hingga unsur dishub amp pemadam kebakaran damkar untuk pejabat eselon ii hingga camat amp lurah juga harus tetap siaga di kantor masing masing ika menekankan wfh bukan berarti libur tapi kerja dari rumah dengan tetap produktif amp siaga,keamanan meliputi satpol pp amp bpbd hingga unsur dishub amp pemadam kebakaran damkar untuk pejabat eselon ii hingga camat amp lurah juga harus tetap siaga di kantor masing masing ika menekankan wfh bukan berarti libur tapi kerja dari rumah dengan tetap produktif amp siaga,keamanan meliputi satpol pp amp bpbd hingga unsur dishub amp pemadam kebakaran damkar pejabat eselon ii hingga camat amp lurah harus tetap siaga kantor masing masing ika menekankan wfh bukan berarti libur tapi kerja rumah tetap produktif amp siaga,amanan liput satpol pp amp bpbd hingga unsur shub amp madam bakaran damkar jabat eselon i hingga camat amp lurah harus tetap siaga kantor masing masing ika nekan wfh bu berart libur tap rja rumah tetap produktif amp siaga
2043571895740793223,2026-04-13T06:08:02.000Z,0,"Hari ini, Senin 13 April 2026, Bidang Pemadam Kebakaran&amp; Penyelamatan BPBD DIY menggelar sosialisasi dan monitoring-evaluasi sistem manajemen keselamatan kebakaran gedung di Universitas Sarjanawiyata Tamansiswa Yogyakarta, kegiatan di kampus UST ini bertujuan memastikan kesiapan https://t.co/xUuudPLcwG",2043571895740793223,https://pbs.twimg.com/ext_tw_video_thumb/2043571844239040512/pu/img/CnjpZergAawyP6CB.jpg,,in,,0,1,0,https://x.com/BPBDDIY/status/2043571895740793223,758572219,BPBDDIY,"Hari ini, Senin 13 April 2026, Bidang Pemadam Kebakaran&amp; Penyelamatan BPBD DIY menggelar sosialisasi dan monitoring-evaluasi sistem manajemen keselamatan kebakaran gedung di Universitas Sarjanawiyata Tamansiswa Yogyakarta, kegiatan di kampus UST ini bertujuan memastikan kesiapan https://t.co/xUuudPLcwG",hari ini senin april bidang pemadam kebakaran amp penyelamatan bpbd diy menggelar sosialisasi dan monitoring evaluasi sistem manajemen keselamatan kebakaran gedung di universitas sarjanawiyata tamansiswa yogyakarta kegiatan di kampus ust ini bertujuan memastikan kesiapan,hari ini senin april bidang pemadam kebakaran amp penyelamatan bpbd diy menggelar sosialisasi dan monitoring evaluasi sistem manajemen keselamatan kebakaran gedung di universitas sarjanawiyata tamansiswa yogyakarta kegiatan di kampus ust ini bertujuan memastikan kesiapan,hari senin april bidang pemadam kebakaran amp penyelamatan bpbd diy menggelar sosialisasi monitoring evaluasi sistem manajemen keselamatan kebakaran gedung universitas sarjanawiyata tamansiswa yogyakarta kegiatan kampus ust bertujuan memastikan kesiapan,har senin april bidang madam bakaran amp nyelamatan bpbd y nggelar sosialisas monitoring evaluas sistem manajemen selamatan bakaran gedung universitas sarjanawiyata tamansiswa yogyakarta giatan kampus ust bertujuan masti siapan
2043682264643698703,2026-04-13T13:26:36.000Z,0,Cek MAINAN ANAK FIRE BOAT PERAHU KAPAL PEMADAM KEBAKARAN EDUKATIF MARINE RESCUE BO SPEED BOAT BP27 COD dengan harga Rp36.000. Dapatkan di Shopee sekarang! https://t.co/zjobpA9P4F,2043682264643698703,,,in,,0,0,0,https://x.com/saefurohmanreal/status/2043682264643698703,2834067026,saefurohmanreal,Cek MAINAN ANAK FIRE BOAT PERAHU KAPAL PEMADAM KEBAKARAN EDUKATIF MARINE RESCUE BO SPEED BOAT BP27 COD dengan harga Rp36.000. Dapatkan di Shopee sekarang! https://t.co/zjobpA9P4F,cek mainan anak fire boat perahu kapal pemadam kebakaran edukatif marine rescue bo speed boat bp cod dengan harga rp dapatkan di shopee sekarang,cek mainan anak fire boat perahu kapal pemadam kebakaran edukatif marine rescue bo speed boat bp cod dengan harga rp dapatkan di shopee sekarang,cek mainan anak fire boat perahu kapal pemadam kebakaran edukatif marine rescue bo speed boat bp cod harga rp dapatkan shopee sekarang,cek mainan anak fire boat rahu kapal madam bakaran edukatif marine rescue bo speed boat bp cod harga rp dapat shopee sekarang
2043725841914593477,2026-04-13T16:19:45.000Z,0,"🔥 Tungku Pembakaran Sampah / Rocket Stove
Desa Bunder Kecamatan Widasari Kabupaten Indramayu. 
Tungku pembakaran sampah atau rocket stove adalah solusi sederhana dan efisien untuk mengelola sampah, khususnya di lingkungan desa. https://t.co/lEMdn4iZiE",2043725841914593477,https://pbs.twimg.com/ext_tw_video_thumb/2043725737585500160/pu/img/dZ6OnKIo7ARQrkJ6.jpg,,in,,0,0,0,https://x.com/pemdesbunder/status/2043725841914593477,2297484302,pemdesbunder,"🔥 Tungku Pembakaran Sampah / Rocket Stove
Desa Bunder Kecamatan Widasari Kabupaten Indramayu. 
Tungku pembakaran sampah atau rocket stove adalah solusi sederhana dan efisien untuk mengelola sampah, khususnya di lingkungan desa. https://t.co/lEMdn4iZiE",tungku pembakaran sampah rocket stove desa bunder kecamatan widasari kabupaten indramayu tungku pembakaran sampah atau rocket stove adalah solusi sederhana dan efisien untuk mengelola sampah khususnya di lingkungan desa,tungku pembakaran sampah rocket stove desa bunder kecamatan widasari kabupaten indramayu tungku pembakaran sampah atau rocket stove adalah solusi sederhana dan efisien untuk mengelola sampah khususnya di lingkungan desa,tungku pembakaran sampah rocket stove desa bunder kecamatan widasari kabupaten indramayu tungku pembakaran sampah rocket stove solusi sederhana efisien mengelola sampah khususnya lingkungan desa,tung mbakaran sampah rocket stove desa bunder camatan widasar kabupaten indramayu tung mbakaran sampah rocket stove solus sederhana efisien ngelola sampah khusus lingkungan desa
2043673377945330117,2026-04-14T12:45:30.000Z,7,@AbdulKholik2024 @patillele4364 @jokowi Memantik api dan menghembuskannya itu mudah... Yang sulit adalah memadamkannya setelah besar. JK adalah pemadam yang paling depan waktu terjadi konflik perpecahan. Lha waktu itu mereka di mana?,2044034308030247364,,AbdulKholik2024,in,,0,0,1,https://x.com/HimawanEko1/status/2044034308030247364,1493105092471386114,HimawanEko1,@AbdulKholik2024 @patillele4364 @jokowi Memantik api dan menghembuskannya itu mudah... Yang sulit adalah memadamkannya setelah besar. JK adalah pemadam yang paling depan waktu terjadi konflik perpecahan. Lha waktu itu mereka di mana?,memantik api dan menghembuskannya itu mudah yang sulit adalah memadamkannya setelah besar jk adalah pemadam yang paling depan waktu terjadi konflik perpecahan lha waktu itu mereka di mana,memantik api dan menghembuskannya itu mudah yang sulit adalah memadamkannya setelah besar jk adalah pemadam yang paling depan waktu terjadi konflik perpecahan lha waktu itu mereka di mana,memantik api menghembuskannya mudah sulit memadamkannya setelah besar jk pemadam paling depan waktu terjadi konflik perpecahan lha waktu mana,mantik ap nghembus mudah sulit madam sete besar jk madam paling depan waktu jad konflik rpecahan lha waktu mana
2042802890620702732,2026-04-11T17:27:34.000Z,0,@yappingfess Seharusnya ijin dan bisa nolak. Aku dlu lahiran di ln jg gt dokternya bawa bule laki trs nanya apa dia boleh liat proses lahirannya. Katanya lihat doang buat bljr krn dia dr tim pemadam kebakaran. Lgsg aku tolak trs mas bule td mukanya dah pasrah aja keknya dah bnyk ditolak wkwk,2043018130687992203,,yappingfess,in,,0,0,0,https://x.com/yefire222/status/2043018130687992203,1816086676210372608,yefire222,@yappingfess Seharusnya ijin dan bisa nolak. Aku dlu lahiran di ln jg gt dokternya bawa bule laki trs nanya apa dia boleh liat proses lahirannya. Katanya lihat doang buat bljr krn dia dr tim pemadam kebakaran. Lgsg aku tolak trs mas bule td mukanya dah pasrah aja keknya dah bnyk ditolak wkwk,seharusnya ijin dan bisa nolak aku dlu lahiran di ln jg gt dokternya bawa bule laki trs nanya apa dia boleh liat proses lahirannya katanya lihat doang buat bljr krn dia dr tim pemadam kebakaran lgsg aku tolak trs mas bule td mukanya dah pasrah aja keknya dah bnyk ditolak wkwk,seharusnya ijin dan bisa nolak saya dlu lahiran di ln juga gt dokternya bawa bule laki trs nanya apa dia boleh liat proses lahirannya katanya lihat doang buat bljr krn dia dr tim pemadam kebakaran lgsg saya tolak trs mas bule td mukanya dah pasrah aja keknya dah bnyk ditolak wkwk,seharusnya ijin bisa nolak dlu lahiran ln gt dokternya bawa bule laki trs nanya apa boleh liat proses lahirannya katanya lihat doang buat bljr krn dr tim pemadam kebakaran lgsg tolak trs mas bule td mukanya dah pasrah aja keknya dah bnyk ditolak wkwk,seharus ijin bisa nolak dlu lahiran ln gt dokter bawa bule lak trs na apa boleh liat proses lahiran kata lihat doang buat bljr krn dr tim madam bakaran lgsg tolak trs mas bule td muka dah pasrah aja k dah bnyk tolak wkwk
2042257547764416581,2026-04-10T15:24:45.000Z,0,@oyeeju Pemadam kebakaran 😭,2042624836590277092,,oyeeju,in,,0,1,0,https://x.com/kewnho/status/2042624836590277092,276710941,kewnho,@oyeeju Pemadam kebakaran 😭,pemadam kebakaran,pemadam kebakaran,pemadam kebakaran,madam bakaran
2044269172256059554,2026-04-15T22:19:59.000Z,0,@Sohykn @jkimstella @Sungihoon Mbak mending hapus sebelum aku panggil pemadam kebakaran. 😭😭😭,2044541271226913210,,Sohykn,in,,0,0,0,https://x.com/Wonyorng/status/2044541271226913210,709995168,Wonyorng,@Sohykn @jkimstella @Sungihoon Mbak mending hapus sebelum aku panggil pemadam kebakaran. 😭😭😭,mbak mending hapus sebelum aku panggil pemadam kebakaran,mbak mending hapus sebelum saya panggil pemadam kebakaran,mbak mending hapus sebelum panggil pemadam kebakaran,mbak nding hapus sebelum panggil madam bakaran
2033828086362607738,2026-03-17T08:49:37.000Z,0,"Petugas pemadam kebakaran membantu para pengendara yang kepanasan di kawasan Pelabuhan Gilimanuk dengan menyemprotkan air menggunakan selang pemadam.

Aksi ini dilakukan di tengah cuaca panas dan kemacetan panjang yang kerap terjadi di jalur menuju pelabuhan, terutama saat https://t.co/2VGfK18EiO",2033828086362607738,https://pbs.twimg.com/amplify_video_thumb/2033827986991177728/img/URxXvuxwg4r2wEUz.jpg,,in,,0,0,0,https://x.com/inilahdotcom/status/2033828086362607738,46693036,inilahdotcom,"Petugas pemadam kebakaran membantu para pengendara yang kepanasan di kawasan Pelabuhan Gilimanuk dengan menyemprotkan air menggunakan selang pemadam.

Aksi ini dilakukan di tengah cuaca panas dan kemacetan panjang yang kerap terjadi di jalur menuju pelabuhan, terutama saat https://t.co/2VGfK18EiO",petugas pemadam kebakaran membantu para pengendara yang kepanasan di kawasan pelabuhan gilimanuk dengan menyemprotkan air menggunakan selang pemadam aksi ini dilakukan di tengah cuaca panas dan kemacetan panjang yang kerap terjadi di jalur menuju pelabuhan terutama saat,petugas pemadam kebakaran membantu para pengendara yang kepanasan di kawasan pelabuhan gilimanuk dengan menyemprotkan air menggunakan selang pemadam aksi ini dilakukan di tengah cuaca panas dan kemacetan panjang yang kerap terjadi di jalur menuju pelabuhan terutama saat,petugas pemadam kebakaran membantu para pengendara kepanasan kawasan pelabuhan gilimanuk menyemprotkan air menggunakan selang pemadam aksi dilakukan tengah cuaca panas kemacetan panjang kerap terjadi jalur menuju pelabuhan terutama saat,tugas madam bakaran mbantu para ngendara panasan kawasan labuhan gilimanuk nyemprot air ngguna selang madam aks laku tengah cuaca panas macetan panjang rap jad jalur nuju labuhan utama saat
2045261813898715600,2026-04-17T22:03:10.000Z,0,"Kurang baik apalagi coba Allah itu, kehangatan sinar matahari bisa kita rasakan setiap hari, jatah oksigen tdk dikurangi, bahkan aib-aib kita masih dijaga dan ditutup dgn rapi.. blum lagi rezeki mmpir setiap hari.. blum lg hal lainnya

Mmng ya manusia itu makhluk yg tak tahu diri",2045261813898715600,,,in,,0,0,0,https://x.com/moc4B3nt0/status/2045261813898715600,1750417688084799488,moc4B3nt0,"Kurang baik apalagi coba Allah itu, kehangatan sinar matahari bisa kita rasakan setiap hari, jatah oksigen tdk dikurangi, bahkan aib-aib kita masih dijaga dan ditutup dgn rapi.. blum lagi rezeki mmpir setiap hari.. blum lg hal lainnya

Mmng ya manusia itu makhluk yg tak tahu diri",kurang baik apalagi coba allah itu kehangatan sinar matahari bisa kita rasakan setiap hari jatah oksigen tdk dikurangi bahkan aib aib kita masih dijaga dan ditutup dgn rapi blum lagi rezeki mmpir setiap hari blum lg hal lainnya mmng ya manusia itu makhluk yg tak tahu diri,kurang baik apalagi coba allah itu kehangatan sinar matahari bisa kita rasakan setiap hari jatah oksigen tidak dikurangi bahkan aib aib kita masih dijaga dan ditutup dengan rapi blum lagi rezeki mmpir setiap hari blum lg hal lainnya mmng ya manusia itu makhluk yang tak tahu diri,kurang baik apalagi coba allah kehangatan sinar matahari bisa rasakan setiap hari jatah oksigen tidak dikurangi bahkan aib aib masih dijaga ditutup rapi blum lagi rezeki mmpir setiap hari blum lg hal lainnya mmng ya manusia makhluk tak tahu diri,kurang baik apalag coba al hangatan sinar matahar bisa rasa setiap har jatah oksigen tidak kurang bah aib aib masih jaga tutup rap blum lag rezek mmpir setiap har blum lg hal lain mmng ya manusia makhluk tak tahu r
2039304267962650685,2026-04-01T11:30:00.000Z,0,"Kebakaran besar melanda depo kendaraan pribadi di kawasan San Antonio, Acapulco, Meksiko, pada Selasa.

Api dengan cepat menyebar dan menghanguskan sekitar 700 kendaraan, diperparah oleh angin kencang dan kondisi vegetasi yang kering.

Petugas pemadam kebakaran dikerahkan untuk https://t.co/qTdP5vaCL9",2039304267962650685,https://pbs.twimg.com/amplify_video_thumb/2039226552194670592/img/32oyolEpxZEzim5e.jpg,,in,,0,1,0,https://x.com/SINDOnews/status/2039304267962650685,231355136,SINDOnews,"Kebakaran besar melanda depo kendaraan pribadi di kawasan San Antonio, Acapulco, Meksiko, pada Selasa.

Api dengan cepat menyebar dan menghanguskan sekitar 700 kendaraan, diperparah oleh angin kencang dan kondisi vegetasi yang kering.

Petugas pemadam kebakaran dikerahkan untuk https://t.co/qTdP5vaCL9",kebakaran besar melanda depo kendaraan pribadi di kawasan san antonio acapulco meksiko pada selasa api dengan cepat menyebar dan menghanguskan sekitar kendaraan diperparah oleh angin kencang dan kondisi vegetasi yang kering petugas pemadam kebakaran dikerahkan untuk,kebakaran besar melanda depo kendaraan pribadi di kawasan san antonio acapulco meksiko pada selasa api dengan cepat menyebar dan menghanguskan sekitar kendaraan diperparah oleh angin kencang dan kondisi vegetasi yang kering petugas pemadam kebakaran dikerahkan untuk,kebakaran besar melanda depo kendaraan pribadi kawasan san antonio acapulco meksiko selasa api cepat menyebar menghanguskan sekitar kendaraan diperparah oleh angin kencang kondisi vegetasi kering petugas pemadam kebakaran dikerahkan,bakaran besar landa depo ndaraan pribad kawasan san antonio acapulco ksiko selasa ap cepat nyebar nghangus sekitar ndaraan perparah oleh angin ncang kondis vegetas ring tugas madam bakaran kerah
2044599635533275257,2026-04-16T02:32:55.000Z,1,"@HSoekma23 @abid0588 Menurut UU No. 22 Tahun 2009 tentang Lalu Lintas dan Angkutan Jalan Pasal 134, urutan prioritas kendaraan darurat di jalan adalah:

1. Mobil pemadam kebakaran yang sedang bertugas.
2. Ambulans yang mengangkut orang sakit.

Jadi, mobil pemadam kebakaran harus didahulukan lebih",2044604925972300142,,HSoekma23,in,,0,0,0,https://x.com/grok/status/2044604925972300142,1720665183188922368,grok,"@HSoekma23 @abid0588 Menurut UU No. 22 Tahun 2009 tentang Lalu Lintas dan Angkutan Jalan Pasal 134, urutan prioritas kendaraan darurat di jalan adalah:

1. Mobil pemadam kebakaran yang sedang bertugas.
2. Ambulans yang mengangkut orang sakit.

Jadi, mobil pemadam kebakaran harus didahulukan lebih",menurut uu no tahun tentang lalu lintas dan angkutan jalan pasal urutan prioritas kendaraan darurat di jalan adalah mobil pemadam kebakaran yang sedang bertugas ambulans yang mengangkut orang sakit jadi mobil pemadam kebakaran harus didahulukan lebih,menurut uu no tahun tentang lalu lintas dan angkutan jalan pasal urutan prioritas kendaraan darurat di jalan adalah mobil pemadam kebakaran yang sedang bertugas ambulans yang mengangkut orang sakit jadi mobil pemadam kebakaran harus didahulukan lebih,menurut uu no tahun tentang lalu lintas angkutan jalan pasal urutan prioritas kendaraan darurat jalan mobil pemadam kebakaran sedang bertugas ambulans mengangkut orang sakit jadi mobil pemadam kebakaran harus didahulukan lebih,nurut uu no tahun tentang lalu lintas angkutan jalan pasal urutan prioritas ndaraan darurat jalan mobil madam bakaran sedang bertugas ambulans ngangkut orang sakit jad mobil madam bakaran harus dahulu lebih
2036306966583320883,2026-03-24T04:59:48.000Z,7,"Tragedi Kecelakaan Di Landasan Bandara 

Telah terjadi kecelakaan hebat antara Air Canada Express CRJ-900 dengan sebuah truk pemadam kebakaran bandara di runway 4 Bandara LaGuardia, New York, AS. Diberitakan 2 pilot pesawat tsb tewas dalam peristiwa yg terjadi pada Minggu malam https://t.co/2TJAuDUdd0",2036306966583320883,https://pbs.twimg.com/ext_tw_video_thumb/2036306929107279872/pu/img/N-7NmRULlv_A4bM6.jpg,,in,,0,1,6,https://x.com/Ari3Pras/status/2036306966583320883,4200694752,Ari3Pras,"Tragedi Kecelakaan Di Landasan Bandara 

Telah terjadi kecelakaan hebat antara Air Canada Express CRJ-900 dengan sebuah truk pemadam kebakaran bandara di runway 4 Bandara LaGuardia, New York, AS. Diberitakan 2 pilot pesawat tsb tewas dalam peristiwa yg terjadi pada Minggu malam https://t.co/2TJAuDUdd0",tragedi kecelakaan di landasan bandara telah terjadi kecelakaan hebat antara air canada express crj dengan sebuah truk pemadam kebakaran bandara di runway bandara laguardia new york as diberitakan pilot pesawat tsb tewas dalam peristiwa yg terjadi pada minggu malam,tragedi kecelakaan di landasan bandara telah terjadi kecelakaan hebat antara air canada express crj dengan sebuah truk pemadam kebakaran bandara di runway bandara laguardia new york as diberitakan pilot pesawat tsb tewas dalam peristiwa yang terjadi pada minggu malam,tragedi kecelakaan landasan bandara telah terjadi kecelakaan hebat antara air canada express crj truk pemadam kebakaran bandara runway bandara laguardia new york as diberitakan pilot pesawat tsb tewas peristiwa terjadi minggu malam,traged celakaan landasan bandara te jad celakaan hebat antara air canada express crj truk madam bakaran bandara runway bandara laguardia new york as berita pilot sawat tsb tewas ristiwa jad minggu malam
2044798795180077159,2026-04-16T15:23:17.000Z,0,"Kebakaran hebat melanda pabrik isolasi di kawasan Margomulyo, Surabaya, Kamis petang. Api yang diduga dipicu korsleting listrik puluhan armada hingga robot pemadam untuk menjinakkan kobaran.
https://t.co/p0vm674q94

#KebakaranSurabaya #Margomulyo #BreakingNews #SurabayaHariIni https://t.co/O4yE9NHJ1R",2044798795180077159,https://pbs.twimg.com/media/HGCVqxTbYAEyf5I.jpg,,in,,0,0,0,https://x.com/NarasiNusa/status/2044798795180077159,1992982484188082177,NarasiNusa,"Kebakaran hebat melanda pabrik isolasi di kawasan Margomulyo, Surabaya, Kamis petang. Api yang diduga dipicu korsleting listrik puluhan armada hingga robot pemadam untuk menjinakkan kobaran.
https://t.co/p0vm674q94

#KebakaranSurabaya #Margomulyo #BreakingNews #SurabayaHariIni https://t.co/O4yE9NHJ1R",kebakaran hebat melanda pabrik isolasi di kawasan margomulyo surabaya kamis petang api yang diduga dipicu korsleting listrik puluhan armada hingga robot pemadam untuk menjinakkan kobaran kebakaransurabaya margomulyo breakingnews surabayahariini,kebakaran hebat melanda pabrik isolasi di kawasan margomulyo surabaya kamis petang api yang diduga dipicu korsleting listrik puluhan armada hingga robot pemadam untuk menjinakkan kobaran kebakaransurabaya margomulyo breakingnews surabayahariini,kebakaran hebat melanda pabrik isolasi kawasan margomulyo surabaya kamis petang api diduga dipicu korsleting listrik puluhan armada hingga robot pemadam menjinakkan kobaran kebakaransurabaya margomulyo breakingnews surabayahariini,bakaran hebat landa pabrik isolas kawasan margomulyo surabaya kamis tang ap duga picu korsleting listrik puluhan armada hingga robot madam njinak kobaran bakaransurabaya margomulyo breakingnews surabayahariin
2044759315748372685,2026-04-16T12:46:25.000Z,0,Pemadam kebakaran sih keren parah,2044759315748372685,,,in,,0,0,0,https://x.com/NoodleeDoodles/status/2044759315748372685,1409109703028744192,NoodleeDoodles,Pemadam kebakaran sih keren parah,pemadam kebakaran sih keren parah,pemadam kebakaran sih keren parah,pemadam kebakaran sih keren parah,madam bakaran sih ren parah
2044645538419839274,2026-04-16T05:14:18.000Z,1,"Kebakaran besar melanda kilang minyak vital milik Viva Energy di Geelong, Australia, pada Rabu malam (15/4).

Api disertai beberapa ledakan dilaporkan muncul dari area produksi bensin, sehingga puluhan petugas pemadam langsung dikerahkan untuk menjinakkan kobaran api yang sempat https://t.co/woZgCBmtcB",2044645538419839274,https://pbs.twimg.com/ext_tw_video_thumb/2044645370610008064/pu/img/8NIM_YNwfmLTuUnr.jpg,,in,,0,1,0,https://x.com/antaranews/status/2044645538419839274,18071520,antaranews,"Kebakaran besar melanda kilang minyak vital milik Viva Energy di Geelong, Australia, pada Rabu malam (15/4).

Api disertai beberapa ledakan dilaporkan muncul dari area produksi bensin, sehingga puluhan petugas pemadam langsung dikerahkan untuk menjinakkan kobaran api yang sempat https://t.co/woZgCBmtcB",kebakaran besar melanda kilang minyak vital milik viva energy di geelong australia pada rabu malam api disertai beberapa ledakan dilaporkan muncul dari area produksi bensin sehingga puluhan petugas pemadam langsung dikerahkan untuk menjinakkan kobaran api yang sempat,kebakaran besar melanda kilang minyak vital milik viva energy di geelong australia pada rabu malam api disertai beberapa ledakan dilaporkan muncul dari area produksi bensin sehingga puluhan petugas pemadam langsung dikerahkan untuk menjinakkan kobaran api yang sempat,kebakaran besar melanda kilang minyak vital milik viva energy geelong australia rabu malam api disertai beberapa ledakan dilaporkan muncul area produksi bensin sehingga puluhan petugas pemadam langsung dikerahkan menjinakkan kobaran api sempat,bakaran besar landa kilang minyak vital milik viva energy geelong australia rabu malam ap serta beberapa leda lapor muncul area produks bensin sehingga puluhan tugas madam langsung kerah njinak kobaran ap sempat
2044810404958994447,2026-04-16T23:04:41.000Z,0,"@BusuMaju2d @iwannachange77 Penyebab kebakaran di rumah Goto Maki (goma ki) belum ada info resmi. Masih dalam investigasi pemadam kebakaran &amp; polisi Tokyo. 

Lokasi: Edogawa-ku Higashi-Mizue 2-chome. Api dari lantai 3, 2 orang evakuasi selamat, tidak ada korban luka. Api masih menyala setelah 1 jam+ (per",2044914909213798779,,BusuMaju2d,in,,0,0,0,https://x.com/grok/status/2044914909213798779,1720665183188922368,grok,"@BusuMaju2d @iwannachange77 Penyebab kebakaran di rumah Goto Maki (goma ki) belum ada info resmi. Masih dalam investigasi pemadam kebakaran &amp; polisi Tokyo. 

Lokasi: Edogawa-ku Higashi-Mizue 2-chome. Api dari lantai 3, 2 orang evakuasi selamat, tidak ada korban luka. Api masih menyala setelah 1 jam+ (per",penyebab kebakaran di rumah goto maki goma ki belum ada info resmi masih dalam investigasi pemadam kebakaran amp polisi tokyo lokasi edogawa ku higashi mizue chome api dari lantai orang evakuasi selamat tidak ada korban luka api masih menyala setelah jam per,penyebab kebakaran di rumah goto maki goma ki belum ada info resmi masih dalam investigasi pemadam kebakaran amp polisi tokyo lokasi edogawa ku higashi mizue chome api dari lantai orang evakuasi selamat tidak ada korban luka api masih menyala setelah jam per,penyebab kebakaran rumah goto maki goma ki belum ada info resmi masih investigasi pemadam kebakaran amp polisi tokyo lokasi edogawa ku higashi mizue chome api lantai orang evakuasi selamat tidak ada korban luka api masih menyala setelah jam per,nyebab bakaran rumah goto mak goma k belum ada info resm masih investigas madam bakaran amp polis tokyo lokas edogawa  higash mizue chome ap lanta orang evakuas selamat tidak ada korban luka ap masih nyala sete jam r
2044301017991524575,2026-04-15T06:25:18.000Z,0,"Tim RESCUE Pemadam Kebakaran Bengkulu Selatan menindak lanjuti laporan Bapak Nopiri untuk mengevakuasi cincin yang masukke saluran pembuangan air pada hari Rabu, 15 April 2026 pukul 11.00 WIB. 

Berlokasi di Padang Jawi, tepatnya di saluran pembuangan air

https://t.co/Aq0d3MRF7B",2044301017991524575,,,in,,0,0,0,https://x.com/damkarbs/status/2044301017991524575,1390080853569458177,damkarbs,"Tim RESCUE Pemadam Kebakaran Bengkulu Selatan menindak lanjuti laporan Bapak Nopiri untuk mengevakuasi cincin yang masukke saluran pembuangan air pada hari Rabu, 15 April 2026 pukul 11.00 WIB. 

Berlokasi di Padang Jawi, tepatnya di saluran pembuangan air

https://t.co/Aq0d3MRF7B",tim rescue pemadam kebakaran bengkulu selatan menindak lanjuti laporan bapak nopiri untuk mengevakuasi cincin yang masukke saluran pembuangan air pada hari rabu april pukul wib berlokasi di padang jawi tepatnya di saluran pembuangan air,tim rescue pemadam kebakaran bengkulu selatan menindak lanjuti laporan bapak nopiri untuk mengevakuasi cincin yang masukke saluran pembuangan air pada hari rabu april pukul wib berlokasi di padang jawi tepatnya di saluran pembuangan air,tim rescue pemadam kebakaran bengkulu selatan menindak lanjuti laporan bapak nopiri mengevakuasi cincin masukke saluran pembuangan air hari rabu april pukul wib berlokasi padang jawi tepatnya saluran pembuangan air,tim rescue madam bakaran bengkulu selatan nindak lanjut laporan bapak nopir ngevakuas cincin masukke saluran mbuangan air har rabu april pukul wib berlokas padang jaw tepat saluran mbuangan air
2042855980023844944,2026-04-11T06:43:26.000Z,0,"Pemadaman dilakukan menggunakan alat pemadam api ringan (APAR) hingga api berhasil dikendalikan.

Menurut keterangan Plt. Kepala Satpol PP dan Damkar Tuban, Sutaji, kebakaran diduga bermula saat proses memasak. Kompor yang terbakar kemudian menyambar blower hingga memicu api.",2042856029214609879,,PortalTuban,in,,0,0,0,https://x.com/PortalTuban/status/2042856029214609879,1940612240513880064,PortalTuban,"Pemadaman dilakukan menggunakan alat pemadam api ringan (APAR) hingga api berhasil dikendalikan.

Menurut keterangan Plt. Kepala Satpol PP dan Damkar Tuban, Sutaji, kebakaran diduga bermula saat proses memasak. Kompor yang terbakar kemudian menyambar blower hingga memicu api.",pemadaman dilakukan menggunakan alat pemadam api ringan apar hingga api berhasil dikendalikan menurut keterangan plt kepala satpol pp dan damkar tuban sutaji kebakaran diduga bermula saat proses memasak kompor yang terbakar kemudian menyambar blower hingga memicu api,pemadaman dilakukan menggunakan alat pemadam api ringan apar hingga api berhasil dikendalikan menurut keterangan plt kepala satpol pp dan damkar tuban sutaji kebakaran diduga bermula saat proses memasak kompor yang terbakar kemudian menyambar blower hingga memicu api,pemadaman dilakukan menggunakan alat pemadam api ringan apar hingga api berhasil dikendalikan menurut keterangan plt kepala satpol pp damkar tuban sutaji kebakaran diduga bermula saat proses memasak kompor terbakar kemudian menyambar blower hingga memicu api,madaman laku ngguna alat madam ap ringan apar hingga ap berhasil kendali nurut terangan plt pala satpol pp damkar tuban sutaj bakaran duga bermula saat proses masak kompor bakar mudian nyambar blower hingga micu ap
2045033789370601728,2026-04-17T06:57:04.000Z,0,"Kebakaran Asrama Polri di Kalideres, 40 Personel Damkar Berjibaku Padamkan Api
https://t.co/oT6nog1VWB",2045033789370601728,,,in,,0,0,0,https://x.com/officialinews_/status/2045033789370601728,132078023,officialinews_,"Kebakaran Asrama Polri di Kalideres, 40 Personel Damkar Berjibaku Padamkan Api
https://t.co/oT6nog1VWB",kebakaran asrama polri di kalideres personel damkar berjibaku padamkan api,kebakaran asrama polri di kalideres personel damkar berjibaku padamkan api,kebakaran asrama polri kalideres personel damkar berjibaku padamkan api,bakaran asrama polr kalideres rsonel damkar berjiba padam ap
2044639146317414422,2026-04-17T01:02:37.000Z,0,@empty__core Ambulans🚑 pemadam kebakaran 🚔polisi MBG bodoamat,2044944585697468430,,empty__core,in,,0,0,0,https://x.com/widala89/status/2044944585697468430,1772735644885786625,widala89,@empty__core Ambulans🚑 pemadam kebakaran 🚔polisi MBG bodoamat,ambulans pemadam kebakaran polisi mbg bodoamat,ambulans pemadam kebakaran polisi mbg bodoamat,ambulans pemadam kebakaran polisi mbg bodoamat,ambulans madam bakaran polis mbg bodoamat
2045110450892022175,2026-04-17T12:01:42.000Z,0,"Dengan semangat tanpa henti, ribuan pahlawan listrik telah sukses menjaga agar cahaya terus menyala di seluruh Nusantara selama masa Siaga Ramadan dan Idulfitri 1447 H. 
Ratusan posko dan unit pemadam kebakaran siap siaga, didukung teknologi canggih dari Nusantara InnoVision https://t.co/exjwNPSwMB",2045110450892022175,https://pbs.twimg.com/ext_tw_video_thumb/2045110382474436608/pu/img/VwhfHOyfGQXEj5wl.jpg,,in,,0,1,0,https://x.com/PLTGMALEO/status/2045110450892022175,1923989895779147776,PLTGMALEO,"Dengan semangat tanpa henti, ribuan pahlawan listrik telah sukses menjaga agar cahaya terus menyala di seluruh Nusantara selama masa Siaga Ramadan dan Idulfitri 1447 H. 
Ratusan posko dan unit pemadam kebakaran siap siaga, didukung teknologi canggih dari Nusantara InnoVision https://t.co/exjwNPSwMB",dengan semangat tanpa henti ribuan pahlawan listrik telah sukses menjaga agar cahaya terus menyala di seluruh nusantara selama masa siaga ramadan dan idulfitri h ratusan posko dan unit pemadam kebakaran siap siaga didukung teknologi canggih dari nusantara innovision,dengan semangat tanpa henti ribuan pahlawan listrik telah sukses menjaga agar cahaya terus menyala di seluruh nusantara selama masa siaga ramadan dan idulfitri h ratusan posko dan unit pemadam kebakaran siap siaga didukung teknologi canggih dari nusantara innovision,semangat tanpa henti ribuan pahlawan listrik telah sukses menjaga agar cahaya terus menyala seluruh nusantara selama masa siaga ramadan idulfitri h ratusan posko unit pemadam kebakaran siap siaga didukung teknologi canggih nusantara innovision,semangat tanpa hent ribuan pahlawan listrik te sukses njaga agar cahaya us nyala seluruh nusantara selama masa siaga ramadan idulfitr h ratusan posko unit madam bakaran siap siaga dukung teknolog canggih nusantara innovision
2044345012138414231,2026-04-15T09:20:07.000Z,1,"🚒🔥 **Damkar Hadir untuk Edukasi &amp; Aksi Nyata!** 🔥🚒

Dinas Pemadam Kebakaran dan Penyelamatan  (Damkarmat) turut hadir dalam kegiatan pengawasan di TPA Desa Tambong dengan memberikan edukasi penting kepada masyarakat terkait penanganan kebakaran. https://t.co/FAPbETJ1On",2044345012138414231,https://pbs.twimg.com/ext_tw_video_thumb/2044344808555335680/pu/img/ybHMktKEVz-Ekw6W.jpg,,in,,0,0,0,https://x.com/BwiDamkar/status/2044345012138414231,1620611682069544970,BwiDamkar,"🚒🔥 **Damkar Hadir untuk Edukasi &amp; Aksi Nyata!** 🔥🚒

Dinas Pemadam Kebakaran dan Penyelamatan  (Damkarmat) turut hadir dalam kegiatan pengawasan di TPA Desa Tambong dengan memberikan edukasi penting kepada masyarakat terkait penanganan kebakaran. https://t.co/FAPbETJ1On",damkar hadir untuk edukasi amp aksi nyata dinas pemadam kebakaran dan penyelamatan damkarmat turut hadir dalam kegiatan pengawasan di tpa desa tambong dengan memberikan edukasi penting kepada masyarakat terkait penanganan kebakaran,damkar hadir untuk edukasi amp aksi nyata dinas pemadam kebakaran dan penyelamatan damkarmat turut hadir dalam kegiatan pengawasan di tpa desa tambong dengan memberikan edukasi penting kepada masyarakat terkait penanganan kebakaran,damkar hadir edukasi amp aksi nyata dinas pemadam kebakaran penyelamatan damkarmat turut hadir kegiatan pengawasan tpa desa tambong memberikan edukasi penting kepada masyarakat terkait penanganan kebakaran,damkar hadir edukas amp aks nyata nas madam bakaran nyelamatan damkarmat turut hadir giatan ngawasan tpa desa tambong mberi edukas nting pada masyarakat kait nanganan bakaran
2044960928756908244,2026-04-17T02:07:33.000Z,0,"Kebakaran hebat melanda pabrik isolasi di kawasan Margomulyo, Surabaya, Kamis petang (16/4/2026), mengerahkan puluhan armada hingga robot pemadam untuk menjangkau titik api. #surabaya #breakingnews #kebakaran #damkar #margomulyo https://t.co/BCRg8ZqCI1",2044960928756908244,https://pbs.twimg.com/amplify_video_thumb/2044960864802127872/img/7Q4urgfAyMZ_kZ1S.jpg,,in,,0,0,0,https://x.com/SentraPos/status/2044960928756908244,1973751307778600961,SentraPos,"Kebakaran hebat melanda pabrik isolasi di kawasan Margomulyo, Surabaya, Kamis petang (16/4/2026), mengerahkan puluhan armada hingga robot pemadam untuk menjangkau titik api. #surabaya #breakingnews #kebakaran #damkar #margomulyo https://t.co/BCRg8ZqCI1",kebakaran hebat melanda pabrik isolasi di kawasan margomulyo surabaya kamis petang mengerahkan puluhan armada hingga robot pemadam untuk menjangkau titik api surabaya breakingnews kebakaran damkar margomulyo,kebakaran hebat melanda pabrik isolasi di kawasan margomulyo surabaya kamis petang mengerahkan puluhan armada hingga robot pemadam untuk menjangkau titik api surabaya breakingnews kebakaran damkar margomulyo,kebakaran hebat melanda pabrik isolasi kawasan margomulyo surabaya kamis petang mengerahkan puluhan armada hingga robot pemadam menjangkau titik api surabaya breakingnews kebakaran damkar margomulyo,bakaran hebat landa pabrik isolas kawasan margomulyo surabaya kamis tang ngerah puluhan armada hingga robot madam njangkau titik ap surabaya breakingnews bakaran damkar margomulyo
2036032059505057891,2026-03-23T10:47:25.000Z,0,"Pesawat Air Canada Express dengan nomor penerbangan AC8646 menghantam truk pemadam  kebakaran saat mendarat, mengakibatkan pilot dan kopilot tewas di  tempat.
https://t.co/tNWmAzG5i5",2036032059505057891,,,in,,0,1,0,https://x.com/mediaindonesia/status/2036032059505057891,68930552,mediaindonesia,"Pesawat Air Canada Express dengan nomor penerbangan AC8646 menghantam truk pemadam  kebakaran saat mendarat, mengakibatkan pilot dan kopilot tewas di  tempat.
https://t.co/tNWmAzG5i5",pesawat air canada express dengan nomor penerbangan ac menghantam truk pemadam kebakaran saat mendarat mengakibatkan pilot dan kopilot tewas di tempat,pesawat air canada express dengan nomor penerbangan ac menghantam truk pemadam kebakaran saat mendarat mengakibatkan pilot dan kopilot tewas di tempat,pesawat air canada express nomor penerbangan ac menghantam truk pemadam kebakaran saat mendarat mengakibatkan pilot kopilot tewas tempat,sawat air canada express nomor nerbangan ac nghantam truk madam bakaran saat ndarat ngakibat pilot kopilot tewas tempat
2034249664393011623,2026-03-18T12:44:49.000Z,14,Emang yg gue percaya cuma pemadam kebakaran.,2034249664393011623,,,in,,0,2,2,https://x.com/bakuldimsum_/status/2034249664393011623,1518293169258909696,bakuldimsum_,Emang yg gue percaya cuma pemadam kebakaran.,emang yg gue percaya cuma pemadam kebakaran,emang yang saya percaya cuma pemadam kebakaran,emang percaya cuma pemadam kebakaran,emang rcaya cuma madam bakaran
2044078250234916985,2026-04-14T15:52:57.000Z,1,@loanalily jadi polisi atau pemadam kebakaran?,2044081481379918147,,loanalily,in,,1,0,0,https://x.com/2NekoWriter_153/status/2044081481379918147,1938909909359452160,2NekoWriter_153,@loanalily jadi polisi atau pemadam kebakaran?,jadi polisi atau pemadam kebakaran,jadi polisi atau pemadam kebakaran,jadi polisi pemadam kebakaran,jad polis madam bakaran
2045071234954576052,2026-04-17T09:25:52.000Z,0,"Kebakaran mendadak terjadi di kompleks asrama Polri di kawasan Kalideres, Jakarta Barat, pada Jumat siang, 17 April 2026. Kepulan asap sempat terlihat membumbung, membuat petugas pemadam kebakaran langsung bergerak cepat ke lokasi.

Kepala Dinas Penanggulangan Kebakaran dan https://t.co/cUeBmvIBlk",2045071234954576052,https://pbs.twimg.com/media/HGGNc2DXIAIrlf6.jpg,,in,,0,1,0,https://x.com/VIVAcoid/status/2045071234954576052,41730943,VIVAcoid,"Kebakaran mendadak terjadi di kompleks asrama Polri di kawasan Kalideres, Jakarta Barat, pada Jumat siang, 17 April 2026. Kepulan asap sempat terlihat membumbung, membuat petugas pemadam kebakaran langsung bergerak cepat ke lokasi.

Kepala Dinas Penanggulangan Kebakaran dan https://t.co/cUeBmvIBlk",kebakaran mendadak terjadi di kompleks asrama polri di kawasan kalideres jakarta barat pada jumat siang april kepulan asap sempat terlihat membumbung membuat petugas pemadam kebakaran langsung bergerak cepat ke lokasi kepala dinas penanggulangan kebakaran dan,kebakaran mendadak terjadi di kompleks asrama polri di kawasan kalideres jakarta barat pada jumat siang april kepulan asap sempat terlihat membumbung membuat petugas pemadam kebakaran langsung bergerak cepat ke lokasi kepala dinas penanggulangan kebakaran dan,kebakaran mendadak terjadi kompleks asrama polri kawasan kalideres jakarta barat jumat siang april kepulan asap sempat terlihat membumbung membuat petugas pemadam kebakaran langsung bergerak cepat lokasi kepala dinas penanggulangan kebakaran,bakaran ndadak jad kompleks asrama polr kawasan kalideres jakarta barat jumat siang april pulan asap sempat lihat mbumbung mbuat tugas madam bakaran langsung bergerak cepat lokas pala nas nanggulangan bakaran
2035571788697207006,2026-03-22T04:18:28.000Z,95,"Militer Israel menyampaikan sebuah rudal Iran telah menghantam Kota Dimona. Lokasi tersebut merupakan tempat fasilitas nuklir berada.

Petugas pemadam kebakaran Israel melaporkan serangan langsung di sebuah kota di Israel selatan itu menyebabkan kerusakan parah pada beberapa https://t.co/4o5pZSMp9B",2035571788697207006,https://pbs.twimg.com/amplify_video_thumb/2035571674444394497/img/_dPS_36a8-kg59TZ.jpg,,in,,2,7,28,https://x.com/inilahdotcom/status/2035571788697207006,46693036,inilahdotcom,"Militer Israel menyampaikan sebuah rudal Iran telah menghantam Kota Dimona. Lokasi tersebut merupakan tempat fasilitas nuklir berada.

Petugas pemadam kebakaran Israel melaporkan serangan langsung di sebuah kota di Israel selatan itu menyebabkan kerusakan parah pada beberapa https://t.co/4o5pZSMp9B",militer israel menyampaikan sebuah rudal iran telah menghantam kota dimona lokasi tersebut merupakan tempat fasilitas nuklir berada petugas pemadam kebakaran israel melaporkan serangan langsung di sebuah kota di israel selatan itu menyebabkan kerusakan parah pada beberapa,militer israel menyampaikan sebuah rudal iran telah menghantam kota dimona lokasi tersebut merupakan tempat fasilitas nuklir berada petugas pemadam kebakaran israel melaporkan serangan langsung di sebuah kota di israel selatan itu menyebabkan kerusakan parah pada beberapa,militer israel menyampaikan rudal iran telah menghantam kota dimona lokasi tersebut merupakan tempat fasilitas nuklir berada petugas pemadam kebakaran israel melaporkan serangan langsung kota israel selatan menyebabkan kerusakan parah beberapa,militer israel nyampai rudal iran te nghantam kota mona lokas sebut rupa tempat fasilitas nuklir berada tugas madam bakaran israel lapor serangan langsung kota israel selatan nyebab rusa parah beberapa
2044352382017175667,2026-04-15T09:49:24.000Z,0,Abang sama daddy harus sedia no pemadam kebakaran sih,2044352382017175667,,,in,,0,0,0,https://x.com/bibila_44/status/2044352382017175667,2027743326976557056,bibila_44,Abang sama daddy harus sedia no pemadam kebakaran sih,abang sama daddy harus sedia no pemadam kebakaran sih,abang sama daddy harus sedia no pemadam kebakaran sih,abang sama daddy harus sedia no pemadam kebakaran sih,abang sama daddy harus sedia no madam bakaran sih
2044401632461586683,2026-04-15T13:06:03.000Z,0,Ada kebakaran+ 2 truk pemadam di sebelah aja ga kedengeran 😭😭😭😭,2044401868269609122,,Jido0_,in,,0,1,0,https://x.com/Jido0_/status/2044401868269609122,916308568466325505,Jido0_,Ada kebakaran+ 2 truk pemadam di sebelah aja ga kedengeran 😭😭😭😭,ada kebakaran truk pemadam di sebelah aja ga kedengeran,ada kebakaran truk pemadam di sebelah aja tidak kedengeran,ada kebakaran truk pemadam sebelah aja tidak kedengeran,ada bakaran truk madam sebe aja tidak dengeran
2045096181445869697,2026-04-17T21:35:44.000Z,0,@pendapatpribumi @indepenSumatera SEMOGA MENJADI AHLI SYURGA NAK🤲🤲🤲🤲🤲🤲🤲🤲🤲🤲,2045254911005487190,,pendapatpribumi,in,,0,0,0,https://x.com/CoColok_Komporr/status/2045254911005487190,1986937972735057920,CoColok_Komporr,@pendapatpribumi @indepenSumatera SEMOGA MENJADI AHLI SYURGA NAK🤲🤲🤲🤲🤲🤲🤲🤲🤲🤲,semoga menjadi ahli syurga nak,semoga menjadi ahli syurga nak,semoga menjadi ahli syurga nak,semoga njad ahl syurga nak
2036020391869878728,2026-03-23T10:01:03.000Z,8,"Sebuah pesawat jet regional milik Air Canada mengalami kecelakaan setelah menabrak kendaraan pemadam kebakaran di landasan pacu Bandara LaGuardia, New York pada Minggu (22/3/2026) malam waktu setempat. Insiden tersebut menyebabkan dua orang meninggal dunia dan sejumlah lainnya https://t.co/SUU4wZVBKP",2036020391869878728,https://pbs.twimg.com/amplify_video_thumb/2036020138986950657/img/asDvwF5yfkUgk1T5.jpg,,in,,0,0,2,https://x.com/Beritasatu/status/2036020391869878728,154102750,Beritasatu,"Sebuah pesawat jet regional milik Air Canada mengalami kecelakaan setelah menabrak kendaraan pemadam kebakaran di landasan pacu Bandara LaGuardia, New York pada Minggu (22/3/2026) malam waktu setempat. Insiden tersebut menyebabkan dua orang meninggal dunia dan sejumlah lainnya https://t.co/SUU4wZVBKP",sebuah pesawat jet regional milik air canada mengalami kecelakaan setelah menabrak kendaraan pemadam kebakaran di landasan pacu bandara laguardia new york pada minggu malam waktu setempat insiden tersebut menyebabkan dua orang meninggal dunia dan sejumlah lainnya,sebuah pesawat jet regional milik air canada mengalami kecelakaan setelah menabrak kendaraan pemadam kebakaran di landasan pacu bandara laguardia new york pada minggu malam waktu setempat insiden tersebut menyebabkan dua orang meninggal dunia dan sejumlah lainnya,pesawat jet regional milik air canada mengalami kecelakaan setelah menabrak kendaraan pemadam kebakaran landasan pacu bandara laguardia new york minggu malam waktu setempat insiden tersebut menyebabkan dua orang meninggal dunia sejumlah lainnya,sawat jet regional milik air canada ngalam celakaan sete nabrak ndaraan madam bakaran landasan pacu bandara laguardia new york minggu malam waktu setempat insiden sebut nyebab dua orang ninggal dunia sejum lain
2041036012034695169,2026-04-06T06:11:20.000Z,0,"Tim RESCUE Pemadam Kebakaran Bengkulu Selatan menindak lanjuti laporan Bapak Rafi Abdurrahman untuk mengevakuasi biawak yang masuk ke Toko pada hari Senin, 6 April 2026 pukul 12.00 WIB. 

Berlokasi di Toko Rafi Komputer, Jl. Kolonel Berlian, Kota Medan

https://t.co/G1Z1Q4fj2Z",2041036012034695169,,,in,,0,0,0,https://x.com/damkarbs/status/2041036012034695169,1390080853569458177,damkarbs,"Tim RESCUE Pemadam Kebakaran Bengkulu Selatan menindak lanjuti laporan Bapak Rafi Abdurrahman untuk mengevakuasi biawak yang masuk ke Toko pada hari Senin, 6 April 2026 pukul 12.00 WIB. 

Berlokasi di Toko Rafi Komputer, Jl. Kolonel Berlian, Kota Medan

https://t.co/G1Z1Q4fj2Z",tim rescue pemadam kebakaran bengkulu selatan menindak lanjuti laporan bapak rafi abdurrahman untuk mengevakuasi biawak yang masuk ke toko pada hari senin april pukul wib berlokasi di toko rafi komputer jl kolonel berlian kota medan,tim rescue pemadam kebakaran bengkulu selatan menindak lanjuti laporan bapak rafi abdurrahman untuk mengevakuasi biawak yang masuk ke toko pada hari senin april pukul wib berlokasi di toko rafi komputer jl kolonel berlian kota medan,tim rescue pemadam kebakaran bengkulu selatan menindak lanjuti laporan bapak rafi abdurrahman mengevakuasi biawak masuk toko hari senin april pukul wib berlokasi toko rafi komputer jl kolonel berlian kota medan,tim rescue madam bakaran bengkulu selatan nindak lanjut laporan bapak raf abdurrahman ngevakuas biawak masuk toko har senin april pukul wib berlokas toko raf komputer jl kolonel berlian kota dan
2042828506229543211,2026-04-11T04:54:04.000Z,0,"Lingga – Dalam upaya pencegahan dan penanggulangan Kebakaran Hutan dan Lahan (Karhutla), Babinsa Koramil 04/Dabo, Pratu Divi Vikriansyah, yang bertugas di wilayah Desa Pelakak, Desa Jagoh, Kelurahan Raya, dan Desa Sungai Raya, https://t.co/773yLdskHc #taudarikepripedia",2042828506229543211,,,in,,0,0,0,https://x.com/kepripediacom/status/2042828506229543211,1093636091003817984,kepripediacom,"Lingga – Dalam upaya pencegahan dan penanggulangan Kebakaran Hutan dan Lahan (Karhutla), Babinsa Koramil 04/Dabo, Pratu Divi Vikriansyah, yang bertugas di wilayah Desa Pelakak, Desa Jagoh, Kelurahan Raya, dan Desa Sungai Raya, https://t.co/773yLdskHc #taudarikepripedia",lingga dalam upaya pencegahan dan penanggulangan kebakaran hutan dan lahan karhutla babinsa koramil dabo pratu divi vikriansyah yang bertugas di wilayah desa pelakak desa jagoh kelurahan raya dan desa sungai raya taudarikepripedia,lingga dalam upaya pencegahan dan penanggulangan kebakaran hutan dan lahan karhutla babinsa koramil dabo pratu divi vikriansyah yang bertugas di wilayah desa pelakak desa jagoh kelurahan raya dan desa sungai raya taudarikepripedia,lingga upaya pencegahan penanggulangan kebakaran hutan lahan karhutla babinsa koramil dabo pratu divi vikriansyah bertugas wilayah desa pelakak desa jagoh kelurahan raya desa sungai raya taudarikepripedia,lingga upaya ncegahan nanggulangan bakaran hutan lahan karhutla babinsa koramil dabo pratu v vikriansyah bertugas wilayah desa lakak desa jagoh lurahan raya desa sunga raya taudarikepripedia
2043452349243629766,2026-04-12T22:13:00.000Z,0,"Tim Pemadam Kebakaran Cilacap berhasil menyelamatkan handphone milik anak berusia 11 tahun yang terjepit di rel kereta. Selain itu, mereka juga memberikan edukasi soal keselamatan di sekitar rel. Penting untuk selalu waspada saat bermain! https://t.co/uEzFN2jZgX",2043452349243629766,https://pbs.twimg.com/media/HFtHTEpbYAAegnm.jpg,,in,,0,0,0,https://x.com/radarmasnetwork/status/2043452349243629766,3245882905,radarmasnetwork,"Tim Pemadam Kebakaran Cilacap berhasil menyelamatkan handphone milik anak berusia 11 tahun yang terjepit di rel kereta. Selain itu, mereka juga memberikan edukasi soal keselamatan di sekitar rel. Penting untuk selalu waspada saat bermain! https://t.co/uEzFN2jZgX",tim pemadam kebakaran cilacap berhasil menyelamatkan handphone milik anak berusia tahun yang terjepit di rel kereta selain itu mereka juga memberikan edukasi soal keselamatan di sekitar rel penting untuk selalu waspada saat bermain,tim pemadam kebakaran cilacap berhasil menyelamatkan handphone milik anak berusia tahun yang terjepit di rel kereta selain itu mereka juga memberikan edukasi soal keselamatan di sekitar rel penting untuk selalu waspada saat bermain,tim pemadam kebakaran cilacap berhasil menyelamatkan handphone milik anak berusia tahun terjepit rel kereta selain memberikan edukasi soal keselamatan sekitar rel penting selalu waspada saat bermain,tim madam bakaran cilacap berhasil nyelamat handphone milik anak berusia tahun jepit rel reta selain mberi edukas soal selamatan sekitar rel nting selalu waspada saat bermain
2044612242637750639,2026-04-17T03:39:46.000Z,2,"@P3gEl Paling bener ke pemadam kebakaran pasti satset dibantu, 

Parcok Melindungi dan Melayani Siapa.???",2044984137229140012,,P3gEl,in,,0,1,0,https://x.com/DazaiOsamu8888/status/2044984137229140012,1952510504959885312,DazaiOsamu8888,"@P3gEl Paling bener ke pemadam kebakaran pasti satset dibantu, 

Parcok Melindungi dan Melayani Siapa.???",paling bener ke pemadam kebakaran pasti satset dibantu parcok melindungi dan melayani siapa,paling bener ke pemadam kebakaran pasti satset dibantu parcok melindungi dan melayani siapa,paling bener pemadam kebakaran pasti satset dibantu parcok melindungi melayani siapa,paling bener madam bakaran past satset bantu parcok lindung layan siapa
2045021184102928646,2026-04-17T06:07:00.000Z,0,"Kegiatan diawali dengan pemberian materi oleh Tim Pemadam Kebakaran dan Penyelamatan BPBD DIY, meliputi penyebab kebakaran, prosedur evakuasi, hingga tata cara penggunaan Alat Pemadam Api Ringan (APAR).",2045021186564968553,,BPBDDIY,in,,0,1,0,https://x.com/BPBDDIY/status/2045021186564968553,758572219,BPBDDIY,"Kegiatan diawali dengan pemberian materi oleh Tim Pemadam Kebakaran dan Penyelamatan BPBD DIY, meliputi penyebab kebakaran, prosedur evakuasi, hingga tata cara penggunaan Alat Pemadam Api Ringan (APAR).",kegiatan diawali dengan pemberian materi oleh tim pemadam kebakaran dan penyelamatan bpbd diy meliputi penyebab kebakaran prosedur evakuasi hingga tata cara penggunaan alat pemadam api ringan apar,kegiatan diawali dengan pemberian materi oleh tim pemadam kebakaran dan penyelamatan bpbd diy meliputi penyebab kebakaran prosedur evakuasi hingga tata cara penggunaan alat pemadam api ringan apar,kegiatan diawali pemberian materi oleh tim pemadam kebakaran penyelamatan bpbd diy meliputi penyebab kebakaran prosedur evakuasi hingga tata cara penggunaan alat pemadam api ringan apar,giatan awal mberian mater oleh tim madam bakaran nyelamatan bpbd y liput nyebab bakaran prosedur evakuas hingga tata cara nggunaan alat madam ap ringan apar
2040235447809704171,2026-04-04T01:10:11.000Z,209,"🎥 Video dari Israel Hayom yang menunjukkan rudal Iran dengan mudah menghantam Beersheba

Channel 12 Israel: Banyak tim pemadam kebakaran telah dikirim ke lokasi kecelakaan https://t.co/2XvugD8gPo",2040235447809704171,https://pbs.twimg.com/amplify_video_thumb/2040235050269310977/img/G1oV93kIgrgUfXBx.jpg,,in,,1,3,58,https://x.com/SoftWarNews/status/2040235447809704171,2256063276,SoftWarNews,"🎥 Video dari Israel Hayom yang menunjukkan rudal Iran dengan mudah menghantam Beersheba

Channel 12 Israel: Banyak tim pemadam kebakaran telah dikirim ke lokasi kecelakaan https://t.co/2XvugD8gPo",video dari israel hayom yang menunjukkan rudal iran dengan mudah menghantam beersheba channel israel banyak tim pemadam kebakaran telah dikirim ke lokasi kecelakaan,video dari israel hayom yang menunjukkan rudal iran dengan mudah menghantam beersheba channel israel banyak tim pemadam kebakaran telah dikirim ke lokasi kecelakaan,video israel hayom menunjukkan rudal iran mudah menghantam beersheba channel israel banyak tim pemadam kebakaran telah dikirim lokasi kecelakaan,video israel hayom nunjuk rudal iran mudah nghantam beersheba channel israel banyak tim madam bakaran te kirim lokas celakaan
2044026441424335085,2026-04-14T12:14:14.000Z,0,"Anggota Satgas DAMKAR BS menindaklanjuti laporan warga Batu Kuning untuk membersihkan Jl. Iskandar Baksir yang licin akibat tumpahan minyak pada hari Selasa, 14 April 2026 pukul 17.35 WIB. 

#damkar #pemadamkebakaran #bengkuluselatan #membara

https://t.co/aiySUhHs5d",2044026441424335085,,,in,,0,0,0,https://x.com/damkarbs/status/2044026441424335085,1390080853569458177,damkarbs,"Anggota Satgas DAMKAR BS menindaklanjuti laporan warga Batu Kuning untuk membersihkan Jl. Iskandar Baksir yang licin akibat tumpahan minyak pada hari Selasa, 14 April 2026 pukul 17.35 WIB. 

#damkar #pemadamkebakaran #bengkuluselatan #membara

https://t.co/aiySUhHs5d",anggota satgas damkar bs menindaklanjuti laporan warga batu kuning untuk membersihkan jl iskandar baksir yang licin akibat tumpahan minyak pada hari selasa april pukul wib damkar pemadamkebakaran bengkuluselatan membara,anggota satgas damkar bs menindaklanjuti laporan warga batu kuning untuk membersihkan jl iskandar baksir yang licin akibat tumpahan minyak pada hari selasa april pukul wib damkar pemadamkebakaran bengkuluselatan membara,anggota satgas damkar bs menindaklanjuti laporan warga batu kuning membersihkan jl iskandar baksir licin akibat tumpahan minyak hari selasa april pukul wib damkar pemadamkebakaran bengkuluselatan membara,anggota satgas damkar bs nindaklanjut laporan warga batu kuning mbersih jl iskandar baksir licin akibat tumpahan minyak har selasa april pukul wib damkar madamkebakaran bengkuluselatan mbara
2041419176980709589,2026-04-11T13:40:50.000Z,0,"@kwaeum @jiangheeng tolong panggil pemadam kebakaran ya, dd, buat jaga-jaga kalau nanti tiba-tiba jatuh. siapa tau anginnya mau ngajak ribut.",2042961072383234203,,kwaeum,in,,0,0,0,https://x.com/jiaangheng/status/2042961072383234203,1587739636620591104,jiaangheng,"@kwaeum @jiangheeng tolong panggil pemadam kebakaran ya, dd, buat jaga-jaga kalau nanti tiba-tiba jatuh. siapa tau anginnya mau ngajak ribut.",tolong panggil pemadam kebakaran ya dd buat jaga jaga kalau nanti tiba tiba jatuh siapa tau anginnya mau ngajak ribut,tolong panggil pemadam kebakaran ya dd buat jaga jaga kalau nanti tiba tiba jatuh siapa tau anginnya mau ngajak ribut,tolong panggil pemadam kebakaran ya dd buat jaga jaga kalau nanti tiba tiba jatuh siapa tau anginnya mau ngajak ribut,tolong panggil madam bakaran ya dd buat jaga jaga kalau nant tiba tiba jatuh siapa tau angin mau ngajak ribut
2032705165938274410,2026-03-14T06:27:32.000Z,6,"Satu Tujuan Semua Selamat di Pelintasan

#Railfriends, bagi petugas pemadam kebakaran, setiap detik adalah pertaruhan nyawa. Mereka terbiasa berlari saat orang lain menjauh dari bahaya. Namun ada satu tempat di mana mereka memilih berhenti sejenak yaitu pelintasan sebidang kereta https://t.co/6xeRqQlCsN",2032705165938274410,https://pbs.twimg.com/amplify_video_thumb/2032704978746486791/img/wvyUIPt37P7LOHBg.jpg,,in,,0,0,1,https://x.com/keretaapikita/status/2032705165938274410,378403540,keretaapikita,"Satu Tujuan Semua Selamat di Pelintasan

#Railfriends, bagi petugas pemadam kebakaran, setiap detik adalah pertaruhan nyawa. Mereka terbiasa berlari saat orang lain menjauh dari bahaya. Namun ada satu tempat di mana mereka memilih berhenti sejenak yaitu pelintasan sebidang kereta https://t.co/6xeRqQlCsN",satu tujuan semua selamat di pelintasan railfriends bagi petugas pemadam kebakaran setiap detik adalah pertaruhan nyawa mereka terbiasa berlari saat orang lain menjauh dari bahaya namun ada satu tempat di mana mereka memilih berhenti sejenak yaitu pelintasan sebidang kereta,satu tujuan semua selamat di pelintasan railfriends bagi petugas pemadam kebakaran setiap detik adalah pertaruhan nyawa mereka terbiasa berlari saat orang lain menjauh dari bahaya namun ada satu tempat di mana mereka memilih berhenti sejenak yaitu pelintasan sebidang kereta,satu tujuan semua selamat pelintasan railfriends bagi petugas pemadam kebakaran setiap detik pertaruhan nyawa terbiasa berlari saat orang lain menjauh bahaya namun ada satu tempat mana memilih berhenti sejenak yaitu pelintasan sebidang kereta,satu tujuan semua selamat lintasan railfriends bag tugas madam bakaran setiap detik rtaruhan nyawa biasa berlar saat orang lain njauh bahaya namun ada satu tempat mana milih berhent sejenak yaitu lintasan sebidang reta
2044350081923760178,2026-04-15T15:27:57.000Z,0,@unmagnetism Ini mobil pemadam kebakaran kah?,2044437579756654977,,unmagnetism,in,,0,0,0,https://x.com/Racunsensen/status/2044437579756654977,1827952340206546945,Racunsensen,@unmagnetism Ini mobil pemadam kebakaran kah?,ini mobil pemadam kebakaran kah,ini mobil pemadam kebakaran kah,mobil pemadam kebakaran kah,mobil madam bakaran 
2038255393080737893,2026-03-29T14:02:09.000Z,2,"Surat kabar Ibrani ""Yediot Ahronot"": 

Akibat serangan rudal Iran hari ini, ada pemandangan yang menunjukkan kerusakan parah pada rumah dan kendaraan para pemukim kolonial. Menurut departemen pemadam kebakaran, perkiraan tim pemadam kebakaran di lapangan menunjukkan bahwa radius https://t.co/vyThBFLZlI",2038255393080737893,https://pbs.twimg.com/media/HElWelsaIAAbeIo.jpg,,in,,0,0,1,https://x.com/bundaathira/status/2038255393080737893,104374118,bundaathira,"Surat kabar Ibrani ""Yediot Ahronot"": 

Akibat serangan rudal Iran hari ini, ada pemandangan yang menunjukkan kerusakan parah pada rumah dan kendaraan para pemukim kolonial. Menurut departemen pemadam kebakaran, perkiraan tim pemadam kebakaran di lapangan menunjukkan bahwa radius https://t.co/vyThBFLZlI",surat kabar ibrani yediot ahronot akibat serangan rudal iran hari ini ada pemandangan yang menunjukkan kerusakan parah pada rumah dan kendaraan para pemukim kolonial menurut departemen pemadam kebakaran perkiraan tim pemadam kebakaran di lapangan menunjukkan bahwa radius,surat kabar ibrani yediot ahronot akibat serangan rudal iran hari ini ada pemandangan yang menunjukkan kerusakan parah pada rumah dan kendaraan para pemukim kolonial menurut departemen pemadam kebakaran perkiraan tim pemadam kebakaran di lapangan menunjukkan bahwa radius,surat kabar ibrani yediot ahronot akibat serangan rudal iran hari ada pemandangan menunjukkan kerusakan parah rumah kendaraan para pemukim kolonial menurut departemen pemadam kebakaran perkiraan tim pemadam kebakaran lapangan menunjukkan bahwa radius,surat kabar ibran yediot ahronot akibat serangan rudal iran har ada mandangan nunjuk rusa parah rumah ndaraan para mukim kolonial nurut departemen madam bakaran rkiraan tim madam bakaran lapangan nunjuk bahwa radius
2044639146317414422,2026-04-16T13:53:42.000Z,1,"@empty__core Prioritaskan ambulan, lalu pemadam kebakaran. 
Lalu sisanya gimana ?
BAKAR AJA !!! NGGAK BUTUH !!",2044776249462321387,,empty__core,in,,0,0,0,https://x.com/ronniechannelid/status/2044776249462321387,1964255805508816896,ronniechannelid,"@empty__core Prioritaskan ambulan, lalu pemadam kebakaran. 
Lalu sisanya gimana ?
BAKAR AJA !!! NGGAK BUTUH !!",prioritaskan ambulan lalu pemadam kebakaran lalu sisanya gimana bakar aja nggak butuh,prioritaskan ambulan lalu pemadam kebakaran lalu sisanya gimana bakar aja nggak butuh,prioritaskan ambulan lalu pemadam kebakaran lalu sisanya gimana bakar aja nggak butuh,prioritas ambulan lalu madam bakaran lalu sisa gimana bakar aja nggak butuh
2036157305155363274,2026-03-23T19:05:06.000Z,3,"02.04: Terjadi kebakaran sebuah bengkel motor di jalan Pekapuran, Kota Depok. Sudah ada 4 unit mobil pemadam kebakaran masih dalam proses pemadaman. (P. Reza) https://t.co/glQ2o8DVk8",2036157305155363274,https://pbs.twimg.com/amplify_video_thumb/2036157224494702593/img/oi-DEMrk7HrFM2dS.jpg,,in,,0,0,0,https://x.com/RadioElshinta/status/2036157305155363274,121640063,RadioElshinta,"02.04: Terjadi kebakaran sebuah bengkel motor di jalan Pekapuran, Kota Depok. Sudah ada 4 unit mobil pemadam kebakaran masih dalam proses pemadaman. (P. Reza) https://t.co/glQ2o8DVk8",terjadi kebakaran sebuah bengkel motor di jalan pekapuran kota depok sudah ada unit mobil pemadam kebakaran masih dalam proses pemadaman p reza,terjadi kebakaran sebuah bengkel motor di jalan pekapuran kota depok sudah ada unit mobil pemadam kebakaran masih dalam proses pemadaman p reza,terjadi kebakaran bengkel motor jalan pekapuran kota depok ada unit mobil pemadam kebakaran masih proses pemadaman p reza,jad bakaran bengkel motor jalan kapuran kota depok ada unit mobil madam bakaran masih proses madaman p reza
2044758015115723134,2026-04-16T12:41:21.000Z,0,"Main ke pemadam kebakaran seru banget gaes! Naik ke mobil damkar, nyobain jaketnya, terus dikasih tau banyak hal keren tentang kerjaan mereka. Orang-orangnya ramah semua #riyal. Terus aku juga pegang ular (tanganku gemeteran brok 😭) mantap lah gaes pokoknya!!! 👍 https://t.co/SOf2xrgkWF",2044758042844238270,https://pbs.twimg.com/media/HGBwl5pb0AI2asL.jpg,chrimty,in,,0,0,0,https://x.com/chrimty/status/2044758042844238270,1664726724548993026,chrimty,"Main ke pemadam kebakaran seru banget gaes! Naik ke mobil damkar, nyobain jaketnya, terus dikasih tau banyak hal keren tentang kerjaan mereka. Orang-orangnya ramah semua #riyal. Terus aku juga pegang ular (tanganku gemeteran brok 😭) mantap lah gaes pokoknya!!! 👍 https://t.co/SOf2xrgkWF",main ke pemadam kebakaran seru banget gaes naik ke mobil damkar nyobain jaketnya terus dikasih tau banyak hal keren tentang kerjaan mereka orang orangnya ramah semua riyal terus aku juga pegang ular tanganku gemeteran brok mantap lah gaes pokoknya,main ke pemadam kebakaran seru banget gaes naik ke mobil damkar nyobain jaketnya terus dikasih tau banyak hal keren tentang kerjaan mereka orang orangnya ramah semua riyal terus saya juga pegang ular tanganku gemeteran brok mantap lah gaes pokoknya,main pemadam kebakaran seru banget gaes naik mobil damkar nyobain jaketnya terus dikasih tau banyak hal keren tentang kerjaan orang orangnya ramah semua riyal terus pegang ular tanganku gemeteran brok mantap lah gaes pokoknya,main madam bakaran seru banget gaes naik mobil damkar nyobain jaket us kasih tau banyak hal ren tentang rjaan orang orang ramah semua riyal us gang ular tangan gemeteran brok mantap  gaes pokok
2043180646873633002,2026-04-12T04:13:21.000Z,1,"Dalam upaya meningkatkan kesadaran serta pengetahuan masyarakat mengenai pentingnya keselamatan, Dinas Pemadam Kebakaran dan Penyelamatan (Damkarmat) Kabupaten Banyuwangi turut berpartisipasi dalam kegiatan Car Free Day (CFD). https://t.co/bfGBZHJWGZ",2043180646873633002,https://pbs.twimg.com/ext_tw_video_thumb/2043180600740478976/pu/img/3LOXSgEqHoz6VCOz.jpg,,in,,0,0,0,https://x.com/BwiDamkar/status/2043180646873633002,1620611682069544970,BwiDamkar,"Dalam upaya meningkatkan kesadaran serta pengetahuan masyarakat mengenai pentingnya keselamatan, Dinas Pemadam Kebakaran dan Penyelamatan (Damkarmat) Kabupaten Banyuwangi turut berpartisipasi dalam kegiatan Car Free Day (CFD). https://t.co/bfGBZHJWGZ",dalam upaya meningkatkan kesadaran serta pengetahuan masyarakat mengenai pentingnya keselamatan dinas pemadam kebakaran dan penyelamatan damkarmat kabupaten banyuwangi turut berpartisipasi dalam kegiatan car free day cfd,dalam upaya meningkatkan kesadaran serta pengetahuan masyarakat mengenai pentingnya keselamatan dinas pemadam kebakaran dan penyelamatan damkarmat kabupaten banyuwangi turut berpartisipasi dalam kegiatan car free day cfd,upaya meningkatkan kesadaran serta pengetahuan masyarakat mengenai pentingnya keselamatan dinas pemadam kebakaran penyelamatan damkarmat kabupaten banyuwangi turut berpartisipasi kegiatan car free day cfd,upaya ningkat sadaran serta ngetahuan masyarakat ngena nting selamatan nas madam bakaran nyelamatan damkarmat kabupaten banyuwang turut berpartisipas giatan car free day cfd
2045046039003156965,2026-04-17T08:10:35.000Z,0,@new_thitipoom Aku kira pemadam kebakaran 😭,2045052288763654618,,new_thitipoom,in,,0,0,0,https://x.com/kayin_kayy/status/2045052288763654618,1490893000603435013,kayin_kayy,@new_thitipoom Aku kira pemadam kebakaran 😭,aku kira pemadam kebakaran,saya kira pemadam kebakaran,kira pemadam kebakaran,kira madam bakaran
2044639146317414422,2026-04-17T02:56:23.000Z,0,"@empty__core 1. Pemadam kebakaran 2. Ambulan, sisanya ga penting",2044973217698463774,,empty__core,in,,0,0,0,https://x.com/wolfiejwu/status/2044973217698463774,1591068574579204096,wolfiejwu,"@empty__core 1. Pemadam kebakaran 2. Ambulan, sisanya ga penting",pemadam kebakaran ambulan sisanya ga penting,pemadam kebakaran ambulan sisanya tidak penting,pemadam kebakaran ambulan sisanya tidak penting,madam bakaran ambulan sisa tidak nting
2044639146317414422,2026-04-17T00:43:41.000Z,0,@Fian_Fian157 @empty__core Elo yg goblok permanen wahai antek orba . Jawaban gua nyindir tau nggak .Jawaban yg betul ya pemadam kebakaran krn bisa mengancam byk nyawa.Mobil ambulance cuma satu nyawa. Kamu adl contoh dr kegoblokan pemilih 02 ( pki +orba )kaum omon2 &amp; kaum termul . Mandi kembang 7 rupa sana,2044939820947173434,,Fian_Fian157,in,,0,0,0,https://x.com/afif_sanja5092/status/2044939820947173434,2007643116090892288,afif_sanja5092,@Fian_Fian157 @empty__core Elo yg goblok permanen wahai antek orba . Jawaban gua nyindir tau nggak .Jawaban yg betul ya pemadam kebakaran krn bisa mengancam byk nyawa.Mobil ambulance cuma satu nyawa. Kamu adl contoh dr kegoblokan pemilih 02 ( pki +orba )kaum omon2 &amp; kaum termul . Mandi kembang 7 rupa sana,elo yg goblok permanen wahai antek orba jawaban gua nyindir tau nggak jawaban yg betul ya pemadam kebakaran krn bisa mengancam byk nyawa mobil ambulance cuma satu nyawa kamu adl contoh dr kegoblokan pemilih pki orba kaum omon amp kaum termul mandi kembang rupa sana,elo yang goblok permanen wahai antek orba jawaban gua nyindir tau nggak jawaban yang betul ya pemadam kebakaran krn bisa mengancam byk nyawa mobil ambulance cuma satu nyawa kamu adl contoh dr kegoblokan pemilih pki orba kaum omon amp kaum termul mandi kembang rupa sana,elo goblok permanen wahai antek orba jawaban gua nyindir tau nggak jawaban betul ya pemadam kebakaran krn bisa mengancam byk nyawa mobil ambulance cuma satu nyawa kamu adl contoh dr kegoblokan pemilih pki orba kaum omon amp kaum termul mandi kembang rupa sana,elo goblok rmanen waha antek orba jawaban gua nyindir tau nggak jawaban betul ya madam bakaran krn bisa ngancam byk nyawa mobil ambulance cuma satu nyawa ka adl contoh dr goblo milih pk orba kaum omon amp kaum mul mand mbang rupa sana
2042541765526458872,2026-04-10T11:07:18.000Z,2,"@BebySoSweet Ambulance, dan pemadam kebakaran.. sisanya kecelakaan bagus",2042560046551441748,,BebySoSweet,in,,0,0,0,https://x.com/Yhundhey69/status/2042560046551441748,2022787821048860672,Yhundhey69,"@BebySoSweet Ambulance, dan pemadam kebakaran.. sisanya kecelakaan bagus",ambulance dan pemadam kebakaran sisanya kecelakaan bagus,ambulance dan pemadam kebakaran sisanya kecelakaan bagus,ambulance pemadam kebakaran sisanya kecelakaan bagus,ambulance madam bakaran sisa celakaan bagus
2043204396369203358,2026-04-13T05:18:19.000Z,0,"@Kanseulir Tergantung mana yang penting,ambulan klo kosong ya bisa ntar,pemadam klo gak ada kebakaran yang bisa tungnggu,polisi klo hanya mau pulang ke pos ya bisa ntarobil mbg klo bawa makanan kan takut basi boleh duluan,paham gak son...",2043559386451505564,,Kanseulir,in,,0,0,0,https://x.com/DJshyam1/status/2043559386451505564,2601389630,DJshyam1,"@Kanseulir Tergantung mana yang penting,ambulan klo kosong ya bisa ntar,pemadam klo gak ada kebakaran yang bisa tungnggu,polisi klo hanya mau pulang ke pos ya bisa ntarobil mbg klo bawa makanan kan takut basi boleh duluan,paham gak son...",tergantung mana yang penting ambulan klo kosong ya bisa ntar pemadam klo gak ada kebakaran yang bisa tungnggu polisi klo hanya mau pulang ke pos ya bisa ntarobil mbg klo bawa makanan kan takut basi boleh duluan paham gak son,tergantung mana yang penting ambulan klo kosong ya bisa ntar pemadam klo tidak ada kebakaran yang bisa tungnggu polisi klo hanya mau pulang ke pos ya bisa ntarobil mbg klo bawa makanan kan takut basi boleh duluan paham tidak son,tergantung mana penting ambulan klo kosong ya bisa ntar pemadam klo tidak ada kebakaran bisa tungnggu polisi klo hanya mau pulang pos ya bisa ntarobil mbg klo bawa makanan kan takut basi boleh duluan paham tidak son,gantung mana nting ambulan klo kosong ya bisa ntar madam klo tidak ada bakaran bisa tungnggu polis klo ha mau pulang pos ya bisa ntarobil mbg klo bawa makanan  takut bas boleh duluan paham tidak son
2044219030488400182,2026-04-15T14:51:33.000Z,3,"@RadioElshinta Suruh membuka mulutnya, masukin selang pemadam kebakaran. Buka kran airnya. 10 detik saja. Lalu masukkan ke penjara. Niscaya mereka akan jera.",2044428418960482475,,RadioElshinta,in,,0,1,2,https://x.com/babegini/status/2044428418960482475,226416224,babegini,"@RadioElshinta Suruh membuka mulutnya, masukin selang pemadam kebakaran. Buka kran airnya. 10 detik saja. Lalu masukkan ke penjara. Niscaya mereka akan jera.",suruh membuka mulutnya masukin selang pemadam kebakaran buka kran airnya detik saja lalu masukkan ke penjara niscaya mereka akan jera,suruh membuka mulutnya masukin selang pemadam kebakaran buka kran airnya detik saja lalu masukkan ke penjara niscaya mereka akan jera,suruh membuka mulutnya masukin selang pemadam kebakaran buka kran airnya detik saja lalu masukkan penjara niscaya akan jera,suruh mbuka mulut masukin selang madam bakaran buka kran air detik saja lalu masuk njara niscaya a jera
2042482854857490806,2026-04-10T06:00:37.000Z,0,"pemadaman dengan peralatan seadanya sambil menunggu kedatangan petugas pemadam kebakaran.

Namun, karena konstruksi bangunan yang didominasi material kayu serta kondisi cuaca panas disertai angin kencang, api dengan cepat membesar dan merambat ke bangunan di sekitarnya.",2042482866513424677,,im_utuhslebew,in,,0,0,0,https://x.com/im_utuhslebew/status/2042482866513424677,1568045311368765441,im_utuhslebew,"pemadaman dengan peralatan seadanya sambil menunggu kedatangan petugas pemadam kebakaran.

Namun, karena konstruksi bangunan yang didominasi material kayu serta kondisi cuaca panas disertai angin kencang, api dengan cepat membesar dan merambat ke bangunan di sekitarnya.",pemadaman dengan peralatan seadanya sambil menunggu kedatangan petugas pemadam kebakaran namun karena konstruksi bangunan yang didominasi material kayu serta kondisi cuaca panas disertai angin kencang api dengan cepat membesar dan merambat ke bangunan di sekitarnya,pemadaman dengan peralatan seadanya sambil menunggu kedatangan petugas pemadam kebakaran namun karena konstruksi bangunan yang didominasi material kayu serta kondisi cuaca panas disertai angin kencang api dengan cepat membesar dan merambat ke bangunan di sekitarnya,pemadaman peralatan seadanya sambil menunggu kedatangan petugas pemadam kebakaran namun karena konstruksi bangunan didominasi material kayu serta kondisi cuaca panas disertai angin kencang api cepat membesar merambat bangunan sekitarnya,madaman ralatan seada sambil nunggu datangan tugas madam bakaran namun karena konstruks bangunan dominas material kayu serta kondis cuaca panas serta angin ncang ap cepat mbesar rambat bangunan sekitar
2043906392910901497,2026-04-14T04:22:54.000Z,0,@moonstract Bawa korek ke tempat main air tu gimana kah ? Dia mau main pemadam kebakaran apa ya,2043907827841020032,,moonstract,in,,0,1,0,https://x.com/dewteekinyis/status/2043907827841020032,1244631167808069636,dewteekinyis,@moonstract Bawa korek ke tempat main air tu gimana kah ? Dia mau main pemadam kebakaran apa ya,bawa korek ke tempat main air tu gimana kah dia mau main pemadam kebakaran apa ya,bawa korek ke tempat main air tu gimana kah dia mau main pemadam kebakaran apa ya,bawa korek tempat main air tu gimana kah mau main pemadam kebakaran apa ya,bawa korek tempat main air tu gimana  mau main madam bakaran apa ya
2045261017022640201,2026-04-17T22:00:00.000Z,0,"Dewan Pimpinan Cabang (DPC) Partai Demokrat Kabupaten Lebong bergerak cepat menyalurkan bantuan berupa mie instan, air mineral untuk korban banjir dan longsor di Lebong, Bengkulu, Selasa (7/4/2026).

#ahy #demokrat #peduliberbagi #demokratlebong https://t.co/TBVB50ITd4",2045261017022640201,https://pbs.twimg.com/media/HF7W1VAasAE_hcz.jpg,,in,,0,0,0,https://x.com/Demokrat_TV/status/2045261017022640201,284830933,Demokrat_TV,"Dewan Pimpinan Cabang (DPC) Partai Demokrat Kabupaten Lebong bergerak cepat menyalurkan bantuan berupa mie instan, air mineral untuk korban banjir dan longsor di Lebong, Bengkulu, Selasa (7/4/2026).

#ahy #demokrat #peduliberbagi #demokratlebong https://t.co/TBVB50ITd4",dewan pimpinan cabang dpc partai demokrat kabupaten lebong bergerak cepat menyalurkan bantuan berupa mie instan air mineral untuk korban banjir dan longsor di lebong bengkulu selasa ahy demokrat peduliberbagi demokratlebong,dewan pimpinan cabang dpc partai demokrat kabupaten lebong bergerak cepat menyalurkan bantuan berupa mie instan air mineral untuk korban banjir dan longsor di lebong bengkulu selasa ahy demokrat peduliberbagi demokratlebong,dewan pimpinan cabang dpc partai demokrat kabupaten lebong bergerak cepat menyalurkan bantuan berupa mie instan air mineral korban banjir longsor lebong bengkulu selasa ahy demokrat peduliberbagi demokratlebong,dewan pimpinan cabang dpc parta demokrat kabupaten lebong bergerak cepat nyalur bantuan berupa mie instan air mineral korban banjir longsor lebong bengkulu selasa ahy demokrat duliberbag demokratlebong
2042607529918894317,2026-04-10T15:07:18.000Z,0,@zakiberkata Dananya kasih damkar aja ke seluruh wilayah indonesia damkar butuh teknologi pemadam kebakaran,2042620443962851747,,zakiberkata,in,,0,0,0,https://x.com/IOS_GrizlyWolf/status/2042620443962851747,769709094999437317,IOS_GrizlyWolf,@zakiberkata Dananya kasih damkar aja ke seluruh wilayah indonesia damkar butuh teknologi pemadam kebakaran,dananya kasih damkar aja ke seluruh wilayah indonesia damkar butuh teknologi pemadam kebakaran,dananya kasih damkar aja ke seluruh wilayah indonesia damkar butuh teknologi pemadam kebakaran,dananya kasih damkar aja seluruh wilayah indonesia damkar butuh teknologi pemadam kebakaran,dana kasih damkar aja seluruh wilayah indonesia damkar butuh teknolog madam bakaran
2045093785181516082,2026-04-17T10:55:29.000Z,0,"Di Balik Pemadaman Api di Belawan

Di balik proses pemadaman kebakaran di Pelabuhan Belawan, tersimpan cerita dari Nakhoda KT. Hang Tuah III yang terlibat langsung dalam misi pemadaman kapal KM Bintang Mas HSB 7. https://t.co/lTjOVbvRU7",2045093785181516082,https://pbs.twimg.com/amplify_video_thumb/2045093672853917698/img/cBomRTN86c5QlfQb.jpg,,in,,0,0,0,https://x.com/pelindomarine/status/2045093785181516082,2998927579,pelindomarine,"Di Balik Pemadaman Api di Belawan

Di balik proses pemadaman kebakaran di Pelabuhan Belawan, tersimpan cerita dari Nakhoda KT. Hang Tuah III yang terlibat langsung dalam misi pemadaman kapal KM Bintang Mas HSB 7. https://t.co/lTjOVbvRU7",di balik pemadaman api di belawan di balik proses pemadaman kebakaran di pelabuhan belawan tersimpan cerita dari nakhoda kt hang tuah iii yang terlibat langsung dalam misi pemadaman kapal km bintang mas hsb,di balik pemadaman api di belawan di balik proses pemadaman kebakaran di pelabuhan belawan tersimpan cerita dari nakhoda kt hang tuah iii yang terlibat langsung dalam misi pemadaman kapal km bintang mas hsb,balik pemadaman api belawan balik proses pemadaman kebakaran pelabuhan belawan tersimpan cerita nakhoda kt hang tuah iii terlibat langsung misi pemadaman kapal km bintang mas hsb,balik madaman ap belawan balik proses madaman bakaran labuhan belawan simpan cerita nakhoda kt hang tuah ii libat langsung mis madaman kapal km bintang mas hsb
2044366799417077797,2026-04-15T10:47:15.000Z,0,"Setelah mengerahkan 12 unit dan 60 personel, pemadaman api dinyatakan selesai pukul 16.28 WIB",2044366939330617422,,humasjakfire,in,,0,0,0,https://x.com/humasjakfire/status/2044366939330617422,555862521,humasjakfire,"Setelah mengerahkan 12 unit dan 60 personel, pemadaman api dinyatakan selesai pukul 16.28 WIB",setelah mengerahkan unit dan personel pemadaman api dinyatakan selesai pukul wib,setelah mengerahkan unit dan personel pemadaman api dinyatakan selesai pukul wib,setelah mengerahkan unit personel pemadaman api dinyatakan selesai pukul wib,sete ngerah unit rsonel madaman ap nyata selesa pukul wib
2043246703147626573,2026-04-12T08:35:50.000Z,1,"https://t.co/3PhKrbZMOH 
Petugas pemadam kebakaran harus disejahterakan mereka berjuang menyelamatkan rumah harta benda nyawa penduduk yg rumahnya sedang kebakaran dan mrk membutuhkan keterampilan dan skill khusus utk menyelamatkan orang lain dan dirinya sendiri dari kobaran api",2043246703147626573,,,in,,0,0,0,https://x.com/jakarta7268/status/2043246703147626573,1881092445049634816,jakarta7268,"https://t.co/3PhKrbZMOH 
Petugas pemadam kebakaran harus disejahterakan mereka berjuang menyelamatkan rumah harta benda nyawa penduduk yg rumahnya sedang kebakaran dan mrk membutuhkan keterampilan dan skill khusus utk menyelamatkan orang lain dan dirinya sendiri dari kobaran api",petugas pemadam kebakaran harus disejahterakan mereka berjuang menyelamatkan rumah harta benda nyawa penduduk yg rumahnya sedang kebakaran dan mrk membutuhkan keterampilan dan skill khusus utk menyelamatkan orang lain dan dirinya sendiri dari kobaran api,petugas pemadam kebakaran harus disejahterakan mereka berjuang menyelamatkan rumah harta benda nyawa penduduk yang rumahnya sedang kebakaran dan mrk membutuhkan keterampilan dan skill khusus untuk menyelamatkan orang lain dan dirinya sendiri dari kobaran api,petugas pemadam kebakaran harus disejahterakan berjuang menyelamatkan rumah harta benda nyawa penduduk rumahnya sedang kebakaran mrk membutuhkan keterampilan skill khusus menyelamatkan orang lain dirinya sendiri kobaran api,tugas madam bakaran harus sejahtera berjuang nyelamat rumah harta benda nyawa nduduk rumah sedang bakaran mrk mbutuh terampilan skill khusus nyelamat orang lain r sendir kobaran ap
2043678825666781594,2026-04-13T13:12:56.000Z,8,"GOKIL KEREN BANGET. Kemaren syuting di Singapore, sekarang pakai pemadam kebakaran beneran. 
#TerikatJanji #TerikatJanjiEp9",2043678825666781594,,,in,,0,0,2,https://x.com/KimbapS9262/status/2043678825666781594,2029429013912178688,KimbapS9262,"GOKIL KEREN BANGET. Kemaren syuting di Singapore, sekarang pakai pemadam kebakaran beneran. 
#TerikatJanji #TerikatJanjiEp9",gokil keren banget kemaren syuting di singapore sekarang pakai pemadam kebakaran beneran terikatjanji terikatjanjiep,gokil keren banget kemaren syuting di singapore sekarang pakai pemadam kebakaran beneran terikatjanji terikatjanjiep,gokil keren banget kemaren syuting singapore sekarang pakai pemadam kebakaran beneran terikatjanji terikatjanjiep,gokil ren banget maren syuting singapore sekarang paka madam bakaran beneran ikatjanj ikatjanjiep
2042628607407984663,2026-04-10T16:02:06.000Z,0,"@junyoungbby Temen gue pernah kekunci di kamar mandi, berakhir manggil pemadam kebakaran buat bukain 😭",2042634232603017653,,junyoungbby,in,,0,1,0,https://x.com/NewbieOneIt/status/2042634232603017653,1347681279316148225,NewbieOneIt,"@junyoungbby Temen gue pernah kekunci di kamar mandi, berakhir manggil pemadam kebakaran buat bukain 😭",temen gue pernah kekunci di kamar mandi berakhir manggil pemadam kebakaran buat bukain,temen saya pernah kekunci di kamar mandi berakhir manggil pemadam kebakaran buat bukain,temen pernah kekunci kamar mandi berakhir manggil pemadam kebakaran buat bukain,temen rnah kunc kamar mand berakhir manggil madam bakaran buat bukain
2045197701013533147,2026-04-17T17:48:24.000Z,0,"BIKIN GEGER‼️

Komplotan begal sadis kepada petugas pemadam kebakaran akhirnya tertangkap saat asik pesta dihotel😠 https://t.co/9PdpegT3wI",2045197701013533147,https://pbs.twimg.com/amplify_video_thumb/2045197628489785344/img/dWYsH_ZDcTWZal6D.jpg,,in,,0,0,0,https://x.com/obrolannetizen/status/2045197701013533147,1790962911743197184,obrolannetizen,"BIKIN GEGER‼️

Komplotan begal sadis kepada petugas pemadam kebakaran akhirnya tertangkap saat asik pesta dihotel😠 https://t.co/9PdpegT3wI",bikin geger komplotan begal sadis kepada petugas pemadam kebakaran akhirnya tertangkap saat asik pesta dihotel,bikin geger komplotan begal sadis kepada petugas pemadam kebakaran akhirnya tertangkap saat asik pesta dihotel,bikin geger komplotan begal sadis kepada petugas pemadam kebakaran akhirnya tertangkap saat asik pesta dihotel,bikin geger komplotan begal sadis pada tugas madam bakaran akhir tangkap saat asik sta hotel
2042855542469824843,2026-04-11T06:41:30.000Z,1,"Dinas Pemadam Kebakaran dan Penyelamatan(Damkarmat) Kabupaten Banyuwangi melalui Bidang Pencegahan melaksanakan kegiatan edukasi dan sosialisasi kebencanaan sebagai upaya meningkatkan pemahaman serta kesiapsiagaan sejak dini.

📍 Al-Husniyyah Islamic Boarding School Muncar https://t.co/g2NY3gjFYI",2042855542469824843,https://pbs.twimg.com/ext_tw_video_thumb/2042855345442426880/pu/img/XUevaSsyaQjZT8JH.jpg,,in,,0,0,0,https://x.com/BwiDamkar/status/2042855542469824843,1620611682069544970,BwiDamkar,"Dinas Pemadam Kebakaran dan Penyelamatan(Damkarmat) Kabupaten Banyuwangi melalui Bidang Pencegahan melaksanakan kegiatan edukasi dan sosialisasi kebencanaan sebagai upaya meningkatkan pemahaman serta kesiapsiagaan sejak dini.

📍 Al-Husniyyah Islamic Boarding School Muncar https://t.co/g2NY3gjFYI",dinas pemadam kebakaran dan penyelamatan damkarmat kabupaten banyuwangi melalui bidang pencegahan melaksanakan kegiatan edukasi dan sosialisasi kebencanaan sebagai upaya meningkatkan pemahaman serta kesiapsiagaan sejak dini al husniyyah islamic boarding school muncar,dinas pemadam kebakaran dan penyelamatan damkarmat kabupaten banyuwangi melalui bidang pencegahan melaksanakan kegiatan edukasi dan sosialisasi kebencanaan sebagai upaya meningkatkan pemahaman serta kesiapsiagaan sejak dini al husniyyah islamic boarding school muncar,dinas pemadam kebakaran penyelamatan damkarmat kabupaten banyuwangi melalui bidang pencegahan melaksanakan kegiatan edukasi sosialisasi kebencanaan sebagai upaya meningkatkan pemahaman serta kesiapsiagaan sejak dini al husniyyah islamic boarding school muncar,nas madam bakaran nyelamatan damkarmat kabupaten banyuwang lalu bidang ncegahan laksana giatan edukas sosialisas bencanaan sebaga upaya ningkat mahaman serta siapsiagaan sejak n al husniyyah islamic boarding school muncar
2045141703867392269,2026-04-17T14:05:53.000Z,1,"Polisi bergerak cepat! Tim gabungan berhasil mengamankan 5 orang tersangka yang terlibat dalam aksi pembegalan petugas Pemadam Kebakaran di kawasan Pluit beberapa waktu lalu.
​Masing-masing pelaku ternyata punya peran berbeda: https://t.co/XDtDg0SLrk",2045141703867392269,https://pbs.twimg.com/ext_tw_video_thumb/2045141610368040960/pu/img/wjdLOHOr4fZwc1LF.jpg,,in,,0,0,0,https://x.com/MENUJU_2029/status/2045141703867392269,1370390874203459591,MENUJU_2029,"Polisi bergerak cepat! Tim gabungan berhasil mengamankan 5 orang tersangka yang terlibat dalam aksi pembegalan petugas Pemadam Kebakaran di kawasan Pluit beberapa waktu lalu.
​Masing-masing pelaku ternyata punya peran berbeda: https://t.co/XDtDg0SLrk",polisi bergerak cepat tim gabungan berhasil mengamankan orang tersangka yang terlibat dalam aksi pembegalan petugas pemadam kebakaran di kawasan pluit beberapa waktu lalu masing masing pelaku ternyata punya peran berbeda,polisi bergerak cepat tim gabungan berhasil mengamankan orang tersangka yang terlibat dalam aksi pembegalan petugas pemadam kebakaran di kawasan pluit beberapa waktu lalu masing masing pelaku ternyata punya peran berbeda,polisi bergerak cepat tim gabungan berhasil mengamankan orang tersangka terlibat aksi pembegalan petugas pemadam kebakaran kawasan pluit beberapa waktu lalu masing masing pelaku ternyata punya peran berbeda,polis bergerak cepat tim gabungan berhasil ngaman orang sangka libat aks mbegalan tugas madam bakaran kawasan pluit beberapa waktu lalu masing masing la nyata pu ran berbeda
2044194996354723972,2026-04-14T23:24:15.000Z,0,"Kejelasan tanggung jawab penyediaan perlengkapan teknis pemadam kebakaran desa diatur dalam draf pembangunan Ciamis. Kami menjamin keamanan birokrasi pedesaan didukung oleh  sarana proteksi yang sah dan legal.

Kemenkum Jabar - Asep Sutandar.",2044195058833076324,,kemenkumjabar,in,,0,0,0,https://x.com/kemenkumjabar/status/2044195058833076324,1177725229,kemenkumjabar,"Kejelasan tanggung jawab penyediaan perlengkapan teknis pemadam kebakaran desa diatur dalam draf pembangunan Ciamis. Kami menjamin keamanan birokrasi pedesaan didukung oleh  sarana proteksi yang sah dan legal.

Kemenkum Jabar - Asep Sutandar.",kejelasan tanggung jawab penyediaan perlengkapan teknis pemadam kebakaran desa diatur dalam draf pembangunan ciamis kami menjamin keamanan birokrasi pedesaan didukung oleh sarana proteksi yang sah dan legal kemenkum jabar asep sutandar,kejelasan tanggung jawab penyediaan perlengkapan teknis pemadam kebakaran desa diatur dalam draf pembangunan ciamis kami menjamin keamanan birokrasi pedesaan didukung oleh sarana proteksi yang sah dan legal kemenkum jabar asep sutandar,kejelasan tanggung jawab penyediaan perlengkapan teknis pemadam kebakaran desa diatur draf pembangunan ciamis menjamin keamanan birokrasi pedesaan didukung oleh sarana proteksi sah legal kemenkum jabar asep sutandar,jelasan tanggung jawab nyediaan rlengkapan teknis madam bakaran desa atur draf mbangunan ciamis njamin amanan birokras desaan dukung oleh sarana proteks sah legal menkum jabar asep sutandar
2042787129416388804,2026-04-11T02:09:43.000Z,0,"3. Aku mempersiapkan diri menghadapi keadaan darurat di rumah dengan mengetahui nomor-nomor penting seperti pemadam kebakaran, rumah sakit, dan polisi. Selain itu, aku juga menyimpan nomor tersebut di tempat yang mudah diakses.
Aku memahami jalur keluar rumah agar bisa segera",2042787147326067007,,Ningyiziuo,in,,0,1,0,https://x.com/Ningyiziuo/status/2042787147326067007,2354095274,Ningyiziuo,"3. Aku mempersiapkan diri menghadapi keadaan darurat di rumah dengan mengetahui nomor-nomor penting seperti pemadam kebakaran, rumah sakit, dan polisi. Selain itu, aku juga menyimpan nomor tersebut di tempat yang mudah diakses.
Aku memahami jalur keluar rumah agar bisa segera",aku mempersiapkan diri menghadapi keadaan darurat di rumah dengan mengetahui nomor nomor penting seperti pemadam kebakaran rumah sakit dan polisi selain itu aku juga menyimpan nomor tersebut di tempat yang mudah diakses aku memahami jalur keluar rumah agar bisa segera,saya mempersiapkan diri menghadapi keadaan darurat di rumah dengan mengetahui nomor nomor penting seperti pemadam kebakaran rumah sakit dan polisi selain itu saya juga menyimpan nomor tersebut di tempat yang mudah diakses saya memahami jalur keluar rumah agar bisa segera,mempersiapkan diri menghadapi keadaan darurat rumah mengetahui nomor nomor penting seperti pemadam kebakaran rumah sakit polisi selain menyimpan nomor tersebut tempat mudah diakses memahami jalur keluar rumah agar bisa segera,mpersiap r nghadap adaan darurat rumah ngetahu nomor nomor nting sepert madam bakaran rumah sakit polis selain nyimpan nomor sebut tempat mudah akses maham jalur luar rumah agar bisa segera
2042450744037851220,2026-04-10T03:52:58.000Z,2,"Puluhan petugas pemadam kebakaran dikerahkan untuk mengatasi kebakaran besar yang melanda Velodrome di kawasan Olympic Park Velodrome, Rio de Janeiro, pada Rabu (9/4/2026).

Sekitar 80 personel bersama 20 unit mobil pemadam diterjunkan untuk menjinakkan api, baik dari dalam https://t.co/EVUuSNLTNC",2042450744037851220,https://pbs.twimg.com/amplify_video_thumb/2042450650764869632/img/ALSCIO-BqJLYhZp1.jpg,,in,,0,0,0,https://x.com/inilahdotcom/status/2042450744037851220,46693036,inilahdotcom,"Puluhan petugas pemadam kebakaran dikerahkan untuk mengatasi kebakaran besar yang melanda Velodrome di kawasan Olympic Park Velodrome, Rio de Janeiro, pada Rabu (9/4/2026).

Sekitar 80 personel bersama 20 unit mobil pemadam diterjunkan untuk menjinakkan api, baik dari dalam https://t.co/EVUuSNLTNC",puluhan petugas pemadam kebakaran dikerahkan untuk mengatasi kebakaran besar yang melanda velodrome di kawasan olympic park velodrome rio de janeiro pada rabu sekitar personel bersama unit mobil pemadam diterjunkan untuk menjinakkan api baik dari dalam,puluhan petugas pemadam kebakaran dikerahkan untuk mengatasi kebakaran besar yang melanda velodrome di kawasan olympic park velodrome rio de janeiro pada rabu sekitar personel bersama unit mobil pemadam diterjunkan untuk menjinakkan api baik dari dalam,puluhan petugas pemadam kebakaran dikerahkan mengatasi kebakaran besar melanda velodrome kawasan olympic park velodrome rio de janeiro rabu sekitar personel bersama unit mobil pemadam diterjunkan menjinakkan api baik,puluhan tugas madam bakaran kerah ngatas bakaran besar landa velodrome kawasan olympic park velodrome rio de janeiro rabu sekitar rsonel bersama unit mobil madam terjun njinak ap baik
2043008411500270010,2026-04-11T16:48:57.000Z,0,"KACAU HIU BANGKIT, BUKAN PEMADAM KEBAKARAN DOANG YG BANGKIT.",2043008411500270010,,,in,,0,0,0,https://x.com/eingning/status/2043008411500270010,1354539848,eingning,"KACAU HIU BANGKIT, BUKAN PEMADAM KEBAKARAN DOANG YG BANGKIT.",kacau hiu bangkit bukan pemadam kebakaran doang yg bangkit,kacau hiu bangkit bukan pemadam kebakaran doang yang bangkit,kacau hiu bangkit bukan pemadam kebakaran doang bangkit,kacau hiu bangkit bu madam bakaran doang bangkit
2036069200674849107,2026-03-23T13:15:00.000Z,1,"Pesawat Air Canada Tabrak Truk Pemadam Kebakaran di AS, Pilot dan Kopilot Dilaporkan Tewas

https://t.co/yjLTqsquKm",2036069200674849107,,,in,,0,0,0,https://x.com/KompasTV/status/2036069200674849107,71436318,KompasTV,"Pesawat Air Canada Tabrak Truk Pemadam Kebakaran di AS, Pilot dan Kopilot Dilaporkan Tewas

https://t.co/yjLTqsquKm",pesawat air canada tabrak truk pemadam kebakaran di as pilot dan kopilot dilaporkan tewas,pesawat air canada tabrak truk pemadam kebakaran di as pilot dan kopilot dilaporkan tewas,pesawat air canada tabrak truk pemadam kebakaran as pilot kopilot dilaporkan tewas,sawat air canada tabrak truk madam bakaran as pilot kopilot lapor tewas
2044368799437324700,2026-04-15T10:54:38.000Z,0,"Gak usah bawa bawa Pemadam Kebakaran boss. Mau dibandingin dari segi apapun gak nyambung.

Gak usah harus nya bisa ini harus nya bisa itu, harus nya MBG Stop!!",2044368799437324700,,,in,,0,0,0,https://x.com/eckohatake/status/2044368799437324700,101145065,eckohatake,"Gak usah bawa bawa Pemadam Kebakaran boss. Mau dibandingin dari segi apapun gak nyambung.

Gak usah harus nya bisa ini harus nya bisa itu, harus nya MBG Stop!!",gak usah bawa bawa pemadam kebakaran boss mau dibandingin dari segi apapun gak nyambung gak usah harus nya bisa ini harus nya bisa itu harus nya mbg stop,tidak usah bawa bawa pemadam kebakaran boss mau dibandingin dari segi apapun tidak nyambung tidak usah harus nya bisa ini harus nya bisa itu harus nya mbg stop,tidak usah bawa bawa pemadam kebakaran boss mau dibandingin segi apapun tidak nyambung tidak usah harus nya bisa harus nya bisa harus nya mbg stop,tidak usah bawa bawa madam bakaran boss mau bandingin seg apapun tidak nyambung tidak usah harus  bisa harus  bisa harus  mbg stop
2044639146317414422,2026-04-17T04:40:35.000Z,6,@empty__core Kasih llewat ambulan terlebih dahulu karna kalo kasih pemadam kebakaran terlebih dahulu gak bisa karna udah terlanjur kebakaran juga dan polisi terakhir dan MBG di kempesin aja bannya,2044999438645731625,,empty__core,in,,0,0,0,https://x.com/NSleuth50644/status/2044999438645731625,1777674389141766144,NSleuth50644,@empty__core Kasih llewat ambulan terlebih dahulu karna kalo kasih pemadam kebakaran terlebih dahulu gak bisa karna udah terlanjur kebakaran juga dan polisi terakhir dan MBG di kempesin aja bannya,kasih llewat ambulan terlebih dahulu karna kalo kasih pemadam kebakaran terlebih dahulu gak bisa karna udah terlanjur kebakaran juga dan polisi terakhir dan mbg di kempesin aja bannya,kasih llewat ambulan terlebih dahulu karna kalau kasih pemadam kebakaran terlebih dahulu tidak bisa karna udah terlanjur kebakaran juga dan polisi terakhir dan mbg di kempesin aja bannya,kasih llewat ambulan terlebih dahulu karna kalau kasih pemadam kebakaran terlebih dahulu tidak bisa karna udah terlanjur kebakaran polisi terakhir mbg kempesin aja bannya,kasih llewat ambulan lebih dahulu karna kalau kasih madam bakaran lebih dahulu tidak bisa karna udah lanjur bakaran polis akhir mbg mpesin aja ban
2043667254500544842,2026-04-13T13:05:29.000Z,0,@caleztial ketik reg spasi move on kirim ke kantor pemadam kebakaran,2043676953065193712,,caleztial,in,,0,0,0,https://x.com/jurnalperasa/status/2043676953065193712,1910756470817513472,jurnalperasa,@caleztial ketik reg spasi move on kirim ke kantor pemadam kebakaran,ketik reg spasi move on kirim ke kantor pemadam kebakaran,ketik reg spasi move on kirim ke kantor pemadam kebakaran,ketik reg spasi move on kirim kantor pemadam kebakaran,tik reg spas move on kirim kantor madam bakaran
2042243534062014931,2026-04-10T11:31:36.000Z,0,@HabisNontonFilm Pandji ngasih ide buat mereka nih agak laen. Scene film selanjutnya nanti kehidupan pemadam kebakaran. Kita tahu kan berjasanya pemadam kebakaran di Indonesia ini terlalu random. 😁,2042566159917350921,,HabisNontonFilm,in,,0,1,0,https://x.com/KloppGerman/status/2042566159917350921,1055406276023209984,KloppGerman,@HabisNontonFilm Pandji ngasih ide buat mereka nih agak laen. Scene film selanjutnya nanti kehidupan pemadam kebakaran. Kita tahu kan berjasanya pemadam kebakaran di Indonesia ini terlalu random. 😁,pandji ngasih ide buat mereka nih agak laen scene film selanjutnya nanti kehidupan pemadam kebakaran kita tahu kan berjasanya pemadam kebakaran di indonesia ini terlalu random,pandji ngasih ide buat mereka nih agak laen scene film selanjutnya nanti kehidupan pemadam kebakaran kita tahu kan berjasanya pemadam kebakaran di indonesia ini terlalu random,pandji ngasih ide buat nih agak laen scene film selanjutnya nanti kehidupan pemadam kebakaran tahu kan berjasanya pemadam kebakaran indonesia terlalu random,pandj ngasih ide buat nih agak laen scene film selanjut nant hidupan madam bakaran tahu  berjasa madam bakaran indonesia lalu random
2045211125806141708,2026-04-17T18:44:06.000Z,1,"Kemenkum Jabar dorong Pemkab Karawang pastikan akses pemadam kebakaran ke dalam gang sempit. Keselamatan warga di  area padat penduduk harus jadi prioritas utama dalam draf RDTR yang dibahas.

Kemenkum Jabar - Asep Sutandar",2045211719384088848,,kemenkumjabar,in,,0,0,0,https://x.com/kemenkumjabar/status/2045211719384088848,1177725229,kemenkumjabar,"Kemenkum Jabar dorong Pemkab Karawang pastikan akses pemadam kebakaran ke dalam gang sempit. Keselamatan warga di  area padat penduduk harus jadi prioritas utama dalam draf RDTR yang dibahas.

Kemenkum Jabar - Asep Sutandar",kemenkum jabar dorong pemkab karawang pastikan akses pemadam kebakaran ke dalam gang sempit keselamatan warga di area padat penduduk harus jadi prioritas utama dalam draf rdtr yang dibahas kemenkum jabar asep sutandar,kemenkum jabar dorong pemkab karawang pastikan akses pemadam kebakaran ke dalam gang sempit keselamatan warga di area padat penduduk harus jadi prioritas utama dalam draf rdtr yang dibahas kemenkum jabar asep sutandar,kemenkum jabar dorong pemkab karawang pastikan akses pemadam kebakaran gang sempit keselamatan warga area padat penduduk harus jadi prioritas utama draf rdtr dibahas kemenkum jabar asep sutandar,menkum jabar dorong mkab karawang pasti akses madam bakaran gang sempit selamatan warga area padat nduduk harus jad prioritas utama draf rdtr bahas menkum jabar asep sutandar
2043522859507810440,2026-04-13T02:53:11.000Z,0,"🚛 Satu Solusi untuk Semua Kebutuhan Bisnis Anda! 

Toyota Hilux Rangga hadir dengan beragam konversi kendaraan di GIICOMVEC 2026 — dari Cool Box logistik, unit pemadam kebakaran, hingga pendukung program MBG (Makanan Bergizi Gratis). 

#ToyotaHiluxRangga
 https://t.co/S0L5V9ZznD",2043522859507810440,,,in,,0,0,0,https://x.com/eddie_toyota/status/2043522859507810440,1225036397653848064,eddie_toyota,"🚛 Satu Solusi untuk Semua Kebutuhan Bisnis Anda! 

Toyota Hilux Rangga hadir dengan beragam konversi kendaraan di GIICOMVEC 2026 — dari Cool Box logistik, unit pemadam kebakaran, hingga pendukung program MBG (Makanan Bergizi Gratis). 

#ToyotaHiluxRangga
 https://t.co/S0L5V9ZznD",satu solusi untuk semua kebutuhan bisnis anda toyota hilux rangga hadir dengan beragam konversi kendaraan di giicomvec dari cool box logistik unit pemadam kebakaran hingga pendukung program mbg makanan bergizi gratis toyotahiluxrangga,satu solusi untuk semua kebutuhan bisnis anda toyota hilux rangga hadir dengan beragam konversi kendaraan di giicomvec dari cool box logistik unit pemadam kebakaran hingga pendukung program mbg makanan bergizi gratis toyotahiluxrangga,satu solusi semua kebutuhan bisnis anda toyota hilux rangga hadir beragam konversi kendaraan giicomvec cool box logistik unit pemadam kebakaran hingga pendukung program mbg makanan bergizi gratis toyotahiluxrangga,satu solus semua butuhan bisnis anda toyota hilux rangga hadir beragam konvers ndaraan giicomvec cool box logistik unit madam bakaran hingga ndukung program mbg makanan bergiz gratis toyotahiluxrangga
2042538627897659641,2026-04-11T02:22:03.000Z,0,@theultramilkkk kepake buat cosplay pemadam kebakaran,2042790248355348960,,theultramilkkk,in,,0,0,0,https://x.com/OblivionWav20/status/2042790248355348960,1869985465031602176,OblivionWav20,@theultramilkkk kepake buat cosplay pemadam kebakaran,kepake buat cosplay pemadam kebakaran,kepake buat cosplay pemadam kebakaran,kepake buat cosplay pemadam kebakaran,pake buat cosplay madam bakaran
2042817266006573180,2026-04-11T04:09:24.000Z,0,"Kebakaran hebat terjadi di sebuah gudang pabrik plastik di Margaasih pada Sabtu (11/4) sekitar pukul 04.30 WIB. 
 Api dengan cepat membesar hingga melalap bangunan, sementara petugas pemadam kebakaran langsung melakukan penanganan di lokasi.  #kebakaran https://t.co/fY3LG6bWxZ",2042817266006573180,https://pbs.twimg.com/amplify_video_thumb/2042816979539779584/img/aAHQx0XXd2ScCiVL.jpg,,in,,0,0,0,https://x.com/inilahkoran_id/status/2042817266006573180,243040577,inilahkoran_id,"Kebakaran hebat terjadi di sebuah gudang pabrik plastik di Margaasih pada Sabtu (11/4) sekitar pukul 04.30 WIB. 
 Api dengan cepat membesar hingga melalap bangunan, sementara petugas pemadam kebakaran langsung melakukan penanganan di lokasi.  #kebakaran https://t.co/fY3LG6bWxZ",kebakaran hebat terjadi di sebuah gudang pabrik plastik di margaasih pada sabtu sekitar pukul wib api dengan cepat membesar hingga melalap bangunan sementara petugas pemadam kebakaran langsung melakukan penanganan di lokasi kebakaran,kebakaran hebat terjadi di sebuah gudang pabrik plastik di margaasih pada sabtu sekitar pukul wib api dengan cepat membesar hingga melalap bangunan sementara petugas pemadam kebakaran langsung melakukan penanganan di lokasi kebakaran,kebakaran hebat terjadi gudang pabrik plastik margaasih sabtu sekitar pukul wib api cepat membesar hingga melalap bangunan sementara petugas pemadam kebakaran langsung melakukan penanganan lokasi kebakaran,bakaran hebat jad gudang pabrik plastik margaasih sabtu sekitar pukul wib ap cepat mbesar hingga lalap bangunan sementara tugas madam bakaran langsung laku nanganan lokas bakaran
2043204396369203358,2026-04-12T11:50:43.000Z,0,@Kanseulir Mobil pemadam lebih dahulu untuk menjaga dapur MBG takut kalau terjadi kebakaran baru mobil polisi yg mengawal mobil MBG setelah itu ambulan di belakang jaga2. Siapa tau setelah makan dari MBG keracunan,2043295746607435935,,Kanseulir,in,,0,0,0,https://x.com/YanzDipanegara/status/2043295746607435935,1702626752303132672,YanzDipanegara,@Kanseulir Mobil pemadam lebih dahulu untuk menjaga dapur MBG takut kalau terjadi kebakaran baru mobil polisi yg mengawal mobil MBG setelah itu ambulan di belakang jaga2. Siapa tau setelah makan dari MBG keracunan,mobil pemadam lebih dahulu untuk menjaga dapur mbg takut kalau terjadi kebakaran baru mobil polisi yg mengawal mobil mbg setelah itu ambulan di belakang jaga siapa tau setelah makan dari mbg keracunan,mobil pemadam lebih dahulu untuk menjaga dapur mbg takut kalau terjadi kebakaran baru mobil polisi yang mengawal mobil mbg setelah itu ambulan di belakang jaga siapa tau setelah makan dari mbg keracunan,mobil pemadam lebih dahulu menjaga dapur mbg takut kalau terjadi kebakaran baru mobil polisi mengawal mobil mbg setelah ambulan belakang jaga siapa tau setelah makan mbg keracunan,mobil madam lebih dahulu njaga dapur mbg takut kalau jad bakaran baru mobil polis ngawal mobil mbg sete ambulan belakang jaga siapa tau sete ma mbg racunan
2044391583953326318,2026-04-16T02:05:01.000Z,0,"@worksfess apapun yang bekerja langsung di lapangan. kek petani, pemadam kebakaran, dll",2044597903457759609,,worksfess,in,,0,0,0,https://x.com/boowkish/status/2044597903457759609,1703318186949804032,boowkish,"@worksfess apapun yang bekerja langsung di lapangan. kek petani, pemadam kebakaran, dll",apapun yang bekerja langsung di lapangan kek petani pemadam kebakaran dll,apapun yang bekerja langsung di lapangan kek petani pemadam kebakaran dll,apapun bekerja langsung lapangan kek petani pemadam kebakaran dll,apapun bekerja langsung lapangan k tan madam bakaran dll
2043560954718482503,2026-04-13T05:24:33.000Z,4,"Kebakaran besar melanda sebuah gudang ekspedisi di Jalan Jati, Kecamatan Medan Timur, Kota Medan, pada Minggu siang (12/4). 

Api dengan cepat membesar hingga petugas mengerahkan sembilan unit mobil pemadam kebakaran serta dua unit water cannon untuk membantu proses pemadaman. https://t.co/jiENfoG6eg",2043560954718482503,https://pbs.twimg.com/ext_tw_video_thumb/2043560756311171072/pu/img/vmyG8DDrQy0IizKc.jpg,,in,,0,0,2,https://x.com/antaranews/status/2043560954718482503,18071520,antaranews,"Kebakaran besar melanda sebuah gudang ekspedisi di Jalan Jati, Kecamatan Medan Timur, Kota Medan, pada Minggu siang (12/4). 

Api dengan cepat membesar hingga petugas mengerahkan sembilan unit mobil pemadam kebakaran serta dua unit water cannon untuk membantu proses pemadaman. https://t.co/jiENfoG6eg",kebakaran besar melanda sebuah gudang ekspedisi di jalan jati kecamatan medan timur kota medan pada minggu siang api dengan cepat membesar hingga petugas mengerahkan sembilan unit mobil pemadam kebakaran serta dua unit water cannon untuk membantu proses pemadaman,kebakaran besar melanda sebuah gudang ekspedisi di jalan jati kecamatan medan timur kota medan pada minggu siang api dengan cepat membesar hingga petugas mengerahkan sembilan unit mobil pemadam kebakaran serta dua unit water cannon untuk membantu proses pemadaman,kebakaran besar melanda gudang ekspedisi jalan jati kecamatan medan timur kota medan minggu siang api cepat membesar hingga petugas mengerahkan sembilan unit mobil pemadam kebakaran serta dua unit water cannon membantu proses pemadaman,bakaran besar landa gudang ekspedis jalan jat camatan dan timur kota dan minggu siang ap cepat mbesar hingga tugas ngerah sembilan unit mobil madam bakaran serta dua unit water cannon mbantu proses madaman
2045025971364131083,2026-04-17T09:27:49.000Z,0,@assertndayy Pemadam kebakaran,2045071724614750339,,assertndayy,in,,0,0,0,https://x.com/urluciddream_/status/2045071724614750339,262252987,urluciddream_,@assertndayy Pemadam kebakaran,pemadam kebakaran,pemadam kebakaran,pemadam kebakaran,madam bakaran
2042611861309522371,2026-04-10T14:33:12.000Z,1,"Ges bikin au keonhyeon dong, cerita nya si sean sakit trus gak ada yg tolong, jd minta pemadam kebakaran yg ternyata si kono WKWKKWK",2042611861309522371,,,in,,0,0,0,https://x.com/zzyrsytt/status/2042611861309522371,1988553972429578240,zzyrsytt,"Ges bikin au keonhyeon dong, cerita nya si sean sakit trus gak ada yg tolong, jd minta pemadam kebakaran yg ternyata si kono WKWKKWK",ges bikin au keonhyeon dong cerita nya si sean sakit trus gak ada yg tolong jd minta pemadam kebakaran yg ternyata si kono wkwkkwk,ges bikin au keonhyeon dong cerita nya si sean sakit trus tidak ada yang tolong jd minta pemadam kebakaran yang ternyata si kono wkwkkwk,ges bikin au keonhyeon dong cerita nya si sean sakit trus tidak ada tolong jd minta pemadam kebakaran ternyata si kono wkwkkwk,ges bikin au onhyeon dong cerita  s sean sakit trus tidak ada tolong jd minta madam bakaran nyata s kono wkwkkwk
2044728802539090197,2026-04-16T10:45:10.000Z,0,Pemadam kebakaran :3,2044728802539090197,,,in,,0,0,0,https://x.com/hiujeruk/status/2044728802539090197,1862509624056061953,hiujeruk,Pemadam kebakaran :3,pemadam kebakaran,pemadam kebakaran,pemadam kebakaran,madam bakaran
2042787129416388804,2026-04-11T02:09:44.000Z,0,"menyelamatkan diri jika terjadi bahaya seperti kebakaran atau gempa. Aku juga belajar tindakan dasar seperti mematikan listrik dan menggunakan alat pemadam sederhana.
Selain itu, aku menyiapkan perlengkapan darurat seperti kotak P3K dan senter. Dengan persiapan ini,",2042787151214186747,,Ningyiziuo,in,,0,1,0,https://x.com/Ningyiziuo/status/2042787151214186747,2354095274,Ningyiziuo,"menyelamatkan diri jika terjadi bahaya seperti kebakaran atau gempa. Aku juga belajar tindakan dasar seperti mematikan listrik dan menggunakan alat pemadam sederhana.
Selain itu, aku menyiapkan perlengkapan darurat seperti kotak P3K dan senter. Dengan persiapan ini,",menyelamatkan diri jika terjadi bahaya seperti kebakaran atau gempa aku juga belajar tindakan dasar seperti mematikan listrik dan menggunakan alat pemadam sederhana selain itu aku menyiapkan perlengkapan darurat seperti kotak p k dan senter dengan persiapan ini,menyelamatkan diri jika terjadi bahaya seperti kebakaran atau gempa saya juga belajar tindakan dasar seperti mematikan listrik dan menggunakan alat pemadam sederhana selain itu saya menyiapkan perlengkapan darurat seperti kotak p k dan senter dengan persiapan ini,menyelamatkan diri jika terjadi bahaya seperti kebakaran gempa belajar tindakan dasar seperti mematikan listrik menggunakan alat pemadam sederhana selain menyiapkan perlengkapan darurat seperti kotak p k senter persiapan,nyelamat r jika jad bahaya sepert bakaran gempa belajar tinda dasar sepert mati listrik ngguna alat madam sederhana selain nyiap rlengkapan darurat sepert kotak p k senter rsiapan
2043687452419010681,2026-04-13T13:47:13.000Z,0,"Sena udah bawa tabung pemadam kebakaran mlh ga ke pake terus buat apa di bawa ke dalem mlh di tinggal terus gendong davina ga buat mademin kebakarannya lucu🤣🤣.

#TerikatjanjiEps9",2043687452419010681,,,in,,0,0,0,https://x.com/FirtianiM/status/2043687452419010681,1486954168359141379,FirtianiM,"Sena udah bawa tabung pemadam kebakaran mlh ga ke pake terus buat apa di bawa ke dalem mlh di tinggal terus gendong davina ga buat mademin kebakarannya lucu🤣🤣.

#TerikatjanjiEps9",sena udah bawa tabung pemadam kebakaran mlh ga ke pake terus buat apa di bawa ke dalem mlh di tinggal terus gendong davina ga buat mademin kebakarannya lucu terikatjanjieps,sena udah bawa tabung pemadam kebakaran mlh tidak ke pake terus buat apa di bawa ke dalem mlh di tinggal terus gendong davina tidak buat mademin kebakarannya lucu terikatjanjieps,sena udah bawa tabung pemadam kebakaran mlh tidak pake terus buat apa bawa dalem mlh tinggal terus gendong davina tidak buat mademin kebakarannya lucu terikatjanjieps,sena udah bawa tabung madam bakaran mlh tidak pake us buat apa bawa dalem mlh tinggal us gendong davina tidak buat mademin bakaran lucu ikatjanjieps
2042566628488184282,2026-04-12T14:41:44.000Z,0,@indepenSumatera Segitu banyaknya orang gak ada yg kritis dengan keadaan dan tangkas...di mana pemadam kebakaran,2043338786839646387,,indepenSumatera,in,,0,0,0,https://x.com/arythoms27/status/2043338786839646387,1398334479693803522,arythoms27,@indepenSumatera Segitu banyaknya orang gak ada yg kritis dengan keadaan dan tangkas...di mana pemadam kebakaran,segitu banyaknya orang gak ada yg kritis dengan keadaan dan tangkas di mana pemadam kebakaran,segitu banyaknya orang tidak ada yang kritis dengan keadaan dan tangkas di mana pemadam kebakaran,segitu banyaknya orang tidak ada kritis keadaan tangkas mana pemadam kebakaran,segitu banyak orang tidak ada kritis adaan tangkas mana madam bakaran
2044992920563204234,2026-04-17T08:15:54.000Z,0,"@nononnochi Iyaaa berdasarkan tokoh nyata, yg peran pemadam kebakaran juga samaa, no wonder kan dia banyak digaet buat project sama pemerintah, soalnya dia selalu ambil peran yg inspiring 🥹
Emang anjing itu si babi ini sedih banget liat karir Peien sekarang stuck gara² mereka 😭",2045053625131762042,,nononnochi,in,,0,1,0,https://x.com/delemonades/status/2045053625131762042,831130306111381504,delemonades,"@nononnochi Iyaaa berdasarkan tokoh nyata, yg peran pemadam kebakaran juga samaa, no wonder kan dia banyak digaet buat project sama pemerintah, soalnya dia selalu ambil peran yg inspiring 🥹
Emang anjing itu si babi ini sedih banget liat karir Peien sekarang stuck gara² mereka 😭",iyaaa berdasarkan tokoh nyata yg peran pemadam kebakaran juga samaa no wonder kan dia banyak digaet buat project sama pemerintah soalnya dia selalu ambil peran yg inspiring emang anjing itu si babi ini sedih banget liat karir peien sekarang stuck gara mereka,iyaaa berdasarkan tokoh nyata yang peran pemadam kebakaran juga samaa no wonder kan dia banyak digaet buat project sama pemerintah soalnya dia selalu ambil peran yang inspiring emang anjing itu si babi ini sedih banget liat karir peien sekarang stuck gara mereka,iyaaa berdasarkan tokoh nyata peran pemadam kebakaran samaa no wonder kan banyak digaet buat project sama pemerintah soalnya selalu ambil peran inspiring emang anjing si babi sedih banget liat karir peien sekarang stuck gara,iyaaa berdasar tokoh nyata ran madam bakaran samaa no wonder  banyak gaet buat project sama merintah soal selalu ambil ran inspiring emang anjing s bab sedih banget liat karir ien sekarang stuck gara
2038546472975970313,2026-03-30T09:18:48.000Z,2,"Kebakaran melanda sebuah pabrik helm di Kecamatan Rumpin, Kabupaten Bogor, pada Senin (30/3) pagi. Asap hitam terlihat membumbung dari lokasi saat api masih berkobar.

Petugas pemadam kebakaran telah dikerahkan untuk menangani kebakaran. Penyebab kejadian dan kemungkinan adanya https://t.co/n79qn8hJUm",2038546472975970313,https://pbs.twimg.com/amplify_video_thumb/2038546376318164992/img/HJatOfZNfmD1NcOA.jpg,,in,,0,0,1,https://x.com/antaranews/status/2038546472975970313,18071520,antaranews,"Kebakaran melanda sebuah pabrik helm di Kecamatan Rumpin, Kabupaten Bogor, pada Senin (30/3) pagi. Asap hitam terlihat membumbung dari lokasi saat api masih berkobar.

Petugas pemadam kebakaran telah dikerahkan untuk menangani kebakaran. Penyebab kejadian dan kemungkinan adanya https://t.co/n79qn8hJUm",kebakaran melanda sebuah pabrik helm di kecamatan rumpin kabupaten bogor pada senin pagi asap hitam terlihat membumbung dari lokasi saat api masih berkobar petugas pemadam kebakaran telah dikerahkan untuk menangani kebakaran penyebab kejadian dan kemungkinan adanya,kebakaran melanda sebuah pabrik helm di kecamatan rumpin kabupaten bogor pada senin pagi asap hitam terlihat membumbung dari lokasi saat api masih berkobar petugas pemadam kebakaran telah dikerahkan untuk menangani kebakaran penyebab kejadian dan kemungkinan adanya,kebakaran melanda pabrik helm kecamatan rumpin kabupaten bogor senin pagi asap hitam terlihat membumbung lokasi saat api masih berkobar petugas pemadam kebakaran telah dikerahkan menangani kebakaran penyebab kejadian kemungkinan adanya,bakaran landa pabrik helm camatan rumpin kabupaten bogor senin pag asap hitam lihat mbumbung lokas saat ap masih berkobar tugas madam bakaran te kerah nangan bakaran nyebab jadian mungkinan ada
2045091804715081983,2026-04-17T10:47:36.000Z,0,"Pelaku Begal Petugas Damkar di Gambir Ditangkap Polisi
Pelarian pelaku begal yang menyasar petugas pemadam kebakaran di Gambir akhirnya berakhir di sebuah kamar hotel.
#sahabatpropam #kriminal #viral #fyp #polripresisi https://t.co/TKc6MG9a27",2045091804715081983,https://pbs.twimg.com/ext_tw_video_thumb/2045091643670609920/pu/img/LhQ8HU7ZqcKCb1a5.jpg,,in,,0,0,0,https://x.com/sahabatpropamid/status/2045091804715081983,1969314201480151042,sahabatpropamid,"Pelaku Begal Petugas Damkar di Gambir Ditangkap Polisi
Pelarian pelaku begal yang menyasar petugas pemadam kebakaran di Gambir akhirnya berakhir di sebuah kamar hotel.
#sahabatpropam #kriminal #viral #fyp #polripresisi https://t.co/TKc6MG9a27",pelaku begal petugas damkar di gambir ditangkap polisi pelarian pelaku begal yang menyasar petugas pemadam kebakaran di gambir akhirnya berakhir di sebuah kamar hotel sahabatpropam kriminal viral fyp polripresisi,pelaku begal petugas damkar di gambir ditangkap polisi pelarian pelaku begal yang menyasar petugas pemadam kebakaran di gambir akhirnya berakhir di sebuah kamar hotel sahabatpropam kriminal viral fyp polripresisi,pelaku begal petugas damkar gambir ditangkap polisi pelarian pelaku begal menyasar petugas pemadam kebakaran gambir akhirnya berakhir kamar hotel sahabatpropam kriminal viral fyp polripresisi,la begal tugas damkar gambir tangkap polis larian la begal nyasar tugas madam bakaran gambir akhir berakhir kamar hotel sahabatpropam kriminal viral fyp polripresis
2042813476243148811,2026-04-11T03:54:21.000Z,0,"Pada Sabtu (11/4), sebuah gudang pabrik plastik di Jalan Peuris, Kecamatan Margaasih, Kabupaten Bandung, dilaporkan mengalami kebakaran. Peristiwa tersebut terjadi sekitar pukul 04.00 WIB, dan petugas pemadam kebakaran langsung melakukan penanganan serta pemadaman di lokasi. https://t.co/EKIbf5L28p",2042813476243148811,https://pbs.twimg.com/ext_tw_video_thumb/2042813395959975943/pu/img/4xMlhjP9jsaHFDnh.jpg,,in,,0,0,0,https://x.com/spiritsid_/status/2042813476243148811,2008437998288072705,spiritsid_,"Pada Sabtu (11/4), sebuah gudang pabrik plastik di Jalan Peuris, Kecamatan Margaasih, Kabupaten Bandung, dilaporkan mengalami kebakaran. Peristiwa tersebut terjadi sekitar pukul 04.00 WIB, dan petugas pemadam kebakaran langsung melakukan penanganan serta pemadaman di lokasi. https://t.co/EKIbf5L28p",pada sabtu sebuah gudang pabrik plastik di jalan peuris kecamatan margaasih kabupaten bandung dilaporkan mengalami kebakaran peristiwa tersebut terjadi sekitar pukul wib dan petugas pemadam kebakaran langsung melakukan penanganan serta pemadaman di lokasi,pada sabtu sebuah gudang pabrik plastik di jalan peuris kecamatan margaasih kabupaten bandung dilaporkan mengalami kebakaran peristiwa tersebut terjadi sekitar pukul wib dan petugas pemadam kebakaran langsung melakukan penanganan serta pemadaman di lokasi,sabtu gudang pabrik plastik jalan peuris kecamatan margaasih kabupaten bandung dilaporkan mengalami kebakaran peristiwa tersebut terjadi sekitar pukul wib petugas pemadam kebakaran langsung melakukan penanganan serta pemadaman lokasi,sabtu gudang pabrik plastik jalan uris camatan margaasih kabupaten bandung lapor ngalam bakaran ristiwa sebut jad sekitar pukul wib tugas madam bakaran langsung laku nanganan serta madaman lokas
2043852579030085725,2026-04-14T00:43:22.000Z,0,"ini hari selasa tapi kenapa semua orang jalan pagi, termasuk anak sekolah dan pemadam kebakaran????? jumat masih 3 hari lagi????",2043852579030085725,,,in,,0,0,0,https://x.com/nidnoot/status/2043852579030085725,1026010442466918400,nidnoot,"ini hari selasa tapi kenapa semua orang jalan pagi, termasuk anak sekolah dan pemadam kebakaran????? jumat masih 3 hari lagi????",ini hari selasa tapi kenapa semua orang jalan pagi termasuk anak sekolah dan pemadam kebakaran jumat masih hari lagi,ini hari selasa tapi kenapa semua orang jalan pagi termasuk anak sekolah dan pemadam kebakaran jumat masih hari lagi,hari selasa tapi kenapa semua orang jalan pagi termasuk anak sekolah pemadam kebakaran jumat masih hari lagi,har selasa tap napa semua orang jalan pag masuk anak seko madam bakaran jumat masih har lag
2044219030488400182,2026-04-15T14:20:42.000Z,3,"@FLJack_ @RadioElshinta Setuju bang, gue pernah ditolong pemadam dan mereka ga minta sepeserpun, bener profesional eh malah dibegal.. ini pemadam kebakaran lho maksudnya apa coba pake dibegal segala, klo pemadam mogok masuk malam klo lg ada kebakaran trus gmn? Emang org2 ini ga pny otak kalee ya",2044420656775962762,,FLJack_,in,,0,0,0,https://x.com/Mecix11/status/2044420656775962762,2043346577344143360,Mecix11,"@FLJack_ @RadioElshinta Setuju bang, gue pernah ditolong pemadam dan mereka ga minta sepeserpun, bener profesional eh malah dibegal.. ini pemadam kebakaran lho maksudnya apa coba pake dibegal segala, klo pemadam mogok masuk malam klo lg ada kebakaran trus gmn? Emang org2 ini ga pny otak kalee ya",setuju bang gue pernah ditolong pemadam dan mereka ga minta sepeserpun bener profesional eh malah dibegal ini pemadam kebakaran lho maksudnya apa coba pake dibegal segala klo pemadam mogok masuk malam klo lg ada kebakaran trus gmn emang org ini ga pny otak kalee ya,setuju bang saya pernah ditolong pemadam dan mereka tidak minta sepeserpun bener profesional eh malah dibegal ini pemadam kebakaran lho maksudnya apa coba pake dibegal segala klo pemadam mogok masuk malam klo lg ada kebakaran trus gmn emang org ini tidak pny otak kalee ya,setuju bang pernah ditolong pemadam tidak minta sepeserpun bener profesional eh malah dibegal pemadam kebakaran lho maksudnya apa coba pake dibegal segala klo pemadam mogok masuk malam klo lg ada kebakaran trus gmn emang org tidak pny otak kalee ya,setuju bang rnah tolong madam tidak minta sepeserpun bener profesional eh ma begal madam bakaran lho maksud apa coba pake begal segala klo madam mogok masuk malam klo lg ada bakaran trus gmn emang org tidak pny otak kalee ya
2044639146317414422,2026-04-16T09:13:44.000Z,1,"@empty__core 1. Pemadam kebakaran
2. Ambulance
3. Mobil Polisi
4. Mobil pimpinan Lembaga negara
5. Mobil pimpinan dan pejabat negara asing
6. Iring-iringan mobil jenazah
7. Konvoi atau untuk kepentingan tertentu
1001. Mobil MBG 🤣🤣🤣",2044705794944614527,,empty__core,in,,0,0,0,https://x.com/Firman_BGM/status/2044705794944614527,1974102377050615819,Firman_BGM,"@empty__core 1. Pemadam kebakaran
2. Ambulance
3. Mobil Polisi
4. Mobil pimpinan Lembaga negara
5. Mobil pimpinan dan pejabat negara asing
6. Iring-iringan mobil jenazah
7. Konvoi atau untuk kepentingan tertentu
1001. Mobil MBG 🤣🤣🤣",pemadam kebakaran ambulance mobil polisi mobil pimpinan lembaga negara mobil pimpinan dan pejabat negara asing iring iringan mobil jenazah konvoi atau untuk kepentingan tertentu mobil mbg,pemadam kebakaran ambulance mobil polisi mobil pimpinan lembaga negara mobil pimpinan dan pejabat negara asing iring iringan mobil jenazah konvoi atau untuk kepentingan tertentu mobil mbg,pemadam kebakaran ambulance mobil polisi mobil pimpinan lembaga negara mobil pimpinan pejabat negara asing iring iringan mobil jenazah konvoi kepentingan tertentu mobil mbg,madam bakaran ambulance mobil polis mobil pimpinan lembaga negara mobil pimpinan jabat negara asing iring iringan mobil jenazah konvo pentingan tentu mobil mbg
2043204396369203358,2026-04-12T08:58:37.000Z,2,"@Kanseulir Pemadam kebakaran dan ambulance kasih jalan, MBG dan Polisi suruh minggir banyak mudaratnya",2043252436568338483,,Kanseulir,in,,0,0,0,https://x.com/DjoeTwahyu/status/2043252436568338483,1231804969101119493,DjoeTwahyu,"@Kanseulir Pemadam kebakaran dan ambulance kasih jalan, MBG dan Polisi suruh minggir banyak mudaratnya",pemadam kebakaran dan ambulance kasih jalan mbg dan polisi suruh minggir banyak mudaratnya,pemadam kebakaran dan ambulance kasih jalan mbg dan polisi suruh minggir banyak mudaratnya,pemadam kebakaran ambulance kasih jalan mbg polisi suruh minggir banyak mudaratnya,madam bakaran ambulance kasih jalan mbg polis suruh minggir banyak mudarat
2043636541176885439,2026-04-13T15:37:14.000Z,0,@gus_pur11 @PaltiHutabarat Memantik api dan menghembuskannya itu mudah... Yang sulit adalah memadamkannya setelah besar. JK adalah pemadam yang paling depan. Waktu itu mereka dimana?,2043715142320554138,,gus_pur11,in,,0,0,0,https://x.com/HimawanEko1/status/2043715142320554138,1493105092471386114,HimawanEko1,@gus_pur11 @PaltiHutabarat Memantik api dan menghembuskannya itu mudah... Yang sulit adalah memadamkannya setelah besar. JK adalah pemadam yang paling depan. Waktu itu mereka dimana?,memantik api dan menghembuskannya itu mudah yang sulit adalah memadamkannya setelah besar jk adalah pemadam yang paling depan waktu itu mereka dimana,memantik api dan menghembuskannya itu mudah yang sulit adalah memadamkannya setelah besar jk adalah pemadam yang paling depan waktu itu mereka dimana,memantik api menghembuskannya mudah sulit memadamkannya setelah besar jk pemadam paling depan waktu dimana,mantik ap nghembus mudah sulit madam sete besar jk madam paling depan waktu mana
2043555204122263882,2026-04-13T11:23:44.000Z,57,"@Zeefire02 mending dr gia cosplay pemadam kebakaran
dr tirta cosplay batman dari pada cosplay polisi.",2043651344507248934,,Zeefire02,in,,0,1,0,https://x.com/rendrafrizal/status/2043651344507248934,1625480431415201794,rendrafrizal,"@Zeefire02 mending dr gia cosplay pemadam kebakaran
dr tirta cosplay batman dari pada cosplay polisi.",mending dr gia cosplay pemadam kebakaran dr tirta cosplay batman dari pada cosplay polisi,mending dr gia cosplay pemadam kebakaran dr tirta cosplay batman dari pada cosplay polisi,mending dr gia cosplay pemadam kebakaran dr tirta cosplay batman cosplay polisi,nding dr gia cosplay madam bakaran dr tirta cosplay batman cosplay polis
2043607763729940826,2026-04-13T08:35:41.000Z,0,"P25 (Project 25)
P25 dikembangkan khusus untuk komunikasi darurat seperti polisi, pemadam kebakaran, dan ambulans. Standar ini menawarkan interoperabilitas antar instansi yang berbeda sehingga semua layanan darurat bisa berkomunikasi lancar dalam satu jaringan.",2043609055349051473,,tzay07,in,,0,1,0,https://x.com/tzay07/status/2043609055349051473,239238360,tzay07,"P25 (Project 25)
P25 dikembangkan khusus untuk komunikasi darurat seperti polisi, pemadam kebakaran, dan ambulans. Standar ini menawarkan interoperabilitas antar instansi yang berbeda sehingga semua layanan darurat bisa berkomunikasi lancar dalam satu jaringan.",p project p dikembangkan khusus untuk komunikasi darurat seperti polisi pemadam kebakaran dan ambulans standar ini menawarkan interoperabilitas antar instansi yang berbeda sehingga semua layanan darurat bisa berkomunikasi lancar dalam satu jaringan,p project p dikembangkan khusus untuk komunikasi darurat seperti polisi pemadam kebakaran dan ambulans standar ini menawarkan interoperabilitas antar instansi yang berbeda sehingga semua layanan darurat bisa berkomunikasi lancar dalam satu jaringan,p project p dikembangkan khusus komunikasi darurat seperti polisi pemadam kebakaran ambulans standar menawarkan interoperabilitas antar instansi berbeda sehingga semua layanan darurat bisa berkomunikasi lancar satu jaringan,p project p kembang khusus komunikas darurat sepert polis madam bakaran ambulans standar nawar interoperabilitas antar instans berbeda sehingga semua layanan darurat bisa berkomunikas lancar satu jaringan
2045254537989247113,2026-04-17T21:34:16.000Z,0,"Jadilah seperti harum wewangian yang memberi orang lain keharuman,
jadilah nyala cahaya iman di tengah kegelapan.

Dr. Malik Habab as Sindi",2045254540145160688,,twitulama,in,,0,0,0,https://x.com/twitulama/status/2045254540145160688,454754806,twitulama,"Jadilah seperti harum wewangian yang memberi orang lain keharuman,
jadilah nyala cahaya iman di tengah kegelapan.

Dr. Malik Habab as Sindi",jadilah seperti harum wewangian yang memberi orang lain keharuman jadilah nyala cahaya iman di tengah kegelapan dr malik habab as sindi,jadilah seperti harum wewangian yang memberi orang lain keharuman jadilah nyala cahaya iman di tengah kegelapan dr malik habab as sindi,jadilah seperti harum wewangian memberi orang lain keharuman jadilah nyala cahaya iman tengah kegelapan dr malik habab as sindi,jad sepert harum wewangian mber orang lain haruman jad nyala cahaya iman tengah gelapan dr malik habab as sind
2042534749869346874,2026-04-10T09:26:47.000Z,0,"#KawanJaKita, ada loh relawan yang membantu petugas pemadam kebakaran (Damkar) menolong warga. Salah satunya Redkar alias Relawan Damkar.

Tak cuma bantu padamkan api, tapi juga aktivitas lain yang dibutuhkan warga seperti usir ular di pemukiman, menolong kucing masuk selokan, https://t.co/qJg20v6fLM",2042534749869346874,https://pbs.twimg.com/amplify_video_thumb/2042534649508040706/img/3uMDsh3_TkOhgXCp.jpg,,in,,0,1,0,https://x.com/majalahjakita/status/2042534749869346874,1349779426653818881,majalahjakita,"#KawanJaKita, ada loh relawan yang membantu petugas pemadam kebakaran (Damkar) menolong warga. Salah satunya Redkar alias Relawan Damkar.

Tak cuma bantu padamkan api, tapi juga aktivitas lain yang dibutuhkan warga seperti usir ular di pemukiman, menolong kucing masuk selokan, https://t.co/qJg20v6fLM",kawanjakita ada loh relawan yang membantu petugas pemadam kebakaran damkar menolong warga salah satunya redkar alias relawan damkar tak cuma bantu padamkan api tapi juga aktivitas lain yang dibutuhkan warga seperti usir ular di pemukiman menolong kucing masuk selokan,kawanjakita ada loh relawan yang membantu petugas pemadam kebakaran damkar menolong warga salah satunya redkar alias relawan damkar tak cuma bantu padamkan api tapi juga aktivitas lain yang dibutuhkan warga seperti usir ular di pemukiman menolong kucing masuk selokan,kawanjakita ada loh relawan membantu petugas pemadam kebakaran damkar menolong warga salah satunya redkar alias relawan damkar tak cuma bantu padamkan api tapi aktivitas lain dibutuhkan warga seperti usir ular pemukiman menolong kucing masuk selokan,kawanjakita ada loh relawan mbantu tugas madam bakaran damkar nolong warga sa satu redkar alias relawan damkar tak cuma bantu padam ap tap aktivitas lain butuh warga sepert usir ular mukiman nolong kucing masuk selo
2044639146317414422,2026-04-17T13:42:19.000Z,1,"@empty__core Nggak ada soalnya 
1. Ambulan bawa org sakit tapi korupsi miliaran dan tdk teeaentuhbhukum
2. Pemadam rumah mewah kebakaran milik pejabat korup
3. Polisi lagi pengawalan para pejabat korup.
4. Mbg walaupun gaji sopirnya minimalis tp pejabatnya korup",2045135772236550310,,empty__core,in,,0,0,0,https://x.com/Johnymbg/status/2045135772236550310,1996938032361148416,Johnymbg,"@empty__core Nggak ada soalnya 
1. Ambulan bawa org sakit tapi korupsi miliaran dan tdk teeaentuhbhukum
2. Pemadam rumah mewah kebakaran milik pejabat korup
3. Polisi lagi pengawalan para pejabat korup.
4. Mbg walaupun gaji sopirnya minimalis tp pejabatnya korup",nggak ada soalnya ambulan bawa org sakit tapi korupsi miliaran dan tdk teeaentuhbhukum pemadam rumah mewah kebakaran milik pejabat korup polisi lagi pengawalan para pejabat korup mbg walaupun gaji sopirnya minimalis tp pejabatnya korup,nggak ada soalnya ambulan bawa org sakit tapi korupsi miliaran dan tidak teeaentuhbhukum pemadam rumah mewah kebakaran milik pejabat korup polisi lagi pengawalan para pejabat korup mbg walaupun gaji sopirnya minimalis tapi pejabatnya korup,nggak ada soalnya ambulan bawa org sakit tapi korupsi miliaran tidak teeaentuhbhukum pemadam rumah mewah kebakaran milik pejabat korup polisi lagi pengawalan para pejabat korup mbg walaupun gaji sopirnya minimalis tapi pejabatnya korup,nggak ada soal ambulan bawa org sakit tap korups miliaran tidak teeaentuhbhukum madam rumah wah bakaran milik jabat korup polis lag ngawalan para jabat korup mbg walaupun gaj sopir minimalis tap jabat korup
2043927567745593443,2026-04-14T22:41:57.000Z,0,"@dappzr ᅠ
ᅠᅠ
ᅠ
ᅠ
ᅠ
Sabit esem terbit laksana rembulan malam ini di ranum sang gadis. Dengan tenang, ia berkata, “Lima belas detik lagi, tetangga deret tiga dekat rumahmu, kebakaran.”

ᅠᅠ
ᅠ
ᅠ
ᅠ",2044184413379146145,,dappzr,in,,0,1,0,https://x.com/SCARNARI0/status/2044184413379146145,1909762552663621633,SCARNARI0,"@dappzr ᅠ
ᅠᅠ
ᅠ
ᅠ
ᅠ
Sabit esem terbit laksana rembulan malam ini di ranum sang gadis. Dengan tenang, ia berkata, “Lima belas detik lagi, tetangga deret tiga dekat rumahmu, kebakaran.”

ᅠᅠ
ᅠ
ᅠ
ᅠ",sabit esem terbit laksana rembulan malam ini di ranum sang gadis dengan tenang ia berkata lima belas detik lagi tetangga deret tiga dekat rumahmu kebakaran,sabit esem terbit laksana rembulan malam ini di ranum sang gadis dengan tenang ia berkata lima belas detik lagi tetangga deret tiga dekat rumahmu kebakaran,sabit esem terbit laksana rembulan malam ranum sang gadis tenang ia berkata lima belas detik lagi tetangga deret tiga dekat rumahmu kebakaran,sabit esem bit laksana rembulan malam ranum sang gadis tenang ia berkata lima belas detik lag tetangga deret tiga dekat rumah bakaran
2045256806252057007,2026-04-17T21:43:16.000Z,0,"Kurangi Emisi Karbon, Pegawai PLN Nyepeda hingga Naik Molis ke Kantor https://t.co/s1t81TsyMG",2045256806252057007,,,in,,0,0,0,https://x.com/IDNTimesJateng/status/2045256806252057007,1318855369641263105,IDNTimesJateng,"Kurangi Emisi Karbon, Pegawai PLN Nyepeda hingga Naik Molis ke Kantor https://t.co/s1t81TsyMG",kurangi emisi karbon pegawai pln nyepeda hingga naik molis ke kantor,kurangi emisi karbon pegawai pln nyepeda hingga naik molis ke kantor,kurangi emisi karbon pegawai pln nyepeda hingga naik molis kantor,kurang emis karbon gawa pln nyepeda hingga naik molis kantor
2044247705653035228,2026-04-15T02:53:27.000Z,2,"09.51 Anggota Sat Lantas Jakarta Timur dibantu Petugas Pemadam Kebakaran melakukan penyemprotan / pembersihan tumpahan solar di tikungan dari Jl. MT. Haryono Cawang mengarah Jl. DI. Panjaitan Cipinang Cempedak.
Diimbau kepada masyarakat pengguna jalan untuk berhati-hati saat https://t.co/IMyBZjw5eT",2044247705653035228,https://pbs.twimg.com/media/HF6gR6ZasAI5bqb.jpg,,in,,0,0,0,https://x.com/TMCPoldaMetro/status/2044247705653035228,76647722,TMCPoldaMetro,"09.51 Anggota Sat Lantas Jakarta Timur dibantu Petugas Pemadam Kebakaran melakukan penyemprotan / pembersihan tumpahan solar di tikungan dari Jl. MT. Haryono Cawang mengarah Jl. DI. Panjaitan Cipinang Cempedak.
Diimbau kepada masyarakat pengguna jalan untuk berhati-hati saat https://t.co/IMyBZjw5eT",anggota sat lantas jakarta timur dibantu petugas pemadam kebakaran melakukan penyemprotan pembersihan tumpahan solar di tikungan dari jl mt haryono cawang mengarah jl di panjaitan cipinang cempedak diimbau kepada masyarakat pengguna jalan untuk berhati hati saat,anggota sat lantas jakarta timur dibantu petugas pemadam kebakaran melakukan penyemprotan pembersihan tumpahan solar di tikungan dari jl mt haryono cawang mengarah jl di panjaitan cipinang cempedak diimbau kepada masyarakat pengguna jalan untuk berhati hati saat,anggota sat lantas jakarta timur dibantu petugas pemadam kebakaran melakukan penyemprotan pembersihan tumpahan solar tikungan jl mt haryono cawang mengarah jl panjaitan cipinang cempedak diimbau kepada masyarakat pengguna jalan berhati hati saat,anggota sat lantas jakarta timur bantu tugas madam bakaran laku nyemprotan mbersihan tumpahan solar tikungan jl mt haryono cawang ngarah jl panjaitan cipinang cempedak imbau pada masyarakat ngguna jalan berhat hat saat
